PerigueuxChancelade,1,Un,omè,n'ovio,,què,dou,fi,,Lou,,pu,zoonè,dichè,,o,choun,paï,Ey,,teim,què,,diou,chayè,,moun,meytrè,,,,è,,què,diou,ayè,,,dè,l'erzein,,,Foou,què,diou,,pécè,m'ein,nona,,è,què,diou,vé-jè,,doou,podyi,,Pertoza,votrè,bè,è,douna-,mè,cho,què,diou,,dévè,odiey,,Ô,,moun,fi,,dichè,lou,paï,coumo,tu,voudra,,,Tu,ché,,,um,meychein,,,,,,è,tu,,chira,puni,,Opré,,,drubon,,,un,tirouair,,,éou,pertozé,,choun,bè,è,,n'ein,fogué,doua,pourchiou,,eïgola,,,
PerigueuxChâteaulÉvêque,1,Un,homé,n'avio,,què,dou,fi,,Lou,,pu,joonè,dissé,,o,soun,paï,Ey,,tèn,què,,you,sayè,,moun,meytrè,,,,et,,què,you,ayè,,,dè,l'arjèn,,,Fao,què,you,,pessè,m'èn,ana,,et,què,you,vézè,,dau,payi,,Partaja,votre,bè,et,dounna-,mè,ço,què,you,,dévè,ayé,-,Oui,,moun,fi,,dissè,lou,paï,coumma,tu,voudras,,,Tu,sé,,,ün,meysèn,,,,,,et,tu,,sira,puni,,Puis,,,üvron,,,ün,tiroir,,,éü,partojè,,soun,bè,et,,èn,foguè,doua,pourtiü,,eygola,,,
PerigueuxPerigueux,1,Un̈,homè,n'ovio,,què,dou,fis,,Lou,,pu,zoo͞unè,dissè,,o,soun,paÿ,Ey,,tein,què,,you,sio,,moun,meytrè,,,,è,,què,you,ayè,,,,l'erzein,,,Foo͞u,què,you,,péssè,m'ein,ona,,è,què,you,vézè,,doo͞u,poyi,,Pertoza,votrè,bè,è,douna-,mè,so,què,you,,dévè,ovey,-,O,,moun,fi,,dissè,lou,paÿ,coumo,tu,voudra,,,Tu,sé,,,un̈,meyshein,,,,,,è,tu,,sira,puni,,Pey,,,dubron,,,uno,tirèto,,,èo͞u,pertozè,,soun,bè,è,,n'ein,foguè,doua,pourcio͞u,,eygola,,,
PerigueuxCoulounieixChamiers,1,Un,omé,n'ovio,noumâa,,doue,fii,,Lu,,pue,zoouné,diché,,o,soun,paï,Ey,,tin,qué,,you,chio,,moun,méïtré,,,,et,,qué,you,ayo,,,dé,l'arzin,,,Foou,qué,you,,pêssé,m'in,onâa,,et,qué,you,vêzo,,doou,poyî,,Pertozâa,votré,bé,et,dounâa-,mé,cho,qué,,,dêvé,oveix,-,O,,moun,fii,,diché,lou,paï,coumo,tu,voudrâa,,,Tu,chèe,,,un,méïssin,,,,,,et,tu,,chirâa,puni,,Péïprès,,,drubi,,,uno,tiréto,,,,pertozé,,soun,bé,et,,n'in,fogué,douâa,pourchiou,,porièrâa,,,
PerigueuxTrelissac,1,Ün,ômé,n'ovio,,qué,doû,fir,,Lou,,pû,zoouné,dîché,,o,choun,paï,Ei,,tin,qué,,iou,chiaïé,,moun,méïtré,,,,é,,qué,iou,aïé,,,dé,l'erzin,,Eo,foou,qué,iou,,peûtso,m'in,onâ,,é,qué,iou,vèzo,,doou,poï,,Pertoza,votré,bé,é,dounâ-,mé,cho,qué,iou,,dêvé,ové,,O,,moun,fir,,dîché,lou,paï,coumo,tu,voudrâ,,,Tu,chéi,,,ün,méitsin,,,,,,è,tu,,chirâ,puni,,Opré,,,drubon,,,ün,tiroir,,,éo,pertozé,,choun,bé,é,,n'in,fogué,douâ,pourchiou,,poriérâ,,,
PerigueuxChampcevinel,1,N',hôme,n'ovio,,qué,dous,firs,,Lu,,pus,djôné,dissé,,à,soun,paï,Eï,,tin,qué,,,siâyé,,moun,méitré,,,,é,,qu',,âyé,,,dé,l'erdjin,,,Fôs,qué,,,petssé,mé,n'onâs,,é,qué,,vedjé,,doô,poïs,,Pertodjâs,vôtré,bé,é,dounâs-,mé,quo,qué,you,,dêvé,véï,-,Oui,,moun,fir,,ditssé,lou,paï,coumo,tu,voudrâs,,,Ti,sé,,,ün,méïtsen,,,,,,é,tu,,sirâs,puni,,Péï,,,drubin,,,no,tiréto,,,oô,pertadjé,,soun,bé,é,,nin,fogué,douas,pourtious,,éigalas,,,
PerigueuxMarsacsurlIsle,1,Un,hommè,n'ovio,,què,dou,fiï,,Lou,,pu,joôné,dichè,,ô,son,paï,''Eï,,tein,què,,,chio,,moun,mèïtrè,,,,è,,què,,ayè,,,de,l'arzin,,Eeû,foô,què,you,,peuchè,m'en,ôna,,è,què,you,végè,,d'êo,poyi,,Partogea,votrè,bè,è,douna,mè,jou,què,,,dévè,oyei,,Oui,,moun,fi,,dit,lou,paï,coumo,tu,voudras,,,Tu,ché,,,un,meychin,,,,,,et,tu,,chiras,puni'',,Puis,,,drubont,,,un,tiroir,,,èeû,pertozait,,choun,bè,è,,n'in,foguè,doua,pourciü,,eygaula,,,
SavignaclesÉglisesCornille,1,U n,hommmè,n'aya,nouma,,dous,firs,,Lou,,pu,jaoune,dichè,,ao,soun,paï,Ei,,tin,què,,you,chiao,,moün,méïtré,,,,è,,qué,you,aïo,,,dè,l'erzent,,,Fô,què,you,,peissô,m'in,ana,,è,què,you,vézô,,dao,païs,,Pertaoja,votrè,bè,è,dounna,mè,chao,què,you,,dève,aïè,-,Ô,,moun,fir,,dichè,lou,paï,Commao,tu,voudras,,,Tu,chè,,,ün,meïssin,,,,,,è,tu,,chiras,puni,,Peï près,,,drubit,,,unao,tirettao,,,éou,pertazei,,soun,bei,è,,nin,faguè,doua,porchious,,eïgalas,,,
SavignaclesÉglisesSorges,1,Unn,aumè,n'ovio,,què,dôu,fys,,Lu,,pu,zoounè,dychè,,o,choun,paï,Eï,,tim,què,,you,chio,,moun,mèïtrè,,,,è,,què,you,âyè,,,dè,l'èrzin,,,Foou,què,you,,péssè,mè,n'onâ,,è,què,you,veizè,,doou,poyi,,Pertozâ,vautrè,bè,è,dounâ,mè,cho,què,you,,deivè,oyèï,-,Au,,moun,fys,,dychè,soun,paï,coumo,tu,voudrâs,,,Tu,ché,,,unn,méïsson,,,,,,è,tu,,chirâs,puni,,Opré,,,druvè,,,unoo,tiroir,,,,pertozè,,soun,bè,è,,n'in,foguè,douâ,pèrs,,poriérâs,,,
SavignaclesÉglisesLeParnetbis,1,Hun,homé,n'ovio,,qué,doux,fis,,Lou,,pu,zaunné,diché,,o,choun,paï,Ei,,teim,qué,,you,chio,,moun,meïtré,,,,é,,qué,you,ayé,,,dé,l'ardzen,,Eo,faö,qué,you,,péçé,m'enn,anâ,,é,qué,you,vézo,,daou,poïs,,Pertoza,vôtré,bé,é,douna,mé,cho,qué,you,,dévé,oveï,-,O,,moun,fi,,diché,lou,paï,coumo,tu,voudras,,,Tu,ché,,,um,meïtsan,,,,,,é,tu,,chiras,puni,,Opré,,,drubont,,,uno,tiretto,,,éö,partozé,,choun,bé,é,,n'in,fogué,douas,parts,,eïgolas,,,
SavignaclesÉglisesLeParnet,1,Un,homé,n'ovio,,qué,dou,fis,,L'ou,,pu,jauné,dissait,,au,soun,paï,Eï,,temp,que,,io,chio,,moun,meïtre,,,,é,,qué,you,aye,,,dè,l'argen,,Eou,faou,qué,you,,pesso,m'én,anna,,et,qué,you,vezo,,d'oau,poyi,,Pertoza,votré,bé,é,dounas,mé,cho,qué,you,,dévé,ovei,,O,,moun,fis,,disset,lou,paï,coumo,tu,voudras,,,Tu,ses,,,un,meïtsan,,,,,,e,tu,,siras,puni,,Oprès,,,drubant,,,uno,tiretto,,,el,partazé,,soun,bé,et,,n'en,faguét,douas,parts,,eïgalas,,,
SavignaclesÉglisesCoulaures,1,Un,homè,n'ovio,noumà,,doux,fis,,Lou,,pû,zoounè,dichè,,o,choun,paï,Eï,,taim,què,,you,chio,,,mèïtrè,,,,et,,què,you,aïè,,,dè,l'arzain,,,Foou,què,you,,peüchè,m'ain,onnâ,,et,què,you,vézè,,doou,poyî,,Partozâ,votrè,bè,et,dounâ-,mè,cho,què,you,,dèvi,ovèï,-,O,,moun,fis,,dichè,lou,paï,coumo,tu,voudrâ,,,Tu,ché,,,un,mèïsson,,,,,,et,tu,,chirâ,puni,,Puis,,,drubont,,,un,tiroir,,,éou,partozè,,choun,bè,et,,n'ain,foguè,douâ,parts,,porièïras,,,
SavignaclesÉglisesSaintPantalydAns,1,Ün,hommei,n'oyo,nouma,,dous,fils,,Lou,,pu,zonei,dichei,,o,soun,paï,Ei,,teimps,quei,,you,chio,,moun,maîtrei,,,,et,,quei,you,ayo,,,dei,l'arzein,,,Fo,quei,you,,peusso,mein,ona,,et,quei,you,veizo,,do,poyi,,Partoza,votrei,bei,et,douna,mei,cho,quei,you,,dévi,oyei,-,Vo,,moun,fils,,dichei,lou,paï,coumo,tu,voudras,,,Tu,chés,,,un,meisson,,,,,,et,tu,,chiras,puni,,Préquo,,,drubi,,,ün,tiroir,,,éou,partozei,,soun,bei,et,,nein,foguei,douas,pourchious,,eigolas,,,
SavignaclesÉglisesSavignaclesÉglises,1,Un,omè,n'ovio,nouma,,dou,firs,,Lou,,pu,zoouné,diché,,o,choun,paï,Ei,,tin,qué,,iou,chio,,moun,méitrè,,,,è,,què,,ayo,,,dè,l'arzin,,,Foou,què,you,,pésso,min,ona,,èt,què,you,vézo,,doou,poyis,,Partoza,votré,bè,è,douna,mé,cho,què,you,,dè,ovéi,-,O,,moun,fir,,dichè,lou,paï,coumo,tu,voudras,,,Tu,ché,,,un,méisson,,,,,,è,tu,,chira,puni,,Pei opré,,,drubi,,,uno,tirèto,,,,partozè,,choun,bé,è,,nin,foguè,doua,pourchiöu,,poriéra,,,
SavignaclesÉglisesCubjac,1,Ün,omè,novio,nouma,,dou,fis,,Lou,,pu,zoounè,dissè,,o,soun,paï,Ey,,tèn,que,,,sio,,moun,meytrè,,,,è,,què,,äyè,,,dè,l'arzèn,,,Foou,què,,,péssè,mèn,ona,,è,què,,vézè,,doou,poyi,,Partoza,votrè,bè,è,douna,mè,so,què,,,dévè,ovey,-,O,,moun,fis,,dissè,lou,paï,coumo,,voudra,,,Sé,,,,ün,meysson,,,,,,è,,,sira,puni,,E,,,drubi,,,ün,tiroir,,,,partozè,,soun,bé,è,,nen,foguè,doua,poursiou,,éygola,,,
SavignaclesÉglisesSaintVincentsurlIsle,1,Un,hommé,n'ovio,,qué,dous,fils,,Lou,,pus,jaüné,disset,,à,soun,paï,Eï,,timps,,,,,,,,,,,,,qué,iou,ayo,,,dé,l'argeint,,,Faoü,qué,io,,peucho,m'en,onas,,et,qué,,véjo,,d'aü,poyi,,Partogeas,votré,bé,et,doünas,mé,ço,qué,,,dévé,oveï,-,O,,moun,fils,,disset,lou,paï,coumo,tu,voudras,,,Tu,sé,,,un,meïchont,,,,,,et,tu,,siras,puni,,Olors,,,drubit,,,ùn,tiroir,,,,partogét,,soun,bé,et,,n'in,foguet,doüas,pourtioüs,,eïgolas,,,
SavignaclesÉglisesSavignaclesÉglisesbis,1,Un,homè,novio,noumas,,dous,fis,,Lou,,pu,zoouné,diché,,o,choun,paï,Ei,,tin,què,,you,chio,,moun,méitré,,,,é,,qu',,aïo,,,dé,l'arzen,,,Foou,qué,,,peussè,min,ona,,è,què,,vézo,,doou,poïs,,Partozas,votrè,bé,è,douna,mè,cho,qué,,,dévé,oyéi,-,O,,moun,fi,,diché,lou,paï,coumo,tu,voudras,,,Tu,ché,,,un,méisson,,,,,,è,tu,,chiras,puni,,Opré,,,drubi,,,un,tiroir,,,,partozé,,choun,bé,é,,nin,fogué,doua,pourciou,,poriéra,,,
SavignaclesÉglisesLigueux,1,Un̈,hommé,n'oviot,,qué,doux,fis,,Lu,,pu,zoounet,dissait,,à,soun,paï,Ey,,tén,què,,you,siot,,moun,maÿtré,,,,et,,qué,you,ayé,,,dé,l'erzënt,,Co,faout,qué,you,,peussé,m'ën,onaï,,et,qué,you,vaÿsé,,d'aou,poyis,,Pertozas,votre,bé,et,dounas,mé,ço,qué,you,,dèvé,ovey,,Bien,,moun,fi,,dissait,lu,paï,coumo,tu,voudras,,,Tu,sé,,,un̈,meyssant,,,,,,et,tu,,siras,puni,,Puis,,,drubant,,,soun,tiroit,,,éou,pertozait,,soun,bé,et,,n'én,foyait,doua,poursioü,,eygolas,,,
SavignaclesÉglisesAntonneetTrigonant,1,U-n',homé,n'oyo,noumâ,,dôu,droléï,,Lou,,pu,dzoouné,diché,,à,choun,paï,Eï,,tin,qué,,you,chio,,moun,méïtré,,,,et,,qué,you,ayo,,,dé,l'erdzin,,,foou,qué,you,,peutso,m'in,onâ,,et,qué,,vedzo,,doou,paï,,Pertodzâ,vôtré,bé,et,dounâ,mé,cho,qué,you,,dévé,ovéï,-,Ô,,moun,drolé,,diché,lou,paï,coumo,tu,vourâ,,,tu,ché,,,un̈,méïtsin,,,,,,et,tu,,chirâ,puni,,Opré,,,drubi,,,uno,tiréto,,,éou,pertodzé,,choun,bé,et,,n'in,fogué,douâ,par,,poriérâ,,,
SavignaclesÉglisesNegrondes,1,Unn,ômé,n'ovio,,qué,doû,fî,,Lu,,pu,zöouné,diché,,o,soun,paï,Eï,,tem,qué,,you,chio,,moun,méïtré,,,,é,,qué,,yayé,,,dé,l'ergen,,Öou,föou,qué,you,,pessé,m'en,nona,,é,qué,you,véjé,,döou,poï,,Pertoza,votré,bé,é,dounâ-,mé,cho,qué,you,,dévé,ovéï,-,Vouï,,moun,fî,,diché,lu,paï,coumo,tu,voudrâ,,,Tu,ché,,,unn,méïchant,,,,,,é,tu,,chirà,puni,,Pui,,,drubi,,,uno,tiretto,,,é öou,pertozé,,soun,bé,é,,n'en,fogué,douâ,pourchïou,,éïgolâ,,,
SavignaclesÉglisesSarliacsurlIsle,1,Un,homé,n'ovio,,qué,dous,fils,,Lou,,pu,jôouné,dissé,,ou,soun,paï,Ey,,temps,qué,,you,sio,,moun,méïtré,,,,è,,què,you,ayè,,,dé,l'erzent,,,Fòou,què,you,,peussè,m'en,ona,,è,què,you,véjè,,dôou,poys,,Pertoza-,votré,bé,è,douna-,mé,çou,qué,you,,dévè,ovéï,-,O,,moun,fils,,dissé,lou,paï,coumo,tu,voudras,,,Tu,sé,,,un,meychen,,,,,,è,tu,,siras,puni,,Puis,,,drubon,,,tun,tiroir,,,éou,pertozè,,soun,bé,è,,n'en,foguè,douas,pourtious,,égolas,,,
SavignaclesÉglisesLeChange,1,Un,aumè,n'ovio,,què,dou,fich,,Lou,,pu,zoönè,dichè,,o,choun,paï,Èï,,tem,què,,you,chio,,moun,mèïtrè,,,,è,,què,you,ayo,,,dè,l'arzen,,,Foöu,què,you,,peuço,mè,nona,,è,què,you,vézo,,doöu,poÿ,,Partoza,vautrè,bè,è,douna-,mè,cho,què,you,,dévè,oyèï,-,Au,,moun,fich,,dichè,lou,paï,coumo,tu,voudra,,,Tu,ché,,,un,méïcen,,,,,,è,tu,,chira,puni,,Pui,,,drubon,,,un,tiroir,,,éöu,partozè,,choun,bè,è,,n'en,foguè,doua,pourchiöu,,éïgola,,,
SavignaclesÉglisesMayac,1,Ün,homè,n'oyio,mâ,,doû,fir,,Lou,,pu,zoounè,dichè,,o,choun,paï,Eï,,tèn,què,,,chio,,,meïtrè,dè you,,,è,,qu',,âyo,,,dè,l'arzèn,,,Foou,què,,,pèço,m'èn,ona,,è,què,,vézo,,doou,poyî,,Partoza,votrè,bè,è,douna,mè,cho,què,n'èn,,dévè,oyieï,,Obè,,moun,drôlè,coumo vourâ,dichè,lou,paï,,,,,,,Ché,,,ün,maloounétè,,,,,,è,,n'èn,chirâ,puni,,Oléïdoun,,,drubi,,,uno,tiretto,,,,partozè,,choun,arzèn,è,,n'en,fogué,douâ,pâr,,poriérâ,,,
ExcideuilSaintJorylasBloux,1,In,hommé,n'aïe,,qué,dou,fis,,Lou,,pu,juiné,dit,,à,soum,paeix,Aeix,,tin,qué,,you,sazo,,mon,meixtré,,,,et,,qu',,aïe,,,de,l'arzin,,,faou,qué,aïe,,poudé,min,alla,,et,qué,aïé,vige,,dou,païe,,Partaza,votreix,bé,et,douna,meix,so,qué,deix,,dévi,aneix,,O,,mon,fi,,dit,son,paeix,coume,tu,voudras,,,tu,sais,,,in,meissant,,,,,,et,tu,,seras,puni,,Pouïs,,,dourbant,,,la,tiretto,,naueix,,partaza,,son,bé,et,,nin,fagué,doua,pourtious,,pariéiros,,,
ExcideuilSaintMartialdAlbarede,1,Un,homé,n'ovio,ma,,dou,fils,,Lou,,pu,tzoïné,dissé,,o,soun,paï,Eï,,tén,qué,,you,sio,,moun,meïtré,,,,et,,qué,,ayi,,,dé,l'arzzén,,,Foou,qué,,,pezzi,m'en,ona,,et,qué,,vézzi,,déou,poyi,,Portozza,votré,bé,et,douna-,mé,ço,qué,,,dévi,oyéï,-,O,,moun,fils,,dissé,lou,paï,coumo,tu,voudra,,,Sé,,,,un,meïzzon,,,,,,et,,,sira,puni,,Opré co,,,drubi,,,un,tiroir,,,,portozzé,,soun,bé,et,,n'én,fogué,doi,pourciou,,poriéra,,,
ExcideuilPreyssacdExcideuil,1,Un',hômè,n'ovio,nouma,,dous,firs,,Lou,,pû,zoounè,dichè,,o,choun,paï,Eï,,tén,què,,diou,chaïè,,moun,mèïtrè,,,,et,,què,diou,aïè,,,dè,l'arzén,,Oou,foou,què,diou,,peussè,m'én,onâ,,et,què,diou,véjè,,doou,poï,,Partozâ,vôtrè,bè,et,dounâ-,mè,cho,què,diou,,dèvi,ovèï,,Oui,,moun,fir,,dichè,lou,paï,coumo,tu,voudrâ,,,Tu,ché,,,ün,méïsson,,,,,,et,tu,,chirâ,puni,,Oprès quo,,,drubont,,,ün,tiroir,,,éou,partozè,,choun,bè,et,,n'én,foguè,douas,pourchéous,,èïgolas,,,
ExcideuilSaintGermaindesPres,1,Ün,homé,n'ovio,,qué,doux,fils,,Lou,,pu,jonei,dissé,,o,soun,païs,Vo ei,,teimps,qué,,diou,sio,,moun,meytré,,,,et,,qué,diou,adié,,,dei,l'argein,,Vex,fos,qué,diou,,peussé,main,ona,,et,qué,diou,vaijé,,daus,poys,,Partogea,vautrai,beis,et,dounas-,meis,ço,qué,diou,,daivès,oveis,,Os,,moun,drôlé,,dissé,lou,païs,coumo,tu,voudras,,,Tu,sé,,,un,maichon,,,,,,et,tu,,sira,puni,,Apréquo,,,drubon,,,un,tiroir,,vex,,partogei,,soun,beis,et,,nain,foguei,douas,pourcis,,eigolas,,,
ExcideuilSaintMesmin,1,Un,homé,n'avio,noumas,,dous,fils,,Lou,,pus,zooüné,disset,,à,soun,paï,Eï,,teimps,qué,,you,sios,,moun,meïtré,,,et qu'ayé dé l'arzein Faoû qué you peusso m'ein ana et qué you vejo dooü païs Eï teimps qué you sios moun meïtré,et,,qu',,ayé,,,dé,l'arzein,,,Faoû,qué,you,,peusso,m'ein,ana,,et,qué,you,véjo,,dooü,païs,,Partazas,votré,bé,et,dounas-,mé,sa,qué,you,,devis,aveï,-,Oui,,moun,fils,,dissut,lou,paï,coumo,tu,voudras,,,Tu,sés,,,un,meïssan,,,,,,et,su,,siras,puni,,après,,,drubant,,,uno,tiréto,,,eü,partazé,,soun,bé,et,,n'ein,faguet,duouas,poursiüs,,eïgalas,,,
ExcideuilSaintPantalydExcideuil,1,Un,homé,n'ovio,,qué,dou,fils,,Lou,,pu,jauné,dissé,,au,soun,paï,Aï,,temps,qué,,iou,sio,,moun,maîtré,,,,et,,qué,iou,ayé,,,dé,l'orgent,,,faût,qué,,,peusso,m'en,ona,,et,qué,,veizo,,deoû,poï,,Portoza,votré,bé,et,douna,mé,so,qué,iou,,débé,ovey,,Au,,moun,fils,,dit,lou,paï,coumo,tu,voudras,,,,Sés,,,un,meichant,,,,,,et,tu,,siras,puni,,Puis,le,paï,dubrit,,,uno,tiretto,,,et,portozé,,soun,bé,et,,n'en,foguet,doua,parts,,poriéras,,,
ExcideuilGenis,1,Un,homè,n'adio,ma,,dou,fiss,,Lou,,pu,zaonè,dissè,,ô,soun,paï,Ei,,tin,què,,iou,chio,,,meïtrè,,,,è,,qu',,aïe,,,dè,l'arzin,,,Sao,què,iou,,peutsè,mè,nôna,,è,què,,vedzô,,dô,poyi,,Partoza,votrè,bè,è,douna-,mè,cho,què,mè,,,rèvè,,Vô,,moun,fiss,,dichè,lou,paï,coumô,tu,voudras,,,Tu,ché,,,un,meitchon,,,,,,è,tu,,chiras,puni,,Aleidoun,lou,paï,drubiguè,,,choun,tiroir,,,è,partôzè,,choun,bè,è,,nin,fôguè,douas,parts,,eiguôlas,,,
ExcideuilExcideuil,1,Un,homé,n'ovio,,qué,doux,fis,,Lou,,pus,joüné,dissé,,o,soun,paï,Ey,,ten,qué,,,siayé,,moun,meïtré,,,,et,,qu',,ayé,,,de,l'arzen,,,Foü,qué,,,peuchi,m'en,onas,,et,qué,,veyé,,doü,paÿs,,Partozas,votré,bé,et,dounas,mé,ço,que,,,dévi,oveï,-,O plo,,moun,fis,,dissé,lou,paï,coumo,tu,voudras,,,Tu,sés,,,un,meichon,,,,,,et,tu,,siras,puni,,Oprès quò,,,drubi,,,so,tiretto,,,,portozé,,soun,bé,et,,n'en,fogué,douas,pourtioüs,,poriéras,,,
ExcideuilExcideuilbis,1,Un,ôme,n'oio,mas,,dous,firs,,Lou,,pus,joùne,disset,,ò,soun,pai,Ei,,tems,que,,iou,sio,,moun,meitre,,,,et,,qu',,aie,,,de,l'argen,,,Foùt,que,,,peusse,m'en,onâ,,et,que,,vèse,,doù,poïs,,Partojas,votre,be,et,boillas-,me,ço,que,,,dèvi,oiei,-,Ô,,moun,fir,,se disset,lou,paï,coumo,,voudras,,,Tu,sès,,,un,meichont,,,,,,et,tu,,siras,puni,,Oprès co en,,,drubi,,,uno,tiretto,,,eù,partojet,,soun,be,et,,n'en,foguet,douas,parts,,parièras,,,
SaintPierredeChignacMilhacdAuberoche,1,Un,hommé,n'ovio,nouma,,dou,fils,,Lou,,pu,zoôuné,diché,,o,soun,paï,Eï,,ten,qué,,,sio,,moun,meïtré,,,,et,,qu',,aïo,,,dé,l'artzen,,,Foôu,qué,,,petso,m'en,ona,,et,qué,,vetso,,déou,poï,,Portotza,votré,bé,et,douna,mé,cho,qué,,,dévé,oveï,-,O,,moun,fils,,diché,lou,paï,coumo,tu,voudras,,,,Ché,,,un,meïtson,,,,,,et,tu,,chiras,puni,,Puis,,,drubi,,,cho,tiréto,,,,portotzé,,soun,bé,et,,n'en,fogué,doua,pourchioûs,,eïgolas,,,
SaintPierredeChignacSaintPierredeChignac,1,Ün,homé,n'ovio,,qué,dous,droleïs,,Lou,,pù,dzoouné,dissé,,o,soun,paï,Ey,,tèmps,qué,,you,sio,,moün,meytré,,,,et,,qu',,ayo,,,dè,l'ardzent,,,Foou,qué,you,,petso,m'èn,ona,,et,qué,,vedzo,,doou,pays,,Partodza,vôtré,bé,et,dounà,mè,tso,qué,,,dévé,ovay,-,O,,moun,drôlé,,ditsé,lou,paï,coumo,tu,voudras,,,Tu,tsé,,,ün,meïtson,,,,,,et,tu,,tsiras,puni,,Puis,,,drubont,,,tso,tiretto,,,,partodzé,,soün,bé,et,,,fogué,douas,pourtious,,eïgolas,,,
SaintPierredeChignacEyliac,1,Un,homè,n'ovio,nouma,,dous,firs,,Lou,,pu,joonè,dissè,,o,soun,paï,Ei,,tein,què,,you,sio,,moun,meytrè,,,,è,,què,,ayo,,,dè,l'erzeint,,Eou,foo,què,you,,pesso,m'ein,ona,,è,què,you,véso,,doo,poiïs,,Pertoza,votrè,bè,è,bolia-,mè,cho,què,you,,dévè,ovéï,-,O,,moun,fir,,dissè,lou,paï,coumo,tu,voudras,,,Tu,sé,,,un,méïchont,,,,,,è,tu,,siras,puni,,Oprès,,,drubont,,,un,tirouer,,,eou,pertozè,,soun,bè,è,,n'ein,foguè,douas,poursio,,poriéras,,,
SaintPierredeChignacSaintGeyrac,1,Ün,hômé,n'oviot,noumâ,,dous,fils,,Lou,,pu,jouiné,disset,,o,soun,paÿ,Ey,,temps,qué,,,sio,,moun,meÿtré,,,,et,,qu',,ayo,,,dé,l'argent,,,Foou,qué,,,peuché,m'en,ona,,et,qué,,vézo,,d'oou,poï,,Partogeas,vôtré,bé,et,dounas-,mé,ço,qué,,,dévy,ovey,-,Ô,,moun,fils,,disset,lou,paÿ,coumo,tu,voudras,,,,Ses,,,ün,meÿchen,,,,,,et,,,siras,puni,,Opey,,,drubi,,,so,tiréto,,,,partogé,,soun,bé,et,,n'en,foguet,douas,pourtious,,eygalas,,,
SaintPierredeChignacBassillac,1,Uun,homè,n'ovio,nouma,,doux,fïrs,,Lou,,pu,zoounè,dichè,,o,choun,paï,ey,,tin,què,,iou,chio,,moun,meytrè,,,,et,,què,,aïo,,,dè,l'erzint,,,foou,què,iou,,peusso,m'in,ona,,et,què,iou,vézo,,doou,poï,,Pertoza,votrè,bè,et,douna,mè,cho,què,iou,,dévè,diovey,,O,,moun,fir,,dichè,lou,paï,coumo,tu,vourras,,,Tu,ché,,,uun,meyssin,,,,,,et,tu,,chiras,puni,,Oprés,,,drubont,,,uno,tirèto,,,,pertozé,,choun,bè,è,,n'in,foguè,douà,perts,,eygolas,,,
SaintPierredeChignacSainteMariedeChignac,1,Un,homé,n'ovio,nouma,,doû,fis,,Lou,,pu,zoouné,diché,,o,choun,pay,Ey,,ten,qué,,,chio,,moun,meytré,,,,et,,qué,,ayo,,,dé,l'erzen,,,Foou,qué,,,peusso,m'en,ona,,et,qué,,vézo,,doou,poyi,,Pertoza,votré,bé,et,douna,mé,cho,qué,you,,devè,ovey,-,O,,moun,fis,,diché,lou,pay,coumo,,voudra,,,,Ché,,,un,meissen,,,,,,et,,,chira,puni,,Opré co,,,drubon,,,un,tiroir,,,,pertozé,,choun,bé,et,,nen,fogué,doua,pourtiou,,eygola,,,
SaintPierredeChignacBlisetBorn,1,ün,hommè,n'ovio,,què,dous,fils,,Lou,,pu,zoaûnè,dichè,,ô,choun,paï,Eï,,teimps,què,,you,chio,,moun,meïntrè,,,,ai,,què,,ayo,,,dè,l'arzein,,,Foaû,què,you,,péssè,m'ein,ona,,ai,què,you,véjè,,dôou,poys,,Partoza,vôtro,fourtuno,ai,douna,mè,cho,què,you,,débè,oveï,-,Oui,,moun,fils,,dîchè,lou,paï,coumo,tu,voudras,,,Tu,chés,,,un,meïssin,,,,,,ai,tu,,chîras,puni,,Puis,,,drubont,,,ün,tiroir,,,eû,partôzé,,cho,fourtuno,ai,,n'in,foguè,douas,pourchious,,eïgolas,,,
SaintPierredeChignacSaintLaurentsurManoire,1,Un,homé,n'ovio,nouma,,dou,fis,,Lou,,pu,zoouné,diché,,au,choun,paï,Ey,,tin,qué,,iou,chio,,moun,meytré,,,,et,,qué,iou,ayé,,,dé,l'erzen,,Eou,foou,qué,iou,,peusso,mén,ona,,et,qué,iou,vézo,,déou,poys,,Pertoza,votré,bé,et,douna,mé,cho,qué,io,,dézé,ovey,-,O,,moun,fis,,diché,lou,paï,coumo,tu,voudras,,,Tu,ché,,,un,meyssin,,,,,,et,tu,,siras,puni,,Opré,,,drubié,,,un,tiroir,,,et,pertozé,,choun,bé,et,,n'in,fogué,doua,poursiou,,eygola,,,
SaintPierredeChignacAtur,1,Ün,hômmé,n'ovio,noumâ,,dous,fils,,Lou,,pûs,jooüné,dissé,,o,soun,paÿ,Ey,,tén,qué,,diou,siadié,,moun,meytré,,,,et,,qu',,adié,,,dé,l'argent,,,Fooü,qué,diou,,peuché,m'en,onâ,,et,qué,,véjé,,dooü,poï,,Partogeâs,notré,bé,et,dounâ,mé,ço,qué,,,dêvé,ovey,-,Ô,,moun,fils,,dîssé,lou,paÿ,coumo,tu,voudrâ,,,Tu,sê,,,un̈,meychent,,,,,,et,tu,,sirâs,puni,,,Lou,paÿ,drubi,,,soun,tiroir,,,et,partojé,,soun,bé,,,n'én,fogué,douâ,poursioü,,eygolâs,,,
SaintPierredeChignacNotreDamedeSanilhac,1,Un̈,hommé,n'avio,nouma,,doux,fils,,Lou,,pus,joouné,dissé,,à,soun,paï,ey,,témps,qué,,,siò,,moun,méïtré,,,,et,,qué,,ayo,,,dé,l'argént,,,foou,qué,,,pêchò,m'én,ana,,et,qué,,véjo,,dóou,pays,,Partagea,votré,bé,et,douna,mé,cé,qué,you,,dêvé,avéï,-,O,,moun,fils,,dissé,lou,paï,coumo,tu,voudrâs,,,Tu,sé,,,un̈,méïchént,,,,,,et,tu,,siras,puni,,Péï,,,drubént,,,un̈,tiroir,,,éou,partagé,,soun,bé,et,,n'én,fagué,douas,pourtious,,éïgalas,,,
SaintPierredeChignacLaDouze,1,ün,omè,n'ovio,,què,dous,fiss,,Lou,,pu,jouinè,dissè,,o,soun,paï,Ey,,tin,que,,iou,sio,,moun,méïtrè,,,,è,,què,iou,agè,,,dè,l'argin,,,Faou,què,iou,,péchi,min,ona,,et,què,iou,vègi,,daou,poï,,Partogea,votrè,bè,et,douna,mè,ço,què,,,dèvi,ovey,,O,,moun,fiss,,dissè,lou,paï,coumo,tu,voudra,,,Tu,sé,,,ün,méïchon,,,,,,et,tu,,sira,puni,,Opré,,,drubon,,,soun,tiroir,,,éou,partogeon,,soun,bè,et,,nén,foguè,douas,pourtious,,éïgolas,,,
SaintPierredeChignacBoulazac,1,Un,homé,n'ovio,n'oumas,,dou,fî,,Lou,,pu,joné,dissé,,o,soun,pâé,Ei,,timps,qué,,you,sayé,,moun,meitré,,,,é,,qué,you,ayé,,,dé,l'ergent,,,Fôu,qué,you,,pesso,m'en,ona,,é,qué,you,vésé,,dòu,pòys,,Pertogeas,vôtré,bé,é,dounas-,mé,ço,qué,you,,dévés,oyê,-,O,,moun,fîs,,dissé,lou,pâi,commo,tu,voudras,,,Tu,seys,,,un,meychein,,,,,,é,tu,,siras,puni,,Après,,,drubon,,,uno,tiretto,,,,pertogé,,soun,bé,é,,n'en,foyié,doua,pourceus,,eygolas,,,
VergtLacropte,1,Un,homé,n'ovio,nouma,,dou,fir,,Lou,,pu,dzoueïné,dissé,,o,soun,paï,Eï,,tén,qué,,iou,siatsé,,moun,méïtré,,,,é,,qué,,iadzé,,,dé,l'ardzén,,,Foou,qué,,,pétsi,m'én,ona,,é,qué,io,védzé,,doou,poï,,Partodza,votré,bé,é,douna,mé,ço,qué,,,dévi,ovéï,-,Oui,,moun,fir,,dissé,lou,paï,coumo,tu,voudra,,,Tu,sé,,,ün,méïtson,,,,,,é,tu,,sira,puni,,Opré,,,drubén,,,uno,tiretto,,,o,partodzé,,soun,bé,é,,n'en,fogué,doua,poursiou,,poriéra,,,
VergtCreyssensacetPissot,1,Oun,hômmé,n'oviot,,qué,dous,fils,,lou,,pu,tzoouné,dishait,,au,shoun,paï,Ey,,temp,que,,,chagui,,moun,meïtré,,,,et,,qué,,atzi,,,dé,l'ertzent,,,Faou,qué,,,pétsi,mé,nona,,et,qué,,vetzi,,doou,poguy,,Pertotza,vôtré,bè,et,douna-,me,cho,qué,,,divi,ovéi,-,Ouo,,moun,fils,,dishait,lou,paï,coumô,tu,voudras,,,Tu,shais,,,ün,meytshont,,,,,,,,,,,,Pey,,,drubiguait,,,uno,tiretto,,,,pertotzait,,shoun,bè,et,,n'en,foguait,doua,pourchious,,eïgolas,,,
VergtSaintMicheldeVilladeix,1,Un,hommé,n'ovio,,qué,d'ous,fils,,L'où,,pu,joïné,diguet,,o,soun,paï,Ei,,tem,qué,,iou,siasqui,,moun,mestré,,,,et,,qué,,adji,,,dé,l'artgèn,,,Faoù,qué,iou,,pesqui,mé,nona,,et,qué,,vedzi,,del,poï,,Portogea,vostré,bé,et,douna,mé,ço,qué,,,dévi,ovei,,Ouô,,moun,fils,,diset,l'où,paï,coumô,tu,voudras,,,Tu,sès,,,un,meichant,,,,,,et,tu,,siras,puni,,Olors,,,drubèn,,,une,tirette,,,el,portogé,,soun,bé,et,,né,foguet,douas,parts,,poriéras,,,
VergtSaintAmanddeVergt,1,Un,ômmé,n'avio,,qué,dou,fil,,Lou,,pu,jouïné,digait,,à,soun,paï,Ey,,tén,qué,,,siachi,,mon,mestré,,,,et,,qué,,âji,,,dé,l'argent,,,Faul,qué,,,pèchi,m'én,ana,,et,qué,,véji,,dél,pogui,,Portaja,vostré,bé,et,douna-,mé,ço,qué,,,dévi,ovéï,-,Ouô,,moun,fil,,diguait,lou,paï,coumo,,vourla,,,,Sé,,,un,meychon,,,,,,é,tu,,sira,puni,,Oprès,,,drubigai,,,só,tirétto,,,,portogé,,soun,bé,ét,,n'en,fogai,doua,parts,,eygola,,,
VergtSaintMaimedePereyrol,1,Un,hômé,n'avio,noumâ,,doù,fils,,Lou,,pu,joïné,dissè,,o,soun,paï,Eï,,temps,qué,,,sié,,moun,méïtré,,,,é,,qu',,ayé,,,dé,l'argént,,,Foou,qué,,,pêché,m'en,onâ,,et,qué,,véjé,,doou,payîs,,Partogea,votré,bé,et,dounâ,mé,ço,qué,,,dévé,aveï,,Ouö,,moun,fils,,dissé,lou,paï,coumo,tu,voûdras,,,,cê,,,un,méïchont,,,,,,et,tu,,sirâs,puni,,Ensuito,,,drubigué,,,un,tiroir,,,éou,partagè,,soun,bé,et,,n'en,faguè,douâ,pourciôus,,éïgolâs,,,
VergtVeyrinesdeVergt,1,Un,homé,n'ovio,,qué,doù,fil,,Lou,,pu,soïné,diguet,,au,soun,paï,Ey,,tin,qué,,,siasqui,,moun,maistre,,,,et,,qu',,atsi,,,dé,l'ortsin,,,Fol,qué,,,pesqui,m'in,ona,,et,qué,,vetzi,,del,poï,,Portetsa,vostré,bé,et,douna,mé,ço,qué,,,dêvi,oveï,,O,,moun,fil,,diguet,lou,paï,coumo,tu,voudra,,,Tu,chè,,,un,méisson,,,,,,et,tu,,sira,puni,,Insuito in,,,drubi,,,un,tiroir,,,,portetget,,soun,bé,et,,n'in,faguet,doua,poursiou,,éygola,,,
VergtÉgliseNeuvedeVergt,1,Un,hommé,n'avia,,qué,doux,firs,,Lou,,pu,joyné,diché,,à,soun,pay,Ey,,temps,qué,,,chia,,moun,maytré,,,,et,,qué,you,ayé,,,de,l'arjent,,,Fau,qué,,,pécé,m'en,ana,,et,qué,you,végé,,d'au,paï,,Pertaja,vôtré,bé,et,douna,mé,cha,qué,you,,dévé,aveï,-,Oua,,moun,fir,,diché,lou,pay,couma,tu,voudras,,,Tu,ché,,,un,meycent,,,,,,et,tu,,chiras,puni,,Après,,,druban,,,une,tirette,,,eou,pertajé,,soun,bé,et,,n'en,fagué,doua,part,,égala,,,
VergtVergt,1,Ün,hommé,n'ovio,,qué,dous,fisch,,Lou,,pu,zouéïné,diché,,o,soun,paï,Éï,,timps,qué,,you,chio,,moun,méïtré,,,,et,,qué,,aïé,,,dé,l'ardzeint,,,Foout,qué,you,,pêtcé,m'in,onâ,,et,qué,,vêjé,,doou,poï,,Partodzâs,vôtré,bé,et,dounâs-,mé,cho,qué,,,dêvé,ovéï,-,O,,moun,fisch,,dîché,lou,paï,coumo,tu,voudrâs,,,Tu,chê,,,ün,méïtçont,,,,,,et,tu,,chirâs,puni,,Et,,,drubont,,,ün,tiroir,,,,partodzé,,soun,bé,et,,n'in,fogué,douâs,pourcïous,,éigolas,,,
VergtFouleix,1,Un,ômé,n'ovio,,qué,dou,fils,,Lou,,pu,joueiné,digué,,o,soun,paï,Ey,,tein,qué,,,saïsqué,,moun,maîstré,,,,et,,qué,,ayé,,,de,l'orgint,,,Fol,qué,,,peyssé,m'in,onna,,et,qué,,végué,,del,païs,,Portogea,vostré,bé,et,douna,mé,ço,qué,,,dév,ovey,-,Ouo,,moun,fils,,digué,lou,paï,coumo,tu,voudras,,,Tu,sé,,,un,méissant,,,,,,et,,,séras,puni,,Puis,,,druvant,,,un,tiroir,,,éou,portogé,,soun,bé,et,,n'in,fogué,doua,poursiou,,pariéros,,,
VergtChalagnac,1,Un,hommé,n'avio,,qué,dous,fis,,Lou,,pù,dzouné,diché,,àou,choun,paï,Eï,,tëm,qué,,you,chio,,moun,meïtré,,,,et,,qué,you,aïe,,,dé,l'ardzënt,,,Faou,que,you,,pudcé,m'en,ana,,et,qué,,vedzé,,doou,paï,,Partadza,votre,bé,et,douna-,mé,cho,qué,you,,dèvi,aïei,-,Oh,,moun,fis,,did ché,lou,paï,coumo,tu,voudras,,,Tu,ché,,,ün,meïçant,,,,,,et,tu,,chiras,puni,,Olléï doun,,,ubri,,,ün,tiroir,,,eou,partadzé,,chou,bé,et,,n'en,fagué,doua,pourtious,,eïgalas,,,
VergtBreuilh,1,U,nomè,n'ovio,nouma,,dou,fis,,Lou,,pu,zouynè,dichè,,o,choun,pay,Ey,,tin,què,,you,chio,,moun,meytrè,,,,é,,què,you,ayè,,,dé,l'erzin,,,Foou,què,you,,peucè,mè,nona,,é,què,you,vézo,,doou,payi,,Pertoza,votre,bè,é,douna,mè,chè,qui,you,,dévè,ovey,-,O,,moun,fis,,dichè,lou,pay,coumo,tu,voudra,,,Tu,chè,,,un,meyçon,,,,,,é,tu,,chira,puni,,E,,,drubiguè,,,uno,tiréto,,,,pertozé,,choun,bè,é,,n'in,foguè,doi,per,,eygola,,,
SaintAstierSaintLeonsurlIsle,1,Un',homè,n'òviò,,què,doù,fi,,Lou,,pu,zoynè,dichè,,ò,choun,pay,Ey,,tein,què,,,chiayè,,moun,meytrè,,,,è,,què,,ayè,,,dè,l'arzin,,,Fòoù,què,,,péssè,min,nòna,,è,què,,vézè,,dòoù,póyi,,Partozà,votrè,bè,è,dounà,mè,chò,què,,,dévè,òyey,-,O,,moun,fi,,dichè,lou,pay,coumò,tu,voudra,,,Tu,ché,,,un',meysin,,,,,,è,tu,,chira,puni,,Puis,,,drubi,,,unò,tirèto,,,éoù,partozè,,choun,bè,et,,nin,fòguè,doua,pourchioù,,eygola,,,
SaintAstierLaChapelleGonaguet,1,Un,homè,n'ovio,nouma,,doûs,fîs,,Lou,,pu,zôounè,dichè,,o,choun,paï,Eï,,tin,què,,you,chiayè,,moun,mèïtrè,,,,è,,què,you,ayè,,,dè,l'erzin,,,Fôou,què,you,,peusso,m'in,ona,,è,què,you,végeo,,dôou,poyi,,Pertoza,votrè,bè,è,douna,mè,cho,què,you,,dévè,ovèï,,Ô,,moun,fî,,dichè,lou,paï,coumo,tu,voudras,,,Tu,ché,,,um,meycin,,,,,,è,tu,,chiras,puni,,Peypré,,,oyon drubi,,,uno,tirèto,,,éou,pertozè,,choun,bè,è,,n'in,foguè,doua,pourchîous,,èïgolas,,,
SaintAstierMensignac,1,Un',homè,n'ovio,nouma,,dou,fi,,Lu,,pu,zoounè,dichè,,o,choun,paï,Eï,,tin,qué,,,chiaïè,,moun,mèïtré,,,,è,,qu',,aïè,,,dè,l'erzin,,,Foou,què,,,péssè,m'in,ona,,è,què,diou,véjè,,lu,poï,,Pertoza,votré,bè,è,douna-,mè,cho,què,diou,,dévè,oveï,,O,,moun,fi,,dichè,lu,paï,coumo,tu,voudra,,,Tu,ché,,,un',mèïssin,,,,,,è,tu,,chira,puni,,Opré,,,ubron,,,un',tiroir,,,oou,pertozè,,choun,bè,è,,nin,foyé,doi,per,,eïgolâ,,,
SaintAstierManzacsurVern,1,Un,homé,n'avio,,que,dou,fi,,Lou,,pu,zoouné,dissé,,ô,soun,paï,eï,,tein,qué,,you,sio,,moun,meïtre,,,,et,,qu',,aïo,,,dé,l'orzin,,,Faou,que,,,pesso,m'in,ona,,et,que,,vesso,,déou,poyi,,Portoza,votré,bé,et,dona-,mé,ço,qué,you,,débé,oyéï,,O,,moun,fi,,dissé,lou,paï,coumo,tu,voudras,,,Tu,sé,,,un,meïzein,,,,,,et,tu,,séras,puni,,Puis,,,ouvrant,,,soun,tiroir,,,eou,portozé,,soun,bé,et,,n'ein,foyé,doua,pourtiou,,éygola,,,
SaintAstierMontanceix,1,Un,homé,n'ovio,nouma,,dou,fïs,,Lou,,pu,jonnè,dichè,,o,soun,paï,Eï,,tin,què,,diou,sio,,moun,meitrè,,,,ê,,qué,diou,adiô,,,dé,l'argin,,E,faou,què,diou,,péço,min,ânâ,,et,què,diou,véjö,,déou,poyi,,Portoja,votré,bé,è,douna,mé,çô,qué,diou,,dévé,odiéï,,O,,moun,fïs,,diché,luu,paï,coumo,tu,voudra,,,Tu,ché,,,,méïchéin,,,,,,é,tu,,chiras,puni,,Oprè quô,éou,,drubi,,,uno,tiréto,,,ê,partojé,,soun,bé,ê,,n'in,fogué,doux,pourchiou,,eigola,,,
SaintAstierMontrem,1,Un,homè,n'oviot,noumâ,,dous,fîs,,Lou,,pus,zoïenè,dichè,,o,choun,paï,Ey,,tèmps,què,,you,chiayo,,moun,méïtrè,,,,et,,què,you,ayo,,,dè,l'erzent,,,Foou,què,you,,péço,mè,n'onâ,,et,què,you,vézo,,doou,poys,,Partozas,votrè,bè,et,douna-,mè,cho,què,you,,dévè,oyeï,,O,,moun,fî,,dîchè,lou,paï,coumo,tu,voudrâs,,,Tu,ché,,,un,meïcent,,,,,,et,tu,,chirâs,puni,,Oprés,,,drubi,,,un,tirouar,,,éou,partozè,,choun,bè,et,,n'en,foguè,douas,pourtieous,,eïgolas,,,
SaintAstierLeguillacdelAuche,1,Un,hômé,n'ovio,nouma,,dou,fis,,Lou,,pu,zoouné,dichè,,à,choun,paï,Eï,,tein,qué,,you,chiayo,,,méïtré,,,,et,,qu',,ayo,,,dé,l'arzein,,,Faou,qué,you,,pessé,m'ein,ona,,et,qué,you,vézes,,do,poys,,Partossa,votré,bé,et,douna,mé,cho,qué,you,,déve,yeï,,O mou,,moun,fis,,dichè,lou,paï,coumo,tu,voudras,,,Tu,chè,,,um,méïcheint,,,,,,et,tu,,chiras,puni,,Puis,,,drubon,,,une,tiréto,,,é,portozè,,choun,bé,et,,n'ein,foguè,doua,parts,,eïgola,,,
SaintAstierAnnesseetBeaulieu,1,Un',homé,n'ovio,,qué,dous,fîs,,Lou,,pu,zoouné,disset,,o,soun,paï,Eï,,tém,qué,,iou,chio,,moun,méïtré,,,,et,,qué,,ayé,,,dé,l'arzén,,,Foou,qué,,,pêssé,m'én',ona,,et,qué,iou,végéé,,d'oou,poï,,Partozas,votré,bé,et,dounas-,mé,cho,qué,,,dévé,oyéï,-,O,,moun,fî,,disset,lou,paï,coumo,tu,voudra,,,Tu,ché,,,un',méïssén,,,,,,et,tu,,chira,punit,,Oléïdoun,,,drubi,,,uno,tiretto,,,véou,partozé,,soun,bé,et,,n'én,fogué,douas,pourchious,,éïgolas,,,
SaintAstierCoursac,1,Ün,homei,né vio,,qué,dou,fîs,,Lou,,pû,dzoneï,diseï,,à,soun,paï,Ei,,tin,queï,,iou,sëï,,moun,meitreï,,,,ei,,queï,y,ayeï,,,dé,l'argin,,,Fo,queï,,,pétché,m'in,ana,,eï,queï,,vésé,,do,paÿs,,Partadza,notreï,bé,eï,douna,mé,so,queï,iou,,dévé,veï,-,Ouo,,moun,fî,,diseï,lou,paï,coumo,tu,voudrâs,,,Tu,seï,,,un,meïtchin,,,,,,ei,tu,,sirâs,puni,,Opreï,,,dreubo,,,sa,tiretto,,,et,partadzo,,soun,beï,,,n'in,faï,doua,pars,,eïgolas,,,
SaintAstierJaure,1,Un,hommé,n'ovio,,qué,doü,firs,,Lou,,pu,joïné,dissé,,o,soün,paï,ey,,tém,qué,,you,sio,,moun,meytré,,,,et,,qu',,ayé,,,dé,l'argin,,,Fooü,qué,,,pessé,mén,ona,,et,qué,,végè,,déoü,poyé,,Pertoza,votré,bè,et,douna,mé,cho,què,,,dévè,ovey,,Voui,,moün,fir,,dissé,lou,paï,coumo,tu,voudras,,,Tu,ché,,,un,meysson,,,,,,et,tu,,siras,puni,,Oprès,,,drubon,,,uno,tirette,,,éoü,portozé,,soün,bè,et,,n'in,fogé,doua,perts,,poriéras,,,
HautefortTourtoirac,1,U,n'homé,n'avio,,qué,dous,fils,,Lu,,pu,joouné,dissé,,à,soun,paï,Ey,,tim,qué,,,sio,,moun,,,,,et,,qu',,ayo,,,dé,l'artzin,,,Fauou,qué,,,peusso,mé,n'ona,,et,qué,,vézo,,doou,poyis,,Partozas,notré,bé,et,douna,mé,cho,qué,,,dévî,ovéï,,Vo,,moun,fils,,dit,lou,paï,coumo,tu,voudras,,,Tu,che,,,un,méïssant,,,,,,et,tu,,siras,puni,,Insuito,,,drubant,,,un,tiroir,,,iou,partagé,,soun,bé,et,,n'in,fit,duouas,poursious,,éïgolas,,,
HautefortHautefort,1,Un',homé,n'oyo,,qué,dou,fis,,Lou,,pu,djoné,dîssé,,o,soun,paï,Ey,,tin,qué,,you,sio,,moun,méïtré,,,,é,,qu',,ayé,,,dé,l'ardzin,,,Foou,qué,you,,peutsé,mé,nonâ,,é,qué,,vêdzé,,doou,poï,,Partodzâ,votré,bé,et,dounâ,mé,so,qué,,,dêvi,ovey,-,O,,moun,fî,,dîssé,lou,paï,coumo,tu,vôudrâs,,,Tu,sé,,,un',méïtson,,,,,,é,tu,,sirâ,puni,,Opré,,,drubon,,,un',tiroir,,,,partodzé,,soun,bé,é,,n'in,fogué,doua,poursîous,,eïgolâs,,,
HautefortHautefortbis,1,Un',hômé,n'ayo,noumas,,dous,fîs,,Lou,,pus,jauné,dissé,,a,soun,paï,Ey,,tems,qué,,,sio,,moun,maïtré,,,,é,,qu',,ayé,,,dé,l'argen,,,Faü,qué,,m'en,poueyssé,,nas,,et,qué,,vêzé,,daü,païs,,Pertageas,vôtré,bé,é,baillas,mé,cé,qué,mé,,,révet,,Ô,,moun,fîs,,dissé,lou,paï,coumo,tu,voudras,,,Tu,sez,,,un,meychant,,,,,,é,tu,,siras,puni,,Peyprès,,,drubant,,,sa,tiretto,,,eü,pertagé,,soun,bé,et,,n'en,fagué,douas,parts,,pariéras,,,
HautefortNailhac,1,Un,ome,n'ovio,mas,,dous,fils,,Lou,,pus,zonnè,disset,,o,soun,pai,Ei,,tem,que,,,sio,,moun,meitre,,,,e,,que,i',aie,,,de,l'argent,,,Fau,que,,,peusso,me,nona,,e,que,,veso,,dau,païs,,Partogea,votre,be,e,balha,me,ço,que,me,,,revet,-,O,,moun,fils,,disset,lou,pai,coumo,tu,voudras,,,Tu,ses,,,un,meichon,,,,,,é,tu,,siras,puni,,Alleidounc,,,drubens,,,so,tiretto,,,,partoget,,soun,be,e,,n'en,foguet,doua,pars,,porieras,,,
HautefortTempleLaguyon,1,Un̈,houmé,n'ovio,,qué,dou,fil,,Lou,,pu,tzoïné,diché,,o,choun,païré,Ei,,tén,qué,,,chio,,moun,maîchtré,,,,et,,qu',,atzé,,,dé,l'artzen,,,Schall,qué,,,potsé,m'én,ona,,et,qué,,vetzé,,del,poï,,Partoza,vochtré,bé,et,douna,mé,cho,qué,,,dévi,ovéï,,O,,moun,fil,,diché,lou,païré,coumo,,vouldra,,,,Ché,,,un,métson,,,,,,et,,,chira,puni,,Et,,,drubont,,,ün,tiroir,,,,partozé,,choum,bé,,,ïn,,doua,part,,éïgola,,,
HautefortChourgnac,1,U-n',homè,n'ovio,mâ,,dou,fîs,,Lou,,pû,zoounè,dîssè,,ô,soun,paï,Ey,,tîn,què,,you,sio,,moun,meytrè,,,,è,,qué,you,aïo,,,dè,l'arzin,,Eou,foou,què,you,,pesso,m'in,onâ,,è,què,you,vèzo,,doou,poyi,,Partoza,votrè,bè,è,douna,mè,so,què,you,,dévè,ovey,,Bien,,moun,fî,,dissè,lou,paï,coumo,tu,voudras,,,Tu,sè,,,u-n,meysson,,,,,,è,tu,,sîras,puni,,È,,,drubîn,,,u-n,tiroir,,,oou,partozè,,soun,bè,è,,n'in,fogué,doua,pourciou,,eygolâ,,,
HautefortCherveixCubas,1,U,n'hômè,n'oyo,noumâ,,doû,fîch,,Lou,,pû,zoounè,dîchè,,o,choun,pâï,Eï,,ten,què,,,chio,,moun,meïtrè,,,,è,,qu',,ayo,,,dè,l'arzen,,,Foou,què,,,peusso,men,anâ,,è,què,,vêso,,doou,poyî,,Partosâ,vôtrè,bè,è,dounâ-,mê,cho,què,,,dêvi,oyeï,,Vô,,moun,fich,,dîchè,lou,pâï,coumo,,voûdrâ,,,,Chê,,,ün,meïsson,,,,,,è,,,chirâ,puni,,Oprêco,,,drubi,,,uno,tiretto,,,,partosè,,choun,bè,è,,n'en,foguè,douâ,pârts,,porieïrâ,,,
HautefortBadefolsdAns,1,Unn,ômé,n'ovio,,qué,dou,fir,,Lou,,pu,zéouné,dichè,,ô,choun,pâï,Ey,,tém,qué,,you,sio,,moun,meytré,,,,è,,qu',,ayé,,,dé,l'arzen,,,Sôou,qué,,,peussi,m'én,ona,,è,qué,,vézé,,déou,poïs,,Partoza,vôtre,bé,è,douna,mé,ço,qué,you,,dévi,ovéy,,Vô,,mon,fir,,diché,lou,paï,coumo,tu,voûdra,,,Tu,chè,,,unn,meïssan,,,,,,è,tu,,chîras,puni,,Oprêquo,,,drûbint,,,uno,tirêto,,,,partozé,,son,bé,è,,n'én,foguè,douâ,pourchîou,,porièra,,,
HautefortCoubjours,1,U-n,hommé,n'aya,,que,dous,fils,,Lou,,pu,jaüné,dissè,,à,soun,paï,Eï,,tin,qui,,iaü,siá,,moun,méïtré,,,,è,,qué,,ayè,,,de,l'argin,,,Saü,que,,,peucé,m'in,anâ,,è,qué,,vézé,,daü,pâÿ,,Partageâ,votré,bé,è,dounâ-,mé,ça,que,,,dévi,avéï,-,Ouiéï,,moun,fils,,dissè,lou,paï,coûma,tu,voudras,,,Tu,s'es,,,u-n,méïchant,,,,,,è,tu,,siras,puni,,Après,,,drubiguè,,,u-n,tiroir,,,,partagè,,soun,bë,è,,n'in,faguè,doâs,pourcies,,éïgalâs,,,
HautefortSainteEulaliedAns,1,Un,homei,n'avio,nouma,,dou,firs,,Lu,,pu,jonei,diché,,o,soun,paei,Ei,,tein,quei,,iou,chio,,moun,meitrei,,,,ei,,quei,iou,ayei,,,dei,l'arzin,,ei,faon,quei,iou,,peussei,m'ein,nona,,ei,quei,iou,vézè,,doon,poiis,,Pertoza,votrei,bei,ei,douna,mei,cho,quei,iou,,dévei,oyei,-,O,,moun,drolei,,dissei,ly,paei,coumo,tu,voudras,,,Tu,ché,,,un,meisson,,,,,,ei,tu,,chiras,puni,,Après,,,drubi,,,uno,tirette,,,ei,pertoezi,,soun,bei,ei,,ein,foguei,doi,parts,,poriéras,,,
HautefortHautefortter,1,Un,homè,n'ovio,,què,dou,fils,,Lou,,pu,zoounè,dichè,,o,choun,paï,Ey,,tèm,què,,iou,chio,,moun,meytrè,,,,et,,què,iou,aïè,,,dè,l'arzèn,,,Foou,què,iou,,pésso,m'èn,ona,,et,què,iou,vézo,,doou,poii,,Partoza,votrè,vè,et,douna,mè,cho,què,iou,,dévè,ovey,-,Oui,,moun,fils,,dichè,lou,paï,coumo,tu,voudra,,,Tu,ché,,,ün,meysson,,,,,,et,tu,,chira,puni,,Puis,,,drubèn,,,choun,tiroir,,,éou,partozè,,choun,bè,et,,nèn,foguè,doua,pourciou,,eygola,,,
HautefortGrangesdAns,1,Un,homé,noyo,nouma,,dou,fils,,Lou,,pu,zoou né,dicé,,au,soun,paï,Ey,,tain,qué,,you,sio,,moun,meytre,,,,et,,qu',,ayo,,,dé,l'arzain,,,Foou,qué,you,,peûsso,mé,nona,,et,qué,you,vezo,,doou,poï,,Partoza,vôtré,bé,et,douna,mé,ço,qué,you,,dévi,ovey,-,Vo,,moun,fils,,dicé,lou,paï,coumo,tu,voudras,,,Tu,seis,,,un,meyssan,,,,,,et,tu,,séras,puni,,Préco doqui,,,drubon,,,ün,tiroir,,,éou,portozé,,soun,bé,et,,nein,fogué,doua,pourcious,,eygolas,,,
BrantômeLislebis,1,Un,ômê,n'ovio,,què,doux,fi,,Lou,,pu,jônnè,dissai,,à,soun,paï,Ei,,tem,què,,you,chaye,,moun,meitrè,,,,è,,que,you,aye,,,dè,l'argin,,Ô,fô,,,,,,,,,què,you,vègè,,d'ô,pôï,,Pertoza,vôtrè,vè,è,douna-,mè,cô,que,you,,dévè,ôvei,,O,,moun,fi,,dissè,lou,paï,coumô,tu,voudras,,,Tu,ché,,,un,méïssein,,,,,,è,tu,,siras,puni,,Lei dounc,,,ubrin,,,unô,tirettô,,,ô,pertôzè,,soun,bè,et,,n'in,fôyai,doua,pourcious,,aigôla,,,
BrantômeAgonac,1,Unn,homè,n'ovio,,qué,dou,fi,,Lu,,pu,joounè,dichè,,o,choun,paï,Ey,,tim,qué,,you,chio,,moun,meïtrè,,,,et,,qué,you,ayé,,,dé,l'arzint,,Oou,foou,qué,you,,pécè,m'inn,ona,,et,què,you,véjò,,doou,poï,,Pertozà,votrè,bè,et,douna-,mè,cho,què,you,,dévè,ovéï,,O,,moun,fî,,dichè,le,paï,Coumo,tu,voudras,,,Tu,ché,,,un,méïchin,,,,,,et,tu,,chiras,puni,,Et,,,drubon,,,uno,tiretto,,,éou,pertozè,,soun,bè,et,,n'in,foguè,douas,perts,,eygolas,,,
BrantômeSaintFrontdAlemps,1,U,nomé,n'ovio,nouma,,dou,fis,,Lu,,pu,zoouné,dissè,,o,soun,paï,Quéi,,teim,què,,you,scio,,moun,méitré,,,,è,,què,you,ayè,,,dè,l'erzin,,,Foou,què,you,,péchè,m'en,ona,,è,què,you,végè,,doou,poï,,Pertogea,votrè,béi,è,douna,mè,ço,què,you,,dévè,ovéi,-,Oui,,moun,fils,,dissè,lu,paï,coumo,tu,vourras,,,Tu,sès,,,ün,méichein,,,,,,è,tu,,siras,puni,,Oprès oou,,,ubrit,,,so,tireto,,,oou,pertogé,,soun,béi,è,,n'in,fayè,doua,pourceou,,pariera,,,
BrantômeSencenacPuydeFourches,1,Hun,homè,n'ovio,,què,doux,firs,,Lu,,pu,joénè,dichè,,o,choun,paï,Heu ey,,tain,què,,you,chio,,moun,meytrè,,,,et,,què,you,ayè,,,dè,l'erzin,,Heu,foè,què,you,,peyso,men,onâ,,et,què,you,vézo,,dôu,pays,,Partozâ,votrè,bè,et,douna,mè,cho,què,you,,dévè,vey,,Oui,,moun,fir,,dit,lu,paï,coumo,tu,voudras,,,Tu,ché,,,an,mayson,,,,,,et,tu,,cheras,puni,,Puis,,,ubron,,,un,tiroir,,,eun,partozè,,choun,bè,et,,en,foguè,doua,pourchiouns,,eygolas,,,
BrantômeBourdeilles,1,Un,homè,n'ovio,nomâ,,dôu,fî,,Lou,,pû,zoounè,dîchè,,o,choun,paï,Ey,,ten,què,,iou,chio,,moun,meytrè,,,,è,,qu',,aïè,,,dè,l'erzen,,,Foôu,què,iou,,peussè,m'en,onâ,,è,què,iou,vèjè,,doôu,poï,,Pertozâ,vôtrè,bè,è,dounâ-,mè,cho,què,iou,,dévè,ovey,,Ouô,,moun,fî,,dîchè,lou,paï,coumo,tu,vôudrâ,,,Tu,ché,,,un,meyssen,,,,,,è,tu,,chirâ,puni,,Enchuito,,,drubi,,,cho,tirèto,,,,pertozè,,choun,bè,è,,n'en,foguè,douâ,per,,eygolâ,,,
BrantômeSaintJuliendeBourdeilles,1,Un,hommé,n'ovio,,què,doux,fis,,Lu,,pü,jo-auné,dit,,o,soun,paï,Queï,,teimp,qué,,you,siayé,,moun,maïtré,,,,et,,qué,you,ayé,,,dé,l'airgein,,Iou,foou,qué,you,,pécho,m'en,onâ,,et,qué,you,véso,,dóou,po-yis,,Pertogea,votre,bé,et,douna,mé,chô,que,you,,dévé,ovéï,-,Ô,,moun,fî,,disset,lu,paï,coumo,tu,voudras,,,Tu,chaî,,,un,meichein,,,,,,et,tu,,siras,puni,,Puis,,,ubrôm,,,une,tiraitto,,,iou,pertogeait,,soun,bè,et,,n'ein,foyet,douas,pourtious,,eïgolas,,,
BrantômeBrantôme,1,Un,omé,n'ovio,,qué,doû,fî,,Lou,,pû,zôné,disset,,o,soun,paï,Eï,,tén,qué,,iou,sio,,moun,meïtré,,,,é,,qué,i',ayé,,,dé,l'erzén,,,Fô,qué,iou,,peussé,m'én,onâ,,é,qué,iou,véjé,,dô,poyi,,Pertozâ,vôtré,bé,é,dounâ,mé,ço,qué,iou,,dévé,ôvéï,,Oui,,moun,fî,,dissé,lou,paï,coumo,tu,voudrâ,,,Tu,sei,,,un,méisén,,,,,,é,tu,,sirâ,puni,,Peï pré,,,drubén,,,un,tiroir,,,éou,pertozé,,soun,bé,é,,n'én,fogué,doua,pourciou,,eigolâ,,,
BrantômeValeuil,1,Un,hommè,n'aviat,,què,dous,fis,,Lu,,pu,jaonè,dissè,,à,son,paaï,Quey,,teint,que,,yi,saye,,moun,meytrè,,,,è,,què,,yaye,,,de,l'ergein,,Ao,faot,què,yi,,peysse,m'ein,n'ana,,è,què,yi,vèze,,d'aos,payis,,Pertagia,votrè,bè,è,douna,mè,cè,què,yi,,dèvè,ayey,-,Voui,,moun,fy,,dissè,lu,paai,coumao,tu,voudras,,,Tu,sè,,,un,meyssein,,,,,,é,tu,,siras,puni,,Aprey,,,dubrein,,,unao,tirreta,,,ao,pertagè,,soun,bè,è,,aonein,fayè,douas,pourcious,,eygalas,,,
BrantômeBussac,1,Un̈,ômè,n'avio,nouma,,dou,fî,,Lu,,pû,joouné,dissé,,ô,soun,paï,Eï,,tén,qué,,,chiaiè,,moun,meïtrè,,,,è,,què,y,ayè,,,dè,l'ergèn,,,Foou,què,you,,pésso,mé,nona,,è,què,you,vèzé,,doou,poyï,,Pertoza,vôtrè,bè,è,douna,mè,cho,què,you,,dévè,ovéï,-,Oh,,moun,fî,,dissè,lu,paï,coumo,tu,voudrâ,,,Tu,ché,,,un̈,méichèn,,,,,,è,tu,,sira,puni,,Péi prè,,,drubén,,,uno,tiretto,,,,pértozè,,soun,bè,è,,n'èn,foguè,doua,pourciou,,porièra,,,
BrantômeEyvirat,1,U,n'ome,n'ovio,nouma,,dou,fi,,Lu,,pu,zoounè,dichè,,o,choun,paï,Eï,,tem,què,,you,chio,,moum,méïtrè,,,,et,,què,you,ayè,,,dè,l'erzin,,Eo,foou,què,you,,péssè,m'in,nona,,è,què,you,vézè,,doou,poï,,Pertoza,votrè,bè,è,douna,mè,cho,què,you,,dévè,ovéï,-,Voui,,moum,fi,,dichè,lou,paï,coumo,tu,voudra,,,tu,ché,,,un̈,meyssen,,,,,,è,tu,,chira,puni,,Oprè,,,drubi,,,u'n,tiroir,,,éo,pertozè,,choun,bè,è,,n'in,foguè,doua,pourchiou,,éïgola,,,
BrantômeBiras,1,Un',homè,n'ovio,,què,dou,fich,,Lou,,pu,zauône,dichè,,ô,choun,paï,Eï,,tein,què,,you,chio,,moun,méïtrè,,,,è,,què,you,ayo,,,dè,l'arzin,,è,foou,què,you,,peussi,m'in,ona,,et,què,you,vèjo,,doou,poyi,,Partoza,votrè,bê,et,douna-,mè,cho,què,you,,devi,ovéï,-,O,,moun,fich,,dichè,lou,paï,coumo,tu,voudras,,,Tu,chez,,,un',méïsson,,,,,,è,tu,,chiras,puni,,Puis,,,drubon,,,un,tiroir,,,éô,partozè,,choun,bê,è,,n'in,foguè,doi,pourchiou,,éygola,,,
BrantômeLisle,1,Un,ome,n'ovio,,que,dous,fis,,Lu,,pu,piti,disset,,o,soun,pai,Ei,,tem,que,,iou,siaye,,,meitre,,,,e,,que,iou,aye,,,de,l'ergen,,Eu,fau,que,iou,,pêche,m'en,ona,,e,que,iou,vése,,d'aux,poïs,,Pertoja,votre,be,e,douna,me,ço,que,iou,,deve,ovei,-,Bien,,moun,fi,,disset,lu,pai,coumo,tu,voudras,,,Tu,s'es,,,un,meichen,,,,,,e,tu,,siras,puni,,,,,Drubon,leidoun,,uno,tireto,,,èu,pertogé,,soun,be,e,,n'en,foye,douas,pers,,eigolas,,,
ThenonLaBoissieredAns,1,Ün,homè,n'oïo,mâ,,dou,fich,,Lou,,pu,zoounè,dichè,,o,choun,paï,Éï,,tèm,qué,,ïou,chio,,moun,méïtrè,,,,et,,qu',,aïè,,,dè,l'arzèn,,,Foou,què,ïou,,peusso,m'én,onnâ,,et,què,,véjè,,doou,poï,,Partoza,votré,bè,et,dounâ-,mè,cho,qué,,,dévè,ovéï,-,Ô,,moun,fich,,dichè,lou,paï,coumo,tu,voudra,,,Tu,chê,,,ün,méïsson,,,,,,et,tu,,chiras,puni,,Prè quo,,,drubèn,,,choun,tiroir,,,éou,partozè,,choun,bè,et,,n'èn,foguè,doua,pourchiou,,pariéras,,,
ThenonAjat,1,ün,omé,n'ovio,nouma,,dou,fish,,Lou,,pu,zôné,di,,à,choun,paï,Eï,,teìm,qué,,,chio,,moun,meïtré,,,,é,,qu',,âzé,,,dé,l'arzein,,,Foô,qué,,,peùssé,mé,nona,,è,qué,,vézé,,d'oô,poî,,Paartozâ,votré,bé,é,douna,mé,cho,qué,,,dévi,ôveï,-,Vò,,moun,fish,,di,lou,paï,coumo,,voudra,,,,Ché,,,ün,meïçan,,,,,,è,,,chira,puni,,Préco,,,drubi,,,uno,tiretto,,,,partozé,,choùn,bé,è,,n'in,fogué,douâ,pouchèoû,,pòriéra,,,
ThenonAzerat,1,Un,omé,n'ovio,,qué,dou,fis,,Lu,,pu,joïné,dissé,,o,soun,paï,Eï,,tin,qué,,you,scio,,moun,maistre,,,,et,,qué,you,ajé,,,dé,l'argin,,,Sal,que,you,,peussé,m'in,ona,,et,qué,you,vézé,,del,poïs,,Partogeâ,vostré,bé,et,dounâ,mé,so,qué,you,,dévé,oveï,-,Au,,moun,fîs,,dissé,lu,paï,coumo,tu,voudras,,,Tu,s'es,,,un,meïchon,,,,,,et,tu,,siras,puni,,puis,,,drubon,,,un,tiroir,,,el,partogé,,soun,bé,et,,n'in,fogué,doua,pourciöus,,eïgolâs,,,
ThenonSainteOrse,1,U',n'hommè,n'oyio,noumà,,dou,fî,,Lou,,pu,joounè,dichet,,o,choun,paï,Eï,,teim,què,,,chéo,,moun,meïtrè,,,,et,,qu',,âyè,,,dè,l'argein,,,Foou,què,,,peuchi,m'ein,nonà,,et,què,,veiguè,,doou,poyis,,Partogiâ,vôtrè,bè,et,dounà,mè,cho,què,,,dèvi,oyey,-,O,,moun,fî,,dichet,lou,paï,coumo,tu,voudra,,,,Ché,,,un,meichon,,,,,,et,tu,,chira,puni,,Oprè co,,,druben,,,uno,tirèto,,,éou,partojé,,choun,bè,et,,n'ein,foguè,douà,parts,,porierà,,,
ThenonLimeyrat,1,Un,omé,n'ovio,ma,,dou,fils,,Lou,,pu,tjeouné,dicé,,o,soun,paï,Ei,,tein,que'io,,,sio,,moun,méitré,,,,é,,qué,io,aïe,,,dé,l'artzein,,,Foou,qué,io,,petzi,m'én,ona,,é,qué,io,vetzi,,deou,paï,,Partatza,votré,béi,é,douna,mé,cé,qué,io,,devi,oïé,,Vô,,moun,fis,,dicé,lou,paï,coumo,tu,voudra,,,Tu,sé,,,un,meitzen,,,,,,é,tu,,séra,puni,,Péi,,,druben,,,uno,tiréto,,,sé,partatzé,,soun,bé,é,,né,fé,doua,pourciou,,éigala,,,
ThenonGabillou,1,Un̄,homē,n'ōïō,noumâ,,dôu,fishs,,Lou,,pû,jāōūnē,dishē,,ō,shoun,paï,Eï,,tin,quē,,you,shio,,moun,mēïtrē,,,,ē,,quē,you,aïo,,,dē,l'arzin̄,,,Fāōū,quē,you,,peushō,m'in,ōnā,,ē,quē,you,vēzō,,dō,poȳī,,Partōz̄ā,vôtrē,bē,ē,dounâ,mē,shō,quē,you,,dēvi,yōveï,-,O,,moun,drôlē,,dishē,lou,paï,coumō,tu,vôudrâ,,,Tu,shé,,,un̄,mēishōn̄,,,,,,ē,tu,,shirâ,puni,,Ōpré quō,,,drubi,,,un̄,tiroir,,,,partōz̄ē,,shoun,bē,ē,,n'in,fōguē,douâ,pourshïōū,,pōrieïrâ,,,
ThenonFossemagne,1,Un,ômet,n'ovio,,qué,dous,fis,,Lou,,pu,zonet,diché,,ô,soun,pay,Ey,,teinp,qué,,diou,chio,,moun,meytré,,,,et,,qu',,azè,,,de,l'argein,,,fal,qué,,,peuché,m'en,annâ,,et,qué,,vézé,,dal,pays,,Partoza,votré,bé,et,dounâ,mé,cho,qué,,,dévi,aveï,-,Vo,,moun,fis,,dichét,lou,pay,coumô,tu,voudrâ,,,Tu,ché,,,un,meysson,,,,,,et,tu,,chirâ,puni,,Préquo,,,drubi,,,un,tiroir,,,,partozé,,soun,bé,et,,n'en,fogué,dois,pourchious,,eygalas,,,
ThenonBars,1,Un,homè,n'avio,noumâ,,doū,fil,,Lou,,pū,djoinè,dicet,,à,soun,paï,Ei,,ten,què,,you,sio,,moun,maistrè,,,,è,,què,you,adgé,,,dé,l'ardzin,,,Chal,qué,you,,peuchè,m'in,anā,,è,qué,you,vedjé,,del,poï,,Partadjā,vostrē,bé,è,dounā-,me,ço,qué,,,dévi,avei,-,O,,moun,fil,,dicet,lou,paï,coūmo,tu,vouldrā,,,Tu,sé,,,ūn,meytchan,,,,,,è,tu,,chirā,puni,,Apré,,,druban,,,ūn,tirouar,,,el,partadjet,,soūn,bé,è,,n'in,fōguēt,douā,par,,eigalā,,,
ThenonBrouchaud,1,Ün,omè,n'oyo,nouma,,dou,fir,,Lou,,pu,zoounet,dichè,,o,choun,paï,Oouro éï,,tin,qué,,you,chio,,mon,méïtrè,,,,é,,què,,ayo,,,dè,l'arzin,,,Foou,què,you,,peusso,mè,nona,,é,què,,véïzo,,doou,poyï,,Partoza,vauotrè,bai,é,douna,mè,cho,què,,,dèvi,ovey,,Vo,,moun,fir,,dichè,lou,paï,coumo,tu,voudra,,,Tu,chè,,,ün,méïssou,,,,,,é,tu,,chira,puni,,Préquo,,,drubi,,,ün,tiroir,,,,partozè,,choun,bai,é,,nin,foguè,doua,pourchiou,,poriérra,,,
ThenonThenon,1,Ün,homè,n'oyo,mâ,,doû,fil,,Lou,,pu,djoïnè,dicè,,à,soun,paï,Eï,,tin,què,,,sio,,moun,mestré,,,,et,,qu',,ayo,,,dè,l'ardzin,,,Dsal,què,,,podè,m'in,anâ,,et,què,,vedzo,,del,paï,,Partazâ,vostré,bê,et,dounâ-,mè,so,què,,,dévî,avéï,-,Vô,,moun,fil,,dicè,lou,paï,coumo,,vouldrâ,,,,Séï,,,ün,méïtsan,,,,,,et,,,sirâ,puni,,Insuito,,,drubi,,,ûno,tiréto,,,,partadzè,,soun,bê,et,,nin,faguè,douâ,par,,pariérâ,,,
SalignacEyviguesPaulin,1,Un,homé,n'ovio,ma,,douy,fils,,Lou,,pu,tzeouné,diguèt,,o,soun,payré,Es,,ten,que,,ioou,siasqui,,moun,mestré,,,,et,,qué,,atzi,,,dé,l'ortzén,,,Cal,qué,,,posqui,m'én,ona,,et,qué,,vetzi,,del,poï,,Portotza,vostré,bè,et,douna-,mé,ço,qué,,,devi,ové,,Ombé,,moun,fil,,diguè,lou,payré,coumo,,vourlas,,,Tu,sès,,,un,meychant,,,,,,et,,,séras,puni,,Pey,,,drubant,,,uno,tireto,,,,portotzé,,soun,bè,et,,né,fogué,douos,pourtious,,égalos,,,
SalignacEyviguesSalignac,1,Ün,homé,n'ovio,ma,,douï,fil,,Lou,,pu,tzoïné,diguet,,o,soun,païré,Es,,tin,qué,,,siacqui,,moun,mestré,,,,et,,qu',,atzi,,,dé,l'ortzin,,,Cal,qué,,,posqui,min,ona,,et,qué,,vétzi,,del,poï,,Portotza,vostré,bé,et,douna,mé,ço,qué,,,dévi,ové,,Oc,,moun,fil,,diguet,lou,païré,coumo,,voudra,,,,Chès,,,ün,meïchant,,,,,,et,,,chéras,puni,,Oprès,,,drubiguet,,,uno,tiréto,,,,portotzè,,soun,bé,et,,nin,foguet,douoï,poursïou,,égaloï,,,
SalignacEyviguesBorreze,1,Un,ômé,n'ovio,ma,,douïe,fil,,Lou,,pu,zéounè,diét,,o,soun,pâïrèè,Es,,tèn,kè,,,siuski,,moun,mestrè,,,,è,,kè,,adzi,,,dè,l'ordzèn,,,Cal,kè,,,peski,m'èn,ona,,é,kè,,adzi dè l'ordzèn,,,,,Portodza,vostrè,bè,et,douna-,mè,cho,kè,,,dèvi,ovè,,Ombé,,moun,fil,,diët,lou,pâïrè,coumo,,voudra,,,,Chez,,,un,méïchan,,,,,,é,,,sèras,pènî,,,,,,,,,,,,,,,,,,,,,,,,,,,
SalignacEyviguesArchignac,1,U,n'hommé,n'auvio,,qué,douy,fils,,Lou,,pu,géouné,diait,,o,soun,payré,Ess,,tenn,qué,,iaue,siasquie,,moun,maistre,,,,et,,qué,iaue,agie,,,dé,l'orgenn,,,call,qué,,,iaue,mé,nonna,,et,qué,iaue,veigye,,dell,poy,,Portogeat,vostre,bé,et,douna-,mé,ço,qué,iaue,,dévie,auvé,,Ombé,,moun,fil,,diait,lou,payré,coumo,tu,voudras,,,,Scé,,,s'unn,meychan,,,,,,et,tu,,séras,puni,,Pey,,,drubié,,,une,tiretto,,,,portogé,,soun,bé,et,,né,fauait,douye,pourssioues,,eygalos,,,
SalignacEyviguesSaintCrepinetCarlucetbis,1,Un,houmo,n'ovio,,qué,douï,fil,,Lou,,pu,tzéïné,dit,,au,choun,païré,Eis,,teinps,qué,,you,chasqui,,moun,mestre,,,,et,,qué,,atzi,,,dé,l'ortzein,,,Cal,qué,,,pesqui,mein,ona,,et,qué,,vetzi,,del,poï,,Portotza,vostré,bé,et,douna,mé,cho,qué,yoou,,dévi,ové,,O,,moun,fil,,dit,lou,païré,coumo,tu,voùdras,,,,Chés,,,un,méïchant,,,,,,et,,,cheras,puni,,Péï,,,drubit,,,choun,tirouar,,,et,portotzé,,choun,bé,et,,né,foé,douoï,pourchious,,égaloïs,,,
SalignacEyviguesArchignacbis,1,Un',homé,n'ovio,ma,,douy,fil,,Lou,,pu,zéouné,diguèt,,o,soun,païré,ès,,tén,qué,,,,,moun,mestré,,,,et,,qué,,atzi,,,dé,l'ortzén,,,Cal,qué,,,posqui,m'én,ona,,et,qué,,vetzi,,del,poï,,Portotza,vostré,bé,et,douna,mé,ço,qué,,,dévi,ové,,O,,moun,fil,,diguèt,lou,païré,coumo,tu,vouldra,,,Tu,sès,,,un',meytsan,,,,,,et,tu,,siras,puni,,Pey,,,drubiguèt,,,uno,tiréto,,,,portotzèt,,soun,bé,et,,n'én,foguèt,douoy,pourcious,,égalo',,,
SalignacEyviguesEyvigues,1,Un,omé,n'ovio,ma,,douy,fil,,Lou,,pu,zéouné,diét,,o,soun,payré,éss,,tén,qué,,,siasqui,,mon,mestré,,,,et,,qué,,atzi,,,dé,l'orzén,,,Kal,qué,,,pèsqui,m'én,ona,,et,qué,,vétzi,,del,poï,,Portoza,vostré,bé,et,douna,mé,cho,qué,,,dévi,ové,,Ombé,,moun,fil,,dié,lou,payré,coumo,,vourlàs,,,,Chez,,,ün,meychant,,,,,,et,,,chéras,puni,,Pey,,,drubit,,,ün,tirodou,,,,portozé,,soun,bé,et,,né,foé,douos,part,,poriéro,,,
SalignacEyviguesSaintGenies,1,Ün,homé,n'ovio,m'a,,douï,fils,,Lou,,pu,jéoüné,diguét,,au,soun,païré,Èss,,teimp,qué,,,siasqui,,moun,maistré,,,,et,,qué,,atzi,,,dé,l'ortzein,,,Qual,qué,,,poscqui,m'ein,ona,,et,qué,,vétzi,,del,poÿ,,Portotza,vostré,bé,et,douna,mé,ço,qué,,,deivi,ovéi,,On bé,,moun,fil,,diguét,lou,païré,coumo,,voudra,,,,Ché,,,z'ün,méïchant,,,,,,et,,,sira,puni,,Eïn d'oun,,,drubant,,,uno,tiréto,,,,portotzé,,soun,bé,et,,né,fogué,douoi,parts,,porriéroï,,,
SalignacEyviguesSaintCrepinetCarlucet,1,Un,homé,n'ovio,,que,dou,fil,,Lou,,pu,zène,dié,,o,soun,payré,es,,tin,qué,,io,chioqui,,moun,mestre,,,,et,,qué,,azi,,,dé,l'orzen,,,Cal,qué,,,poqui,men,ona,,et,qué,,vési,,del,poy,,Portosa,vostre,bé,et,douna,mé,cho,qué,,,dévi,ové,,Ombé,,moun,fil,,dié,lou,payré,coumo,tu,vourla,,,Tu,chés,,,un,maïchan,,,,,,et,tu,,chira,peni,,Péï,,,drubié,,,uno,tireto,,,el,portozé,,soun,bé,et,,né,fa,doué,pourtiou,,égalo,,,
VillefrancheduPerigordLoubejac,1,Un,homé,n'abio,,qué,douï,fil,,Lou,,pus,jouïné,diguét,,à,soun,païré,Es,,tén,qué,,,siaï,,moun,mestré,,,,é,,qué,,atzi,,,dé,l'artzén,,,Cal,qué,,,pogui,m'én,ana,,é,qué,,betzi,,dé,paï,,Partatza,bostré,bé,é,douna,mé,ça,qué,,,débi,abé,,Oui,,moun,fil,,di,lou,païré,coumo,tu,boudra,,,Tu,es,,,un,maïchan,,,,,,é,tu,,sira,puni,,Puis,,,durbiguén,,,un,tiradou,,,él,portotzét,,soun,bé,é,,né,fét,douos,pourtiou,,égalos,,,
VillefrancheduPerigordPratsduPerigord,1,Un,omé,n'ovio,,qué,dou,fil,,Lou,,pu,zouiné,diguè,,o,soun,païré,Eï,,tèn,qué,,,chiasqui,,moun,mestrè,,,,èt,,qué,,aji,,,dé,l'argèn,,,Faul,qué,,,pèsqui,m'én,ana,,èt,qué,,véji,,del,poï,,Portogea,vostré,bé,èt,douna,me,ço,qué,,,dévi,oveï,,Ô,,moun,fil,,diguè,lou,païré,coumo,,voura,,,,Chè,,,un,meïchan,,,,,,èt,,,chira,puni,,Pui,,,drubèn,,,uno,tiretto,,,el,partéja,,soun,bé,et,,èn,fosquè,doua,pourciou,,égola,,,
VillefrancheduPerigordVillefrancheduPerigordbis,1,Ün,homé,n'obio,,qué,douü,drollés,,Lou,,pus,tzoïné,digué,,o,soun,païré,Es,,tein,qué,,,siasqui,,,mestré,,,,é,,qu',,atzi,,,de,l'ortzein,,,Boli,,,,poudé,mein,,,é,,,beiré,,del,poïs,,portotza,bostré,bei,é,douna,mei,so,quei,,,débi,obé,-,Ombé,,moun,drollé,,digué,lou,païré,coumos,,boudras,,mei,,ses,,,ün,moïchant,,,,,,et,,,séros,puni,,Et,,,drubün,,,lou,tirodou,,,,portotzei,,soun,bé,é,,nei,fet,douos,pourtious,,égalos,,,
VillefrancheduPerigordLavaur,1,Un,homé,n'abio,,qué,douy,fils,,Lou,,pu,tzouyné,diguèt,,à,choun,payré,Es,,tint,qué,,,chiagui,,moun,mestré,,,,ét,,qué,,atzi,,,,d'artzint,,,Cal,qué,,,pogui,m'in,ana,,et,qué,,betzi,,des,païs,,partatza,bostré,bé,è,douna,mé,cha,qué,,,débit,abé,-,Oui,,moun,fil,,diguèt,lou,payré,coumo,,boudras,,,,Ches,,,ün,maïchant,,,,,,et,,,chéras,punit,,Apey,,,derbiguèt,,,un,tiradou,,,,partatzèt,,choun,artzint,et,,né,fèt,dousch,parts,,égalos,,,
VillefrancheduPerigordVillefrancheduPerigord,1,Un,hōmé,n'obiō,,qué,do͞uy,fil,,Lou,,put,tso͞uyné,diguè̄t,,o,choun,pāïré,Eǰ,,tén,qué,,,chiāgui,,moun,mè̄ǰtré,,,,è,,qu,,ātsi,,,,d'ortsé̄n,,,Cal,qué,,,puōgui,m'én,onā,,è,qué,,bé̄tsi,,dé,poï̄,,Portotsā,bōǰtré,bé,è,douna-,mé̄,cho,qué,,,dé̄bi,obé̄,-,Ombé̄,,moun,fil,,diguè̄t,lou,pāïré,co͞umo,,boudrā,,,,Chèj,,,un,moïchān,,,,,,è,,,chérāǰ,punī,,,,,Durbiguè̄t,,,un,tirodo͞u,,,,portotsè̄,,choun,bé,è,,né,fèt,douōǰ,pourchīou,,égālo,,,
VillefrancheduPerigordCampagnaclesQuercy,1,Ün,homé,n'obio,,qué,douïs,fil,,Lou,,pus,tzouïné,dié,,o,choun,païré,Es,,tén,qué,,iéou,chiaski,,moun,maistré,,,,et,,qué,,adzi,,,dé,l'ortzint,,,Cal,qué,,,peski,m'in,ona,,et,qué,,bedzi,,del,poïs,,Portodza,bostré,bé,et,douna-,mé,cho,qué,ieou,,débi,obé,-,Ombé,,moun,fil,,dié,lou,païré,coumo,tu,bourlas,,,Tu,chès,,,ün,michant,,,,,,et,tu,,chéras,puni,,Opéï,,,drubiint,,,ün,tirodou,,,del,portodzé,,choun,bé,et,,né,fé,douos,pourchious,,égalos,,,
VillefrancheduPerigordFontenillesdAigueparse,1,Un,hommé,n'avio,,qué,douy,fils,,Lou,,plus,jouyné,disio,,à,soun,payré,Es,,tint,qué,,,sioi,,moun,maistre,,,,et,,qué,,axi,,,,d'arsin,,,Cal,qué,,,péy,m'in,ana,,et,qué,,bessi,,del,pays,,Partasso,vostré,bé,et,douna,mé,ça,qué,,,débi,abé,,Oui,,moun,fils,,diait,lou,payré,commo,tu,voudras,,,Tu,sais,,un,un,maychant,,,,,,et,tu,,séras,puni,,Pey,,,durbiet,,,un,tiradou,,,el,partussait,,soun,bé,et,,né,fait,dios,pourtious,,égalos,,,
VillefrancheduPerigordSaintCernindelHerm,1,Un,homé,n'avio,,qué,douis,fils,,Lou,,pus,tchouiné,diait,,à,soun,païré,És,,timps,qué,,,siaïs,,moun,mèstré,,,,et,,que,iou,atchi,,,dé,l'ortchent,,,Qual,qué,iou,,poï,m'in,,,et,qué,iou,betchi,,del,poïs,,Portatchas,bostré,bé,et,dounna-,mé,ço,qué,iou,,dévi,over,,Oui,,moun,fil,,diait,lou,païré,coumo,tu,boudras,,,Tu,tiès,,,un,mooué,fil,,,,,et,tu,,séras,puni,,Puis,,,durviint,,,un,tirodou,,,el,portatchait,,soun,bé,et,,n'in,fait,douos,pourtious,,égalos,,,
SaintCyprienMouzens,1,Un,homé,n'obio,,qué,douï,fil,,Lou,,pu,tzoïné,diguet,,o,soun,païré,Et,,tin,qué,,,siagui,,moun,mettré,,,,et,,que,,axi,,,dé,l'orxen,,,Cal,qué,,,péï,men,ana,,et,qué,,béxi,,del,poï,,Portoxa,bottré,bé,et,douna,mé,cho,qué,,,débi,obé,-,Ombé,,moun,fil,,diguet,lou,païré,coumo,,bourla,,,,Ché,,,jun,moïchan,,,,,,et,,,chéra,puni,,Opéï,,,drubiguet,,,ün,tiroir,,,,portoxet,,choun,bé,et,,né,foguet,douoï,pourchiou,,égalo,,,
SaintCyprienAllaslesMines,1,Un,homé,n'obio,,qué,dus,fil,,Lou,,pu,tzoyné,diè-t,,o,soun,payré,és,,ten,qué,,,siasqui,,moun,mestré,,,,et,,qué,,atzi,,,dé,l'ortzen,,,Cal,qué,,,pesqui,m'en,ona,,et,qué,,bétzi,,del,poï,,Portotza,vostré,bé,et,douna,mé,ço,qué,,,dévi,ové,,Ombé,,moun,fil,,diè,lou,payré,coumo,tu,vourla,,,,Sès,,,un,moyssan,,,,,,et,,,séras,puni,,Oprè,,,durvien,,,un,tiroir,,,,portotzè,,soun,bé,et,,né,foè,duos,pourcious,,égalo,,,
SaintCyprienMeyrals,1,Un,hommé,n'obio,,qué,douï,fil,,lou,,pu,tzoïné,diguet,,o,soun,païré,Es,,tèn,que,,you,siaï,,,mestré,,,,é,,qué,,atzi,,,dé,l'ortzén,,,Fal,que,,,pégui,m'en,ona,,é,que,you,betzi,,del,poï,,Portétza,bostré,bé,é,douna-,mé,ço,qué,,,débi,obé,-,Ombé,,moun,fil,,diguet,lou,païré,coumo,tu,boudra,,,Tu,c'é,,,un,méyçan,,,,,,et,tu,,séra,puni,,Opéy,,,druban,,,un,tiroir,,,,portétzet,,soun,bé,et,,en,foguet,douos,pourciou,,égaloï,,,
SaintCyprienCouxetBigaroque,1,Un,omé,n'obio,,qué,douy,fils,,Lou,,pus,tzoïné,diguèt,,o,soun,païré,Es,,tén,qué,,,siasqui,,moun,mèstré,,,,é,,qué,,atzi,,,dé,l'ortzén,,,Cal,qué,,,pèsqui,m'én,ona,,é,qué,,bétzi,,dél,poï,,Portotza,bostré,bé,é,douna-,mé,so,qué,,,débi,obé,-,Ombé,,mon,fil,,diguèt,lou,païré,coumo,,bourla,,,,Sès,,,ún,meychan,,,,,,é,,,séras,puni,,Opéï,,,drubiguèt,,,ún,tiroir,,,,portotzé,,soun,bé,é,,né,foguèt,douos,parts,,égaloy,,,
SaintCyprienTursac,1,Ün,hommé,n'obiot,,qué,douï,fil,,Lou,,pu,zouïné,diguèt,,o,choun,païré,Éï,,téin,qué,,,chiagui,,moun,mèstré,,,,et,,qu',,agui,,,de,l'orzéin,,,Cal,que,,,pègui,m'éin,onat,,et,qué,,bézi,,dél,poÿ,,Portéza,bostré,bé,et,douna-,mé,cho,qué,,,dèbi,obé,,O,,moun,fil,,diguè,lou,païré,coumo,,bourla,,,,Che,,,ün,méïchant,,,,,,et,,,chira,puni,,Pèï,,,drubïn,,,choun,tiroir,,,,portozè,,choun,bé,et,,n'éin,foguè,douoï,pourchiou,,eïgalo,,,
SaintCyprienSaintChamassy,1,Un̈,hommé,n'ovio,,qué,douï,fil,,Lou,,pu,tzoïné,diait,,ô,choun,païré,Es,,tém,que,,,chiagui,,moun,mèstré,,,,et,,qué,,atzi,,,dé,l'ortzén,,,Fal,qué,,,pèsqui,m'én,ôna,,et,qué,,bétzi,,dél,poï,,Portotza,bostré,bé,et,douna-,mé,cho,qué,,,dévi,ové,-,Ombé,,moun,fil,,diait,lou,païré,coumo,,bourla,,,,chès-,,,un̈,meychant,,,,,,et,,,chéra,puni,,Opéï,,,drubant,,,cho,tiretto,,,,portotzèt,,choun,bé,et,,n'en,foguèt,douoï,pourchiou,,porièroï,,,
SaintCyprienMarnac,1,Un,hommé,n'obio,,que,douï,fil,,Lou,,pu,tchoïné,diguét,,o,soun,païré,Ey,,tén,qué,,,siasqui,,moun,mestré,,,,et,,qué,,atchi,,,de,l'ortchen,,,Cal,qué,,,pesqui,m'én,ona,,et,qué,,vétchi,,del,poï,,Portetcha,vostre,bé,et,douna,mé,ço,que,,,débi,obé,-,Ombé,,moun,fil,,diguét,lou,païré,coumo,,boudras,,,Tu,sès,,,un,méïçant,,,,,,et,,,siras,punit,,Opey,,,drubant,,,ün,tiroir,,,,portétchét,,soun,bé,et,,né,foguèt,douos,parts,,égaloï,,,
SaintCyprienSaintVincentdeCosse,1,Ün,hommé,n'obio,,qué,douy,fils,,Lou,,pus,tchoïné,diét,,o,soun,païré,Es,,temps,qué,,,siasqui,,moun,maistré,,,,et,,qu',,atchi,,,dé,l'ortchén,,,Cal,qué,,,pêsqui,m'én,ona,,et,qué,,bétchi,,del,poï,,Portocha,bostré,bé,et,douna,mé,ço,qué,,,débi,obé,-,O,,moun,fil,,diét,lou,païré,coumo,,bourla,,,,'-Ses,,,ün,meyssan,,,,,,et,,,seras,puni,,Pey,,,drubiét,,,ün,tirodou,,,,portotchét,,soun,bé,et,,,fét,douos,pourtious,,égaloïs,,,
SaintCyprienBezenac,1,Un,homé,n'obio,,qué,douy,fil,,Lou,,put,soyné,diguét,,o,soun,payré,et,,tén,qué,,io,chiacqui,,moun,méttré,,,,et,,qué,,atzi,,,dé,l'orsén,,,Cal,qué,,,pecqui,m'én,ona,,et,qué,,betzi,,del,poï,,Portotza,bottré,bé,et,douna,mé,so,qué,,,débi,obé,-,Ombé,,moun,fil,,diguét,lou,payré,coumo,tu,bourlas,,,,Sés,,,un,moychan,,,,,,et,,,sérat,puni,,Opey én,,,drubin,,,un,tiroir,,,,portotzét,,soun,bé,et,,én,foguét,douo,parts,,égalo,,,
SaintCyprienSaintCyprien,1,Un,omé,n'obio,,qué,douy,fil,,Lou,,pu,tzoyné,diguèt,,o,soun,payré,Es,,tén,qué,,yo,siacqui,,moun,mèttré,,,,è,,qué,,atzi,,,dé,l'ortzén,,,Cal,qué,,,pècqui,m'én,ona,,è,qué,,bétzi,,dél,poï,,Portotza,bottré,bé,è,douna,mé,sço,qué,yo,,débi,obé,-,Ombé,,moun,fil,,diguèt,lou,payré,coumo,,bourla,,,,Scès,,,ün,méychan,,,,,,è,,,séra,puni,,Opey,,,drubïn,,,sço,tiréto,,,,portotzè,,sçoun,bé,è,,né,focqué,douo,par,,porièro,,,
SaintCyprienTayac,1,Ün,omé,n'ovio,nouma,,douï,fil,,Lou,,pu,dzoïné,digué,,o,soun,païré,Eï,,tein,qué,,,siégui,,moun,mestré,,,,é,,qué,,adzi,,,dé,l'ordzein,,,Cal,que,,,,m'ein,ona,,é,qué,,vedzi,,del,poï,,Portodza,vostré,bé,é,douna-,mé,so,qué,,,dévi,ové,,Ombé,,moun,fil,,digué,lou,païré,coumo,,vourla,,,Tu,sès,,,ün,méïschan,,,,,,é,,,sira,puni,,Opéï,,,drubigué,,,uno,tiréto,,,,portodzé,,soun,bé,é,,,fogué,douoï,par,,poriéro,,,
SaintCyprienSireuil,1,Ün,hommé,n'ovio,,qué,douï,fil,,Lou,,pu,tzoïné,diguè,,o,soun,païré,Eï,,teimps,qué,,,siasqui,,moun,maistré,,,,è,,qué,,atzi,,,dé,l'ortzeint,,,Fal,qué,,,pesqui,m'ein,ona,,è,qué,,vetzi,,del,poï,,Portétza,vostré,bé,è,douna,mé,ço,qué,,,dévi,ovei,-,Ombé,,moun,fil,,diguè,lou,païré,coumo,,voudra,,,,Sè,,,ün,méïssant,,,,,,è,,,sira,puni,,È oprè,,,druviguè,,,lo,tiretto,,,,portétzè,,soun,bé,è,,n'ein,foguè,douöï,parts,,égalo,,,
SaintCyprienAudrix,1,Un̈,hommé,n'ovio,,qué,douï,fil,,Lou,,pu,tzoïne,diait,,ô,choun,païré,Es,,témp,qué,,,chiagui,,moun,mèstré,,,,et,,qué,,atzi,,,dé,l'ortzen,,,Fal,qué,,,pèsqui,m'én,ona,,et,qué,,bétzi,,dél,poï,,Portotza,bostré,bé,et,douna-,mé,cho,qué,,,dévi,ové,-,Ombé,,moun,fil,,diait,lou,païré,coumo,,bourla,,,,chès,,,un̈,méychant,,,,,,et,,,chéra,puni,,Opéï,,,drubant,,,cho,tiretto,,,,portodzèt,,choun,bé,et,,n'én,foguèt,douoï,pourchiou,,poriéra,,,
SaintCyprienBerbiguieres,1,Un,homé,n'oviot,,qué,douys,fils,,Lou,,put,tzoyné,diguait,,au,soun,payré,Est,,tén,que,,yo,siaguit,,moun,mestré,,,,et,,que,,atzi,,,dé,l'ortzen,,,Qual,qué,,,péguis,m'én,ona,,et,qué,,betzi,,del,poys,,Portoza,vôtre,bét,et,douna-,mé,ço,qué,,,dévi,ové,-,Ombét,,moun,fil,,digait,lou,payré,coumo,tu,vourlas,,,Tu,s'es,,,un,moyssant,,,,,,et,tu,,siras,punit,,Olors,,,drubigait,,,uno,tiretto,,,,partozait,,soun,bét,et,,né,fogait,douoy,poursious,,porièros,,,
BugueMortemart,1,Un,hommé,n'ovio,,qué,dous,fils,,Lou,,pu,zoyné,diguè,,o,choun,payré,Ey,,tén,qué,,iou,chiechqui,,moun,mechtré,,,,è,,qué,,azi,,,dé,l'orzen,,,Fal,qué,,,pechqui,m'en,ona,,é,qué,,vézi,,del,poï,,Portéza,vostré,bé,è,douna,mé,cho,qué,,,dévi,ovey,,O,,moun,fil,,digué,lou,payré,coumo,tu,vourla,,,tu,chè,,,un,méychan,,,,,,è,tu,,chiras,puni,,Oprè,,,drubiguè,,,uno,tiretto,,,è,portézé,,choun,bé,è,,né,foguè,douas,pourchieus,,porièroys,,,
BugueJourniac,1,Ün,omé,n'ovio,,qué,douï,fil,,Lou,,pu,zoïné,dïé,,o,choun,païré,Eï,,tén,qué,,you,chiachqui,,moun,mestré,,,,et,,qué,,azi,,,dé,l'orzén,,,Fal,qué,,,pechqui,m'én,ona,,et,qué,,vedzi,,del,poï,,Portéza,vostré,bé,et,douna,mé,cho,qué,,,dévi,ové,-,Obé,,moun,fil,,dïé,lou,païré,coumo,tu,vourla,,,Tu,ché,,,ün,méÏchan,,,,,,et,,,chira,puni,,Opéï,,,drubïn,,,uno,tiréto,,,el,portézé,,choun,bé,et,,né,fogué,douoï,pourchïou,,poriéroï,,,
BugueManaurie,1,Un,homé,n'ovio,,qué,douys,fils,,Lou,,pu,tzoyné,diguet,,o,choun,payré,Ey,,tin,qué,,,chiasqui,,moun,mechtré,,,,et,,qué,,atzi,,,dé,l'orzin,,,Fal,qué,,,,min,ona,,et,qué,,vetzi,,del,pogui,,Portotza,vostré,bé,et,douna,mé,cho,qui,,,débi,obé,-,Ombé,,moun,fil,,diguet,lou,payré,coumo,,voudra,,,,Ché,,,jün,meychant,,,,,,et,,,chira,puni,,Opey,,,drubiguet,,,ün,tiroir,,,,portotzé,,choun,bé,et,,né,foguet,douoys,parts,,égalos,,,
BugueFleurac,1,Ün,ômé,n'ovio,noumâ,,doû,fil,,Lou,,pû,zoiné,diguè,,o,choun,pairé,ei,,tén,qué,,,chio,,moun,mèchtré,,,,è,,qu',,âzi,,,dé,l'arzén,,,Fal,qué,,,pelsi,m'én,onâ,,è,qué,,vézi,,dél,poguî,,Partézâ,vochtré,bé,è,dounâ,mé,cho,qué,,,dévi,ové,-,Obïô,,moun,fil,,diguè,lou,pairé,coumo,,vourlâ,,,,Chê,,,ün,moouvê,fil,,,,,è,,,chirâ,puni,,Opei,,,drubiguè,,,uno,tiréto,,,,partézè,,choun,bé,è,,né,fogué,douo,pâr,,porièrô,,,
BugueSaintCernindeReillac,1,Un,hômé,n'ovio,,qué,doû,fil,,Lou,,pu,dzoïné,dicè,,o,soun,pâï,Eï,,tén,que,,,sio,,moun,mestré,,,,et,,qué,,adzé,,,dé,l'ardzén,,,Fal,qué,,,pêdsé,m'en,onâ,,et,qué,,vêdzé,,del,poï,,Partadzâ,vosté,bé,et,douna-,mé,ço,qué,,,dêvi,ovêï,,O,,moun,fil,,dicè,lou,pâï,coûmo,tu,vourlâ,,,Tu,sé,,,un,méïtsan,,,,,,et,tu,,sirâ,puni,,Péï,,,drubin,,,un,tiroir,,,el,partadzê,,soun,bé,et,,né,faguè,doua,pourcîou,,éïgola,,,
BugueLeBugue,1,U,n'homme,n'ovio,,qué,douy,fils,,Lou,,pu,tzoyné,digué,,à,soun,payré,Es,,ten,qué,,io,siasqui,,moun,mestré,,,,et,,qué,,atzi,,,de,l'ortzen,,,Cal,qué,,,péï,m'en,ona,,et,qué,io,betzi,,del,poï,,Portetza,bostré,bé,et,donna,mé,ço,qué,,,débi,obé,-,Ombé,,moun,fil,,digué,lou,payré,commo,,bourla,,,Tu,sés,,,un,meychant,,,,,,et,tu,,séras,puni,,Opey,,,drubiguet,,,un,tiroir,,,el,portetzé,,soun,bé,et,,n'en,fogué,douo,poursions,,égalos,,,
BugueSaintFelixdeReillac,1,Un,hômé,n'ovio,,qué,doû,fil,,Lou,,pu,zoïné,digué,,o,soun,payré,Ey,,tén,qué,,,siasqui,,moun,mestré,,,,et,,qu',,azi,,,dé,l'orzén,,,Fal,qué,,,pesqui,m'en,ôna,,et,qué,,vézi,,del,poys,,Portéza,vostré,bé,et,dounâ,mé,ço,qué,,,dévi,ovey,,,,,,,,,,,,,,,,Sés,,,ün,méïçan,,,,,,et,,,sirâ,puni,,Oprès ço,,,drubigué,,,so,tiréto,,,,portézé,,soun,bé,et,,n'en,fogué,douâ,pourtioüs,,porieras,,,
BugueMauzensetMiremont,1,Un,omé,n'ovio,,qué,douy,fils,,Lou,,pu,tzoyné,diguet,,o,soun,payré,Es,,tém,qué,,iou,siasqui,,moun,mestré,,,,et,,qué,,atzi,,,de,l'ortzen,,,Fal,qué,iou,,pesqui,mén,ona,,et,qué,,vétzi,,del,poys,,Portotza,vostré,bé,et,douna-,mé,ço,qué,iou,,dévi,ové,-,Obé,,moun,fils,,diguet,lou,payré,coumo,tu,voudras,,,Tu,sès,,,un,meychant,,,,,,et,tu,,séras,puni,,O pey,,,drubiguet,,,un,tiroir,,,el,portotzé,,soun,bé,et,,né,fosquet,douoy,pourtious,,égalos,,,
TerrassonLavilledieuLavilledieu,1,Un,hommé,n'ovio,mas,,dous,fil,,Lou,,pu,tjéouné,dichet,,a,soun,paï,Ei,,ten,qué,,iaou,sio,,moun,maistré,,,,et,,qu',,atjé,,,de,l'ortjen,,,Tchal,qué,,,potché,mén,ona,,et,qué,,vetjé,,del,poys,,Partatla,vostré,bé,et,douna,mey,ço,que,,,dévi,ovéi,,O,,moun,fil,,dichet,lou,paï,coumo,tu,vouldra,,,Tu,ches,,,un,métchant,,,,,,et,tu,,chira,puni,,Pei,,,drubant,,,uno,tiretto,,,,portotjé,,soun,bé,et,,n'en,foguet,douas,parts,,égalas,,,
TerrassonLavilledieuLeLardinSaintLazare,1,Un,hommé,n'ovio,mâ,,doux,fils,,Lou,,pu,zéône,dishét,,à,soun,paï,Ey,,tïmps,què,,,shio,,moun,maistrè,,,,et,,qu',,azè,,,dè,l'argënt,,,Sal,què,,,peusho,m'ën,onnâ,,et,qué,,vêzo,,del,païs,,Partazâ,vostrè,bè,et,douna-,mè,ço,què,,,dêvi,ovey,,O,,moun,fil,,dishet,lou,paï,coumo,,vourdras,,,,Ch'ès,,,ün,meitshant,,,,,,et,,,shiras,puni,,Pey,,,drubont,,,üno,tiretto,,,,partazet,,soun,bè,et,,n'ën,foguet,douas,pourtious,,eygolas,,,
TerrassonLavilledieuLaBachellerieLaularie,1,Un,omè,n'aviœ,nouma,,doux,fils,,Lou,,pu,jeyne,dissa,,a,soun,pay,Ey,,tem,què,,,sia,,moun,mestre,,,,è,,qu',,ajè,,,dè,l'ergen,,,Chal,què,,,poschè,m'en,enna,,è,què,,vègè,,del,paï,,Pertageas,vostre,bé,è,douna,mè,çœ,què,,,dévi,avey,-,O,,moun,fil,,dissa,lou,pay,coumè,,vouldra,,,,Sé,,,un,meauvais,,,,,,è,,,siras,puni,,Après,,,drubant,,,une,tirètœ,,,el,pertageas,,soun,bè,è,,n'en,fœguè,doua,parts,,eygalas,,,
TerrassonLavilledieuLaBachellerie,1,Ún,hommé,n'ayat,nouma,,dous,fils,,Lou,,pu,jéouné,disset,,à,soún,paï,Eï,,témps,qué,,you,sias,,moún,mestré,,,,é,,qu',,adzé,,,dé,l'argént,,,Tsal,qué,,,potsé,m'en,anâ,,é,qué,,vedzé,,del,païs,,Partadzas,vostré,bé,é,dounnas,mé,aco,qué,,,dévis,aveï,,Bien,,moún,fils,,disset,lou,paï,coumo,tu,vouldras,,,,Tsès,,,ún,métsant,,,,,,et,tu,,siras,punid,,Prêco,,,drubit,,,úna,tiretta,,,,partaget,,souún,bé,é,,n'en,faguet,douas,pourtious,,pariéras,,,
TerrassonLavilledieuChavagnac,1,Un,hômé,n'oviot,,qué,doûs,fil,,Lou,,pu,zéouné,dissait,,au,soun,payré,Ess,,tein,qué,,,siâxi,,moun,mestré,,,,et,,qué,,azzi,,,dé,l'orzen,,,Zal,qué,,,pozzi,m'ein,ona,,et,qué,,vézzi,,del,poï,,Portoza,vostre,bé,et,douna-,mé,ço,qué,,,dévi,ové,-,Oui,,moun,fil,,dissait,lou,payré,coumo,,voudra,,,,Sé,,,,métzant,,,,,,et,,,séras,puni,,Pey,,,drubiait,,,un,tirodou,,,,portozzé,,soun,bé,et,,né,foé,douô,parts,,égalos,,,
TerrassonLavilledieuPazayac,1,Un,homé,n'avio,,qué,dou,fils,,Lou,,pu,zéouné,diché,,o,choun,païré,Eï,,tein,qué,,iéou,chio,,,maishtré,,,,é,,qué,,âzé,,,de,l'arzein,,,Xal,qué,iéou,,poscé,m'ein,ona,,é,qué,iéou,vézi,,del,poys,,Partoza,voshtré,bé,é,douna-,mé,cho,qué,,,dèvi,ovéï,-,Oui,,moun,fil,,diché,lou,païré,coumo,tu,voudra,,,Tu,ché,,,un,mexçan,,,,,,é,tu,,chira,puni,,Peuy,,,drubein,,,un,tiroir,,,el,partozé,,chou,bé,é,,n'ein,fogué,doua,pourchïous,,égolas,,,
TerrassonLavilledieuGrezes,1,Unn,omé,n'avia,ma,,dou,fils,,Lou,,pu,dzéouné,dissé,,à,soun,païré,Ei,,tin,qué,,,sia,,moun,maistré,,,,et,,qu',,adzé,,,dé,l'arzin,,,Sal,qué,,,potssé,mé,nana,,et,qué,,vedzi,,dal,paï,,Partaza,vostré,bé,et,douna-,mé,ça,qué,,,dévi,avéi,-,Oui,,moun,fil,,dissé,lou,païré,couma,tu,voudras,,,,C'est,,,unn,métchant,,,,,,et,tu,,siras,puni,,Peui,,,drubinn,,,unn,tirouar,,,el,partazé,,soun,bé,et,,n'en,fagué,doua,pourcious,,éigalas,,,
TerrassonLavilledieuTerrasson,1,U,n'omé,n'ovio,ma,,dou,fil,,Lou,,pu,zéouné,diçè,,o,soun,paï,Ei,,ten,què,,,çio,,moun,mestré,,,,é,,qu',,atzé,,,dé,l'artzen,,,Tsal,què,,,potzé,men,ona,,è,qué,,vétzé,,dél,poï,,Partotza,vostré,bé,è,douna-,mé,ço,què,,,dévi,ovéi,-,Oui,,moun,fil,,dichè,lou,paï,coumo,,vouldra,,,,Ché,,,ün,métzan,,,,,,è,,,çira,puni,,Péi,,,drubi,,,ço,tirétto,,,,partatzé,,soun,bé,é,,nen,fogué,doua,par,,pariéro,,,
TerrassonLavilledieuCondatsurVezere,1,Un,home,n'avio,,qué,dous,fils,,Lou,,pus,joyné,dit,,o,choun,païré,Ey,,temps,qué,,yoou,chio,,moun,mestré,,,,è,,qué,yoou,agé,,,dé,l'argent,,,Tsal,qué,yoou,,pautsé,m'en,ana,,è,qué,yoou,végé,,del,païs,,Partaja,vostré,bé,è,douna,mé,cho,qué,yoou,,débi,avey,,O,,moun,fil,,dichet,lou,païré,coumo,tu,vourdras,,,Tu,ché,bien,,,maytsan,,,,,,è,tu,,chiras,puni,,Pey,,,druban,,,un,tiroir,,,el,partajay,,choun,bé,è,,n'en,faguét,douas,pourchious,,eygalas,,,
TerrassonLavilledieuLaDornac,1,Ün̄,hommé,n'ovio,nouma,,dous,fil̄s,,Lou,,pu,jéēūné,dissait,,o,soun̄,païré,Eï,,tin,qué,,you,sio,,,maîstré,,,,et,,qué,you,azé,,,dé,l'arzin,,,Sal,qué,you,,possé,mé,nona,,et,qué,you,vézé,,del,pauys,,Partoza,vostré,bé,et,douna,mé,cho,qué,,,dévi,ovéï,-,O,,moun̄,fil̄,,dissait,lou,païré,coumo,tu,voudras,,,Tu,ché,,,ün̄,mèçon,,,,,,et,tu,,siras,puni,,Insuito,,,drubant,,,soun̄,tiroir,,,el,partozé,,soun̄,bé,et,,nin,foguait,douas,pourcious,,eygolas,,,
TerrassonLavilledieuPeyrignac,1,Un,homé,n'ovio,,qué,dou,fils,,Lou,,pu,tzoouné,disset,,o,soun,paï,Eï,,tém,qué,,ioou,sio,,moun,mestré,,,,et,,qué,,ayé,,,dé,l'artzén,,,Foou,qué,,,peutsé,m'én,ona,,et,qué,,vetzé,,del,poï,,Portotza,vostré,bé,et,dounas-,mé,ço,qué,,,dévi,ovéï,-,Oc,,moun,fils,,disset,lou,paï,coumo,,voudras,,,Tu,sès,,,un,méïtsant,,,,,,et,,,siras,puni,,Peuï,,,druban,,,uno,tiréto,,,,portotzet,,soun,bé,et,,n'én,foguet,douas,pourcious,,égalas,,,
TerrassonLavilledieuLaFeuillade,1,Ün,hommei,n'ovio,ma,,dou,fil,,Lou,,pu,tzèounei,dichè,,o,soun,païrei,Eï,,tein,quei,,,sio,,moun,mestrei,,,,et,,qu',,atzei,,,del,ortzein,,,Tzal,quei,,,potzei,m'ein,ona,,et,quei,,veitzei,,del,poï,,Partatza,vostrei,bei,et,douna,mei,cho,quei,,,deivi,ovei,-,Voui,,moun,fil,,dichè,lou,païrei,coumo,tu,voudra,,,Tu,sè,,,ün,meitzan,,,,,,et,tu,,chira,puni,,Puis,,,drubïn,,,uno,tireito,,,,partotzè,,soun,bei,et,,nei,foguè,douo,pourtiou,,igalo,,,
TerrassonLavilledieuColy,1,Un,homé,n'ovio,ma,,dous,fils,,Lou,,pu,zèouné,dicet,,o,soun,paï,Es,,tén,qué,,iaou,sio,,moun,maistre,,,,et,,qué,,azzé,,,dé,l'orzent,,,Tsal,qué,iaou,,potsé,m'én,ana,,et,qué,,védzé,,dél,pahi,,Partadza,vostré,bé,et,douna-,mé,ço,qué,iaou,,dévi,ové,-,Oui,,moun,fil,,dicet,lou,paï,coumo,tu,voudras,,,Tu,ces,,,un,metçant,,,,,,et,tu,,séras,puni,,Peuy,,,druban,,,soun,tiroir,,,él,partadzé,,soun,bé,et,,né,faguet,doua,pourcious,,égalas,,,
TerrassonLavilledieuBeauregarddeTerrassonLardin,1,Un,homé,n'avio,ma,,douï,fil,,Lou,,pu,jeïné,dichét,,au,soun,paï,Ech,,teimp,qué,,,chiaï,,moun,mestré,,,,et,,qu',,azi,,,dé,l'argeint,,,Chal,qué,,,poschi,m'ein,auna,,et,qué,,vézi,,del,pauï,,Portaugea,vostré,bét,et,douna-,mé,cho,qué,,,dévi,auvé,-,Oui,,moun,fil,,diché,lou,paï,coumo,,voudras,,,,Chez,,,un,meschant,,,,,,et,tu,,chéra,puni,,Peï,,,drubint,,,un,tirouar,,,,portaugét,,choun,bét,et,,né,faguét,douas,parts,,pariéras,,,
TerrassonLavilledieuTerrassonbis,1,Ün,omé,n'āviā,mâ,,dou,fil,,Lou,,pû,dzéouné,diché,,ā,choun,paï,Éï,,tém,qué,,,chiā,,moun,mechtré,,,,é,,qu',,adzé,,,dé,l'ardzén,,,Tssal,qué,,,potssé,m'én,ānâ,,é,qué,,védzé,,del,pāï,,Partādzâ,vochtré,bé,é,dounâ,mé,chā,qué,,,dévi,āvéï,-,Ô,,moun,fil,,diché,lou,paï,coumā,,vouldrâ,,,,Chè,,,ün,metssān,,,,,,é,,,chirâ,puni,,Peuï,,,drubichān,,,unā,tirétā,,,,partādzé,,choun,bé,e,,n'én,fāgué,doua,par,,pārièrâ,,,
BelvesSaintGermaindeBelves,1,Un,homé,n'obio,,qué,douy,fils,,Lou,,pu,tzoyné,diguèt,,o,choun,payré,Es,,tén,qué,,,chiagui,,moun,maistré,,,,et,,qué,,atzi,,,dé,l'ortzen,,,Cal,qué,,,pègui,m'én,ona,,et,qué,,betzi,,dél,poy,,Portotza,bostré,bé,et,douna-,mé,cho,qué,,,débi,obé,,Ombé,,moun,fil,,diguèt,lou,payré,coumo,,bourla,,,,Ché,,,j'un,moychant,,,,,,et,,,chiras,puni,,Oprès,,,drubiguèt,,,uno,tiréto,,,,portotzé,,soun,bé,et,,né,foguét,douoï,pourchiouns,,porièros,,,
BelvesSioracenPerigord,1,Un,home,n''obio,,qué,douy,drollé,,Lou,,pu,tzoïné,diait,,o,soun,payré,E,,tin,qué,,,chiâqui,,moun,mêtré,,,,et,,qu,,'atsi,,,de,l''orisin,,,Cal,qué,,,pecqui,m''enn,ona,,et,qué,,betzi,,del,poï,,Portotza,bôtré,bé,et,douna-,mé,cho,qué,,,débi,obé,,Ombé,,moun,drollé,,diait,lou,payré,coumo,,bourla,,,,Ché-,,,j-un,moïchan,,,,,,et,,,chira,puni,,Chul co,,,druban,,,un,tiroir,,,,portotzé,,soun,bé,et,,ne,fôqué,douoï,pourchiou,,porièro,,,
BelvesBelves,1,Un,ômé,n'obio,,qué,douï,fil,,Lou,,pu,tzoïné,dièt,,o,choun,païré,Hech,,tén,qué,,,chiaï,,moun,mehtré,,,,è,,qu',,atzi,,,dé,l'ortzén,,,Cal,qué,,,péï,m'én,ona,,è,qué,,betzi,,del,poï,,Portotza,bohtré,bé,è,douna-,mé,cho,qué,,,débi,obé,-,Ombé,,moun,fil,,diè,lou,païré,coumo,,boudra,,,,Chéj,,,un,moïchan,,,,,,è,,,chérah,puni,,Opéï,,,drubièt,,,uno,tirêto,,,,portotzé,,choun,bé,è,,né,fohquè,douoh,pourchïou,,porièro,,,
BelvesLoubejac,1,Un,homé,n'abio,,qué,douï,fil,,Lou,,pus,jouïné,diguét,,à,soun,païré,Es,,tén,qué,,,siaï,,moun,mestré,,,,é,,qué,,atzi,,,dé,l'artzén,,,Cal,qué,,,pogui,m'én,ana,,é,qué,,betzi,,dé,paï,,Partatza,bostré,bé,é,douna,mé,ça,qué,,,débi,abé,,Oui,,moun,fil,,di,lou,païré,coumo,tu,boudra,,,Tu,es,,,un,maïchan,,,,,,é,tu,,sira,puni,,Puis,,,durbiguén,,,un,tiradou,,,él,portotzét,,soun,bé,é,,né,fét,douos,pourtiou,,égalos,,,
BelvesMonplaisant,1,Ün,homé,n'obio,,qué,douï,fil,,Lou,,pu,tzoïné,diguèt,,o,choun,païré,E,,tén,qué,,you,chiagui,,moun,mét'tré,,,,è,,qué,you,atzi,,,dé,l'ortzén,,,Cal,qué,you,,pégui,m'én,ona,,è,qué,you,bétzi,,del,poï,,Portotza,bot'tré,bé,è,douno-,mé,cho,qué,you,,débi,obé,-,Ombé,,moun,fil,,diguèt,lou,païré,coumo,tu,bourla,,,Tu,chès,,,ün,moïchant,,,,,,è,tu,,chéra,puni,,Opéï,,,drubén,,,lo,tiréto,,,él,portotzèt,,choun,bé,è,,én,foguèt,douop',pourchiou,,égaloï,,,
BelvesBelvesbis,1,Ùn,homè,n'ob̸io,,qué,do͞ui,fil,,Lou,,pus̸,țoïnè,diguét,,o,soun,païré,Ès̸,,tém,qué,,,siagui,,moun,mes̸trè,,,,ét,,qu',,ați,,,dé,l'orțèn,,,Cal,què,,,pégui,m'èn,ona,,ét,què,,vèți,,dèl,poïs,,Portoța,v̸os̸trè,bè,ét,douna,mè,ço,què,,,dèv̸i,ov̸è,,Ohmbè,,moun,fil,,diguét,lou,païrè,coumo,,v̸oudras,,,,Sès,,,un,mo͞ïssan,gorsoun,,,,,ét,,,séra̸s,puni,,Opé͞ïssoprès,,,druv̸iguèt,,,ùn,tiroir,,,,portoțét,,soun,bè,et,,n'èn,foguét,do͞uos,parts,,poriéros,,,
BelvesFongalop,1,Un,hommé,n'obio,,qué,douï,fil,,Lou,,pu,tzoïné,diguait,,au,soun,païré,Est,,teimp,qué,,,siacqui,,moun,mait-tré,,,,et,,qué,,atzi,,,dé,l'ortzein,,,Cal,qué,,,pêgui,m'ein,ona,,et,qué,,betzi,,del,poï,,Portotza,bot-tré,bé,et,douna,mé,cho,qué,,,débi,obé,,Obé,,moun,fil,,diguait,lou,païré,coumo,tu,bourla,,,,S'es,,,un,moïssant,,,,,,et,,,séra,punit,,Aupré,,,drubiguait,,,uno,tiréto,,,,portotzait,,soun,bé,et,,né,foguait,douo,pourciou,,poriéroï,,,
BelvesLarzac,1,Un,hommé,n'obio,,qué,douï,fils,,Lou,,pus,tzoïné,digué,,o,soun,païré,Es,,ten,qué,,,siaguï,,moun,mestré,,,,et,,qué,,azi,,,det,l'ortzen,,,Qual,qué,,,pégui,m'en,ona,,et,qué,,bézi,,del,poï,,Portotza,bottré,bé,et,douna,mé,ço,qué,,,débi,obé,,Ombé,,moun,fil,,digué,lou,païre,coumo,tu,bourlas,,,Tu,chés,,,un,moïchan,,,,,,et,,,chéra,puni,,,,,Drubiet,,,un,tilodou,,,et,portotzé,,soun,bé,et,,n'en,foguet,douï,pourtious,,égalos,,,
BelvesSaintAmanddeBelves,1,Un,homé,n'obio,,qué,doui,fills,,Lou,,pus,czoïné,diait,,o,soun,payré,Es,,teint,qué,,you,siagué,,moun,maistré,,,,et,,qué,,aczé,,,de,l'orzein,,,Cal,qué,you,,pégui,m'ein,ona,,et,qué,you,veczi,,del,pogui,,Portocza,vostré,bé,et,douna,mé,ço,qué,,,débi,obé,-,Oui,,moun,fill,,diait,lou,payré,commo,tu,boudras,,,Tu,sais,,,un,moïssant,,,,,,et,tu,,séras,puni,,Pey,,,durbieint,,,un,tirodou,,,del,portoczé,,soun,bé,et,,né,foguét,douos,pourtîous,,égalos,,,
BelvesSainteFoydeBelves,1,Un,hommé,n'obio,,qué,douys,fil,,Lou,,pu,joyné,digué,,o,soun,païré,Ey,,tin,qué,,,siagui,,moun,mestré,,,,é,,qu',,assi,,,dé,l'arssin,,,Kal,qué,,,pégui,mé,nona,,et,qué,,bézi,,del,poïs,,Portossas,bostré,bé,é,dounas,mé,so,qué,,,débi,obé,-,Ombé,,moun,fil,,digué,lou,païré,coumo,tu,bourlas,,,Tu,sé,,,un,moychant,,,,,,é,tu,,séras,puni,,Pey,,,drubin,,,soun,tiradou,,,,portossé,,soun,bé,é,,n'in,fogué,douys,pourcious,,égalos,,,
BelvesBelvester,1,Ün,homé,n'obio,,qué,douï,fil,,Lou,,pu,tsoïné,diguet,,o,choun,païré,E,,ten,que,,,chiaqui,,moun,métré,,,,et,,qué,,atsi,,,de,l'ortsein,,,Cal,qué,,,péqui,m'en,on,,et,que,,betsi,,del,poï,,Portotsa,botré,bé,et,douna-,mé,cho,qué,,,débi,obé,-,Ombé,,moun,fil,,diguet,lou,païré,coumo,,boudra,,,,Ché-j,,,-un,moïchant,,,,,,et,,,chéra,puni,,Opéï,,,drubiguet,,,cho,tiréto,,,,portotset,,choun,bé,et,,né,foguet,douo,pourchiou,,-j- égalo,,,
DommeNadalie,1,Un,omé,n'obio,,qué,douï,fil,,Lou,,pus,tzoïné,dièt,,o,soun,païré,Ès,,tèn,qué,,,siasqui,,moun,mèstré,,,,et,,qu',,atzi,,,de,l'ortzent,,,Cal,qué,,,pesqui,m'en,ona,,et,que,,bétzi,,dèl,poï,,Portotza,bostrè,bè,et,douna-,mé,ço,qué,,,dèbi,obé,-,Onbè,,moun,fil,,diguèt,lou,païré,coumo,,bourla,,,,Sés,,,un,meïchant,,,,,,et,,,sèras,puni,,Opeï,,,drubïn,,,ün,tiroir,,,,portotzè,,soun,bé,et,,nè,foguèt,douoï,poursious,,poriéroï,,,
DommeDaglan,1,Un,ommé,n'obio,,qué,douï,fil,,Lou,,pu,tzoïné,diet,,o,choun,païré,Et,,tén,qué,,,chiaï,,moun,métré,,,,et,,qué,,atzi,,,dé,l'ortzen,,,Cal,qué,,,péï,m'en,ona,,et,qué,,betzi,,del,poï,,Portotza,bottré,bé,et,douna,mé,cho,qué,,,débi,obé,-,On bé,,moun,fil,,diet,lou,païré,coumo,tu,bourla,,,,Chès,,,un,moïchan,,,,,,et,,,chéra,puni,,Opéï,,,dubriet,,,un,tirodou,,,,portotzé,,choun,bé,et,,né,foet,douo,pourchiou,,poriéro,,,
DommeDomme,1,Ùn,homé,n'obio,,qué,doùy,fil,,Lou,,pu,tzoïné,diét,,o,soun,païré,Et,,ten,qué,,,siaï,,moun,mèttré,,,,é,,qué,,atzi,,,dé,l'ortzen,,,Cal,qué,,,pégui,m'en,nona,,é,qué,,betzi,,del,poï,,Portatza,bottré,bé,é,douna-,bé,cho,qué,,,débi,obé,-,Ombé,,moun,fil,,diét,lou,païré,coumo,,boudra,,,,Ché,,jun,un,moïchan,,,,,,é,,,chéra,puni,,Opéï,,,drubin,,,ùn,tiroir,,,,portotzé,,soun,bé,é,,né,foguét,douï,pourciou,,égaloï,,,
DommeGrolejac,1,Un,homé,n'oviot,,qué,douy,fils,,Lou,,pu,tzoïné,diguet,,o,soun,payré,É,,ten,que,,io,siasqui,,moun,mestré,,,,et,,qué,,atzé,,,dé,l'ortzen,,,Fal,qué,,,pégui,men,ona,,et,qué,,vetzi,,del,poïs,,Portotza,botré,bé,et,douna,mé,ço,qué,io,,débi,obé,-,Ombé,,moun,fil,,diguet,lou,payré,coumo,tu,vourlas,,,,Sés,,,un,michan,,,,,,et,,,séra,puni,,Pey,,,durviguen,,,un,tirodou,,,,portotzé,,soun,bé,et,,né,fet,douo,poursious,,égalos,,,
DommeSaintLaurentlaVallee,1,Un,hommé,n'obio,,qué,douï,fils,,Lou,,pu,xoïné,diét,,o,soun,païré,Et,,temps,qué,,,siagui,,moun,méttre,,,,et,,qué,,axi,,,de,l'orxent,,,Cal,qué,,,pégui,m'en,ona,,et,qué,,béxi,,dél,poï,,Portoxa,bottre,bé,et,douna,mé,xo,qué,,,débi,obé,-,Ombé,,moun,fils,,diét,lou,païre,coumo,,bourla,,,,Chez,,,un,moïchant,,,,,,et,,,chéra,puni,,Opéï,,,dret,,,un,tirodou,,,,portoxé,,soun,bé,et,,né,foé,douoï,porchious,,égalos,,,
DommeCenac,1,Ün,homé,n'obio,,qué,douil,drollé,,Lou,,pu,tzoïné,diait,,o,soun,païré,Et,,teim,qué,,,siacqui,,moun,mettré,,,,é,,qué,,atzi,,,dé,l'ortzein,,,Cal,qué,,,pecqui,m'ein,ona,,é,qué,,bétzi,,del,poï,,Portotza,botré,bé,é,douna-,mé,cho,qué,,,débi,obé,-,Ombé,,moun,fil,,diait,lou,païré,coumo,tu,bourla,,,,Sé,,,z'ün,michan,,,,,,é,,,séra,puni,,Opré,,,drubiet,,,ün,tirodou,,,,portotzé,,soun,bé,é,,né,foé,douoï,pourciou,,égalo,,,
DommeGrezelle,1,Un,hommé,n'obio,,qué,douï,fils,,Lou,,pu,dzoïné,diet,,o,soun,païré,Eï,,tein,qué,,,chiaï,,moun,meïttré,,,,et,,qué,,adzi,,,dé,l'ordzent,,,Qual,qué,,,péï,men,ona,,et,qué,,vetzi,,del,poÿs,,Portodza,votré,bé,et,douna,mé,cho,qué,,,débi,obé,,Ombé,,moun,fils,,diét,lou,païré,coumo,,bourla,,,,Ché,,,jun,mouéchant,,,,,,é,,,chéras,puni,,Et,,,drubint,,,un,tirodou,,,,portodzé,,soun,bé,et,,nein,fé,douië,pourchious,,poriéros,,,
DommeFlorimontGaumier,1,Un,hommi,n'abiot,,qui,doux,fil,,Lou,,pus,joyni,diguait,,à,soun,payri,Is,,timps,qui,,youe,siasqui,,moun,maistri,,,,et,,qui,youe,achi,,,di,l'orgint,,,Cal,qui,youe,,possio,m'in,anna,,et,qui,youe,bischi,,d'il,poys,,Partoscheas,bostri,bi,et,dounna,mi,ço,qui,youe,,dubi,obir,-,Oui,,moun,fil,,diguait,lou,payri,coumo,,boudras,,,,S'ès,,,un,méschant,,,,,,et,,,saras,puni,,Pey,,,durbiguint,,,un,tiradou,,,,partaschait,,soun,bi,et,,n'in,fasquait,dos,pourtioues,,igalos,,,
DommeLaChapellePechaud,1,Un,homé,n'obio,,qué,douy,fils,,Lou,,pu,tzoyné,diguèt,,o,soun,payré,Es,,ten,qué,,,siasqui,,moun,mestré,,,,et,,qué,,atzi,,,dé,l'ortzen,,,Cal,qué,,,pèï,m'en,ona,,et,qué,,bétzi,,del,poï,,Portotza,bostré,bé,et,douna,mé,oquo,qué,,,débi,obé,-,Ombé,,moun,fil,,diguet,lou,payré,coumo,,boudras,,,,S'ès,,,un,moyssan,,,,,,et,,,séras,puni,,Opey,,,drubièt,,,un,tirodou,,,,portotzèt,,soun,bé,et,,né,foguèt,douos,pourtious,,égalos,,,
DommeBouzic,1,Ün,hommé,n'ovio,,qué,douïs,fils,,Lou,,pu,tchouïné,digait,,au,soun,païré,Es,,témps,qué,,,siagui,,moun,maistré,,,,et,,qué,,atchi,,,dé,l'ortchén,,,Cal,qué,,,pègui,m'én,ona,,et,,,betchi,,dél,poys,,Portotchas,vôtré,vé,et,douna,mé,ço,qué,,,dévi,obé,-,Ombé,,moun,fil,,digait,lou,païré,coummo,,bourlas,,,,Cès,,,ün,michant,,,,,,et,,,séras,puni,,Pèï,,,durbiént,,,ün,tirodou,,,,portotchèt,,soun,bé,et,,né,fait,douos,pourtious,,égaloïs,,,
DommeNabirat,1,Un,homme,n'ovio,,que,douïs,fils,,Lou,,pus,tzouïne,dit,,au,son,païre,Es,,tens,que,,,siasqui,,mon,maistre,,,,et,,que,,atzi,,,del',ortzent,,,Qual,que,,,péïs,m'en,onna,,et,que,,vêtzi,,del,poïs,,Portotza,,bien,et,douna-,me,ço,que,,,dévis,ove,-,Ombe,,moun,fils,,dit,lou,païre,coumo,tu,bourlas,,,,C'es,,,un,michant,fils,dit,lou,païre,,et,tu,,seras,puni,,Péï,,,drubiens,,,un,tirodou,,,,portotzé,,soun,bi,en,,ne,faï,douos,pourcioux,,égalos,,,
DommeGaumier,1,Un,hommé,n'aubio,,qué,douys,fils,,Lou,,pu,tzouyné,diet,,o,choun,payré,Est,,tin,qué,,,chiasqui,,moun,mestré,,,,et,,qué,,atzi,,,dé,l'ortzin,,,Cal,qué,,,pégui,m'in,auna,,et,qué,,bitzi,,del,poy,,Portotza,bostré,bé,et,douna,mé,cho,qué,,,dibi,obé,-,Ombé,,moun,fil,,diguet,lou,payré,coumo,tu,bourla,,,Tu,chés,,,ün,michant,,,,,,et,tu,,chéras,puni,,Péy,,,drubün,,,ün,tirodou,,,el,portotzait,,choun,bé,et,,né,fet,douoÿ,parts,,égaloys,,,
DommeSaintAubindeNabirat,1,Ün,homé,n'ovio,,qué,douï,fil,,Lou,,pu,xoïné,diét,,o,soun,païré,Ès,,tén,qué,,,siaqui,,moun,méstré,,,,é,,qué,,axi,,,dé,l'orxén,,,Qual,qué,,,pécqui,m'en,ona,,é,qué,,véxi,,del,poï,,Portoxa,vostré,bé,é,douna,mé,ço,qué,,,dévi,ové,-,Ombé,,moun,fil,,dié,lou,paÏré,coumo,,vourla,,,,C'ès,,,un,michan,,,,,,é,,,séra,puni,,Péi,,,druviét,,,ün,tirodou,,,,portoxé,,soun,bé,é,,né,fé,douoï,pourciou,,poriéroï,,,
DommeVeyrinesdeDomme,1,Ün,hommé,n'obio,,qué,douy,fil,,Lou,,pus,tzoyné,diguait,,o,choun,payré,És,,tén,qué,,,chiagui,,moun,maistré,,,,et,,qu',,atzi,,,dé,l'ortzén,,,Cal,qué,,,pégui,m'én,ona,,et,qué,,bétzi,,dél,poï,,Portotza,bostré,bé,et,douna-,mé,cho,qué,,,débi,obé,,Ombé,,moun,fil,,diguait,lou,payré,coumo,,boudra,bourla,,,Chès,,,ün,moychan,,,,,,et,,,chéras,puni,Opré ,Opoycho d'ompré,,,drubiguait,,,ün,tirodou,uno tiréto,,,portotzait,,choun,bé,et,,né,foguait,douos,pourchiou-,,j-égalo,,,
DommeSaintCybranet,1,Ün,homé,n'ovio,,qué,douï,fil,,Lou,,pû,tzoïné,diët,,o,choun,païré,é,,tin,qué,,,siaï,,moun,maîtré,,,,et,,qué,,atzi,,,dé,l'ortzin,,,Cal,qué,,,péï,m'in,ona,,et,qué,,vaitzi,,del,poï,,Portotza,votré,vé,et,douna-,mé,ço,qué,,,dévi,ové,-,Ombé,,moun,fil,,dièt,lou,païré,coumo,,vourlas,,,,Ché,,,zün,michant,,,,,,et,,,chérä,punit,,Opéïcho,,,druvan,,,lou,tirodou,,,,portotzé,,choun,bé,et,,né,fèt,douö,pourchiou,,égalo,,,
DommeSaintPompont,1,Un,ome,n'obio,,que,douï,fil,,Lou,,pu,tzouïne,dièt,,o,soun,païre,E,,ten,que,,,siaï,,moun,mettre,,,,ét,,que,,atzi,,,de,l'ortzen,,,Cal,que,,,péï,m'en,ona,,et,que,,betzi,,del,poï,,Portotza,bottre,be,ét,douna-,me,ço,que,,,debi,obe,,Ombe,,moun,fil,,diè,lou,païre,coumo,,bourla,,,,Sès,,,un,méssant,,,,,,ét,,,sera,puni,,Oprè,,,drubien,,,un,tirodou,,,,portotzè,,soun,be,ét,,ne,fè,douo,pourciou,,egalo,,,
DommeDommebis,1,Un,homé,n'obio,,qué,doui,fil,,Lou,,pu,tsoïné,diét,,o,soun,païré,Et,,tén,qué,,,chiacqui,,moun,mèttré,,,,et,,qué,,atsi,,,dé,l'ortsén,,,Cal,qué,,,pécqui,m'én,onat,,et,qué,,bétsi,,dél,poï,,Portotsa,bottré,bé,et,douna,mé,cho,qué,,,débi,obé,-,Ombé,,moun,fil,,dié,lou,païré,coumo,,bourla,,,,Chès,,,un,michan,,,,,,et,,,chéra,ppuni,,Péi,,,drubiét,,,un,tirodou,,,,partotsé,,choun,bé,et,,né,focquet,douoï,pourchiou,,égaloï,,,
DommeSaintMartialdeNabirat,1,Un',homé,n'obio,,qué,doüy,fils,,Lou,,pu,soyné,dié,,o,soun,payré,és,,tén,qué,,,siasqui,,moun,mestré,,,,et,,qu',,ayssi,,,de,l'ortzén,,,Cal,qué,,,pesqui,m'én,ona,,et,qué,,beyssi,,del,poïs,,Portatza,bostré,bé,et,douna,mé,ço,qué,,,deybi,obé,,Ô,,moun,fil,,dié,lou,payré,coumo,,bourla,,,,Sès,,,un,meytzan,,,,,,et,,,séras,puni,,Pey ,,,én droubïn,,,n'un',tirodou,,,,portotzé,,soun,bé,et,,én,fosqué,douoï,pourcioûs,,égalos,,,
SarlatProissans,1,U,n'homé,n'obio,,qué,douy,fils,,Lou,,pu's,tzoïné,diguèt,,o,soun,payré,E's,,tén,qué,,io,siasqui,,moun,mestré,,,,ét,,qu',,atzi,,,dé,l'ortzén,,,Cal,qué,io,,pesqui,m'én,ona,,ét,qué,io,bétzi,,dél,poys,,Portotza,bostré,bé,ét,douna-,mé,ço,qué,io,,débé,obé,-,Ombé,,moun,fil,,diguèt,lou,payré,coumo,tu,bourlas,,,Tu,sés,,,u'n,meychant,,,,,,ét,tu,,séras,puni,,Pey,,,drubiguèt,,,u'n,tirodou,,,,portétzèt,,soun,bé,ét,,n'én,foguèt,douoy,pourcious,,égaloys,,,
SarlatCazenac,1,Un,homé,n'obio,,qué,douï,fil,,Lou,,pu,tzoïné,diguet,,o,soun,païré,Es,,tén,qué,,,siaï,,,mestré,,,,et,,qu,,atzi,,,dé,l'ortzén,,,Fal,qué,,,pégui,m'én,ona,,et,qu,,betzi,,del,pogui,,Portetza,bostré,bé,et,douna,mé,ço,qué,,,débi,obé,,Ombé,,moun,fil,,diguet,lou,païré,coume,tu,bourla,,,Tu,sé,,,ün,meyçan,,,,,,et,tu,,siras,puni,,O pey,,,drubiguet,,,une,tiretto,,,,portotzet,,soun,bé,et,,né,foguet,douoï,pourciou,,égaloï,,,
SarlatSainteNathalene,1,Un,hommé,n'obio,,qué,douï,fil,,Lou,,pu,tzoïné,diguèt,,o,soun,païré,Es,,tin,que,,,siaqqui,,moun,maistré,,,,et,,qué,,atzi,,,dé,l'ortzin,,,Cal,qué,,,pecqui,m'in,ôna,,et,qué,,bétzi,,del,poï,,Portotza,bostré,bé,et,douna-,mé,ço,qué,,,débi,obé,-,Ombé,,moun,fil,,digué,lou,païré,coumo,tu,boudras,,,,Sès,,,un,moïssant,,,,,,et,,,séras,puni,,Indoun,,,drubiguet,,,un,tirodou,,,,portotzé,,soun,bé,et,,né,fait,douoï,portidos,,égaloï,,,
SarlatVezac,1,Un,homé,n'obio,,qué,douï,drollé,,Lou,,pu,tzoïné,diguet,,o,choun,payré,Es,,ten,qué,,yo,chiagui,,moun,mettré,,,,et,,qué,yo,atzi,,,dé,l'ortzen,,,Cal,qué,,,pégui,m'en,ona,,et,que,,betzi,,dél,poï,,Portotza,bottre,bé,et,douna,mé,ço,qué,,,débi,obé,,Onbé,,moun,drollé,,digué,lou,payré,coumo,,bourla,,,,Ché,,,jun,moïchant,,,,,,et,,,chéra,puni,,Oprè,,,drubiguet,,,uno,tiréto,,,et,portotzé,,choun,bé,et,,ne,foguè,douo,pourciou,,égalo,,,
SarlatSarlat,1,Ün,homé,n'obio,ma,,douïs,fils,,Lou,,pu-s,tzoïné,diguét,dìguét,o,soun,païré,E-s,,tén,qué,,,sia-s-qui,,moun,me-s-tré,,,,et,,qué,,atzi,,,dé,l'ortzen,,,Cal,qué,,,pe-s-qui,m'én,ona,,et,qué,,bétzi,,d'el,poïs,,Portotza,bo-s-tré,bé,et,douna,mé,ço,qué,mé,,,rébèt,-,Ombé,,moun,fils,,diguét,lou,païré,comme,,bourlas,,,,Sès,,,ün,moïssant,,,,,,et,,,séras,puni,,Pey,,,drubïn,,,uno,tiréto,,,,portotzé,,soun,bé,et,,n'en,fo-s-quét,douoïs,parts,,pariéros,,,
SarlatVitrac,1,Un,hommé,n'obio,,qué,douy,fil,,Lou,,pu,tzoyné,diguet,,o,soun,payré,Et,,ten,qué,,,siagui,,moun,maîtré,,,,et,,qu',,atzi,,,dé,l'ortzen,,,Fal,qué,,,pégui,m'en,ona,,et,qué,,betzi,,del,poy,,Portotza,bottré,bé,et,douna,mé,ço,qué,,,débi,obé,,Ombé,,moun,fil,,diguet,lou,payré,coumo,,bourla,,,,Sés,,,un,moïssant,,,,,,et,,,sera,puni,,Opey,,,drubïn,,,uno,tiretto,,,,portotzet,,soun,bé,et,,né,foguet,douoy,pourçiou,,poriéro,,,
SarlatTamnies,1,Un,homé,n'ovio,,que,douy,fil,,Lou,,pu,tzoïne,diguet,,o,sooun,païré,Es,,ten,qué,,,siasqui,,mooun,mestré,,,,et,,qué,,atzi,,,dé,l'ortzen,,,Cal,que,,,pesqui,m'en,ona,,et,que,,vetzi,,del,poï,,Portetza,vostre,bé,et,douna,mé,ço,qué,,,dévi,ové,,Ombé,,moun,fil,,diguet,lou,païre,coumo,,vourla,,,,Ses,,,un,meyssan,,,,,,et,,,siras,puni,,Opey,,,drubiguet,,,un,tiroir,,,,portétzet,,soun,bé,et,,né,foguet,douos,poursious,,égaloy,,,
SarlatLaRoqueGageac,1,Un,homé,n'ovio,,qué,douïl,fil,,Lou,,pu,tzoïné,diait,,o,soun,païré,Et,,teimps,qué,,,siaï,,moun,maîtré,,,,et,,que,,adzi,,,del,ordzein,,,Cal,qué,,,pégui,m'ein,ona,,et,qué,,védzi,,del,poï,,Portodza,votré,bé,et,douna,mé,cho,qué,,,dévi,ové,-,Ombé,,moun,fil,,diait,lou,païré,coumo,,vourla,,,,ché,,,j'ün,moïchant,,,,,,é,,,chera,puni,,Opéi,,,drubiait,,,uno,tiréto,,,,portodzé,,soun,bé,é,,né,focqué,douoï,pourchiou,,porièro,,,
SarlatSarlatbis,1,Ün,homé,n'obio,ma,,douis,fils,,Lou,,pu,tzoïne,diguet,,o,choun,païré,E-s,,tén,qué,,,chia-s-que,,moun,me-s-tre,,,,et,,qué,,atzi,,,de,l'ortzen,,,Cal,qué,,,pe-s-qui,m'én,ona,,et,qué,,bétzi,,del,poïs,,Portotza,bo-s-tré,bé,et,douna,mé,cho,qué,,,débis,hobé,-,Ombé,,moun,fil,,diguét,lou,païré,coumo,,bourla,,,,Chés,,,ün,meychant,,,,,,et,,,chéras,puni,,Pey,,,drubïn,,,uno,tiréto,,,,portotzé,,choun,bé,et,,n'én,fo-s-quet,douoï,pourchiou,,égaloï,,,
SarlatBeynac,1,Un,homé,n'obio,,qué,douy,fils,,Lou,,pu,tzoïné,diguet,,o,soun,payré,és,,ten,qué,,iou,siagui,,moun,mestré,,,,et,,qué,,atzi,,,dé,l'ortzen,,,Cal,qué,,,pégui,m'en,ona,,et,qué,,betzi,,del,poy,,Portotza,bostré,bé,et,douna,mé,ço,qué,,,débi,obé,-,Ombé,,moun,fil,,diguet,lou,payré,coumo,tu,bourlas,,,Tu,sés,,,un,moïchan,,,,,,et,,,séras,puni,,Opey,,,drubiguet,,,un,tirodou,,,,portotzet,,soun,bé,et,,n'én,fet,douoy,pourtiou,,égalos,,,
SarlatMarcillacSaintQuentin,1,Ün,homé,n'obiot,,qué,douï,fil,,Lou,,pu,zoïné,diguet,,au,choun,païré,éi,,tin,qué,,,chiégui,,moun,maistré,,,,et,,qué,,azi,,,dé,l'orzin,,,Cal,qué,,,pogui,m'in,onat,,et,qué,,bézi,,del,pogui,,Portozat,bostret,bet,et,douna-,mé,cho,qué,,,débi,aubet,-,Ombé,,moun,drollé,,diguet,lou,païré,coumo,tu,boudrat,,,Tu,chés,,,un,méichant,,,,,,et,tu,,chiras,puni,,Péino,,,drubiguet,,,ün,tiroir,,,,portozet,,choun,bet,et,,n'in,foguet,douoï,pourchïou,,éigalo,,,
SarlatSaintVincentlePaluel,1,Un,homé,n'obio,,qué,douÿ,fils,,Lou,,pu,tzoyné,diét,,o,soun,payré,Et,,ten,qué,,,siacqu'y,,,mestré,,,,et,,qu',,atz'y,,,dé,l'ortzen,,,Cal,qué,,,pecqu'y,m'en,ona,,et,qué,,betz'y,,del,poys,,Portotza,bostré,bé,et,douna,mé,ço,qué,,,pod'y,obé,-,Ombé,,moun,fil,,diet,lou,payré,coumo,tu,bourlas,,,Tu,séz,,,un,meychant,,,,,,et,,,séras,puni,,Pey,,,drubiguet,,,un,tirodou,,,,portotzé,,soun,bé,et,,en,focqué,douoÿ,parts,,égalos,,,
SarlatMarcillac,1,Un,homé,n'ovio,,qué,douï,fil,,Lou,,pu,jouïné,dié,,o,soun,païré,Et,,tein,qué,,,siaqui,,,maîtré,,,,èt,,qué,,asi,,,dé,l'orjin,,,,Qué,,,pégui,m'ain,ona,,et,qué,,bési,,del,poï,,Portozia,votré,bé,et,douna,mé,so,qué,,,débi,obé,,On bé,,moun,fil,,digué,lou,païré,coumo,tu,bourla,,,,Ces,,,un,moïchant,,,,,,et,,,séra,puni,,Et,,,drubié,,,soun,tirodou,,,,portojé,,soun,bé,et,,né,fait,douoï,pourciou,,égalo,,,
SarlatMarquay,1,Un,homé,n'obio,,qué,douy,fil,,Lou,,pu,tzoyné,diét,,o,choun,payré,E,,ten,qué,,,chioqui,,moun,maitré,,,,et,,qué,,atzi,,,dé,l'ortzen,,,Cal,que,,,pégui,m'en,ona,,et,qué,,bétzi,,del,poï,,Portétza,botré,bé,et,douna,mé,cho,qué,,,débi,obé,-,Ombé,,moun,fil,,dié,lou,payré,coumo,,bourla,,,,Chés,,,un,méychan,,,,,,et,,,chéra,puni,,Péy,,,drubïn,,,un,tiroir,,,,portétzé,,choun,bé,et,,né,fogué,douoy,pourchiou,,poriéro,,,
SarlatSaintAndredAllas,1,Un,hommé,n'obio,,qué,douy,fils,,Lou,,put,zoïné,digait,,o,soun,payré,Est,,temps,qué,,,siay,,moun,maîtré,,,,et,,qué,,atzi,,,de,l'ortzent,,,Qual,que,,,petqui,m'en,ona,,et,qué,,betzi,,del,poys,,Portotza,bottré,bé,et,douna-,mé,ço,qué,,,podi,obé,,Ombé,,moun,fil,,digait,lou,payré,coumo,tu,bourlas,,,Tu,c'es,,,un,moychant,,,,,,et,tu,,séras,puni,,Opey,,,druben,,,un,tirodou,,,el,portotzait,,soun,bé,et,,né,fogait,douaux,pourtious,,égaloy,,,
SarlatLaCaneda,1,Un,hômé,n'obio,,qué,douy,fil,,Lou,,pus,tzoyné,diguet,,o,soun,païré,Es,,ten,qué,,,siasqui,,moun,mestré,,,,et,,qu',,atzi,,,dé,l'ortzen,,,Qual,qué,,,posqui,m'en,ona,,et,qué,,bétzi,,del,poï,,Portotza,bostré,bé,et,douna,mé,ço,qué,,,débi,obé,-,Ombé,,moun,fil,,diguet,lou,païré,coumo,,boudra,,,,sés,,,ün,moïssan,,,,,,et,,,séras,puni,,Pey,,,drubiguet,,,soun,tirodou,,,,portotzé,,soun,bé,et,,né,fet,douos,pourciou,,poriéro,,,
CarluxCalviacenPerigord,1,Un,homé,n'obio,,qué,douy,fils,,Lou,,pu,tzoyné,diguet,,o,son,payré,Es,,ten,qué,,,siasqui,,moun,maîstre,,,,et,,que,,atzi,,,de,l'artzen,,,Cal,qué,,,pécqui,m'en',ona,,et,qué,,betzi,,del,poï,,Portotza,bôotre,bé,et,douna,mé,ço,qué,,,débi,obé,,Oui,,moun,fil,,diguét,lou,payré,coumo,tu,boudras,,,Tu,sés',,,un,meyssant,,,,,,et,,,séras,puni,,Pey,,,ouvrant,,,un,tirodou,,,el,portotzait,,soun,bé,et,,en,foguet,douoy,pourcious,,égalos,,,
CarluxCarlux,1,Ün,homé,n'obio,ma,,douï,fils,,Lou,,pu,tjoïné,diguét,,o,soun,païré,és,,témps,qué,,,siasqui,,moun,méstré,,,,et,,qué,,atji,,,dé,l'ortjén,,,Qual,qué,,,pésqui,m'én,ona,,et,qué,,vétji,,dél,poï,,Portotja,bostré,bé,et,douna,mé,so,qué,,,débi,obé,-,On bé,,moun,drollé,,diguét,lou,païré,coumo,,bourla,,,,Sés,,,ün,méïchant,,,,,,et,,,séra,puni,,Péï,,,drubiguét,,,ün,tirodou,,,,portotjé,,soun,bét,et,,né,foguét,dúos,parts,,égaloïs,,,
CarluxPeyrillac,1,Un,homé,n'obio,,qué,douy,fil,,Lou,,pus,tzoïné,diet,,o,soun,païré,Es,,tén,qué,,,siasqui,,moun,mèstré,,,,et,,qu',,atzi,,,dé,l'ortzén,,,Cal,qué,,,pèsqui,m'én,ona,,et,qué,,bétzi,,dél,poï,,Portotza,bostré,bé,et,douna-,mé,ço,qué,,,débi,obé,-,Onbé,,moun,fil,,diet,lou,païré,coumo,,boudra,,,,S'ez,,,un,méïssant,,,,,,et,,,séras,puni,,Péï,,,drubiént,,,un,tirodou,,,él,portotzét,,soun,bé,et,,né,fet,douos,pourciouz,,égalo,,,
CarluxMillac,1,Un,homé,n'obio,ma,,douy,fil,,Lou,,pu,tzoïné,diguet,,o,soun,payre,Es,,ten,qué,,,siasqui,,moun,mestre,,,,et,,qué,,atzi,,,dé,l'ortzen,,,Cal,qué,,,pecqui,m'en,ona,,et,qué,,betzi,,del,poys,,Portotza,bostré,bé,et,douna,mé,ço,qué,,,débi,obé,-,Ombé,,moun,fil,,diguet,lou,payré,coumo,tu,bourla,,,,C'es,,,un,meyssant,,,,,,et,,,séra,puni,,Peysso,,,drubiguet,,,un,tirodou,,,,portotzet,,soun,bé,et,,né,foguet,douy,pourçyou,,porièro,,,
CarluxSaintJuliendeLampon,1,Un,hommé,n'ovio,ma,,douï,fil,,Lou,,pû,tsoïné,dièt,,o,soum,païré,Es,,tem,qué,,,siasqui,,moum,maistré,,,,et,,qu',,atsi,,,de,l'ortsent,,,Cal,qué,,,pesqui,m'en,ona,,et,qué,,vetsie,,del,poïs,,Portotsa,vostré,bé,et,douna,mé,cho,qué,,,dévis,ovéï,-,Ombé,,moum,fil,,dièt,lou,païré,coumo,,vourla,,,,T'iès,,,ün,michant,,,,,,et,,,sèra,puni,,Péïcho,,,drubient,,,ün,tirodou,,,,portotsé,,soum,bé,et,,n'en,fèt,douo,pourtioux,,égalo,,,
CarluxSainteMondane,1,Ün,omé,n'ovio,,qué,douy,fil,,Lou,,pu,tsoyné,diait,,o,soun,païré,Es,,tin,qué,,,siagui,,moun,maistre,,,,et,,qu',,atzi,,,de,l'ortzin,,,Cal,qué,,,pégui,m'in,ona,,et,qué,,vetzi,,del,poys,,Portotza,vostré,bé,et,douna-,mé,ço,qué,,,dévi,ové,-,Ombé,,moun,fil,,diait,lou,païré,coumo,tu,vourla,,,,Sez,,,ün,moïchant,,,,,,et,,,séra,puni,,Opré,,,drubîin,,,ün,tirodou,,,,portotzé,,soun,bé,et,,né,fogué,douoy,parts,,égalo,,,
CarluxSimeyrols,1,Ün,homé,n'obio,,qué,douy,fils,,Lou,,pu,tzoyné,diguèt,,o,soun,payré,Es,,tén,qué,,io,siasqui,,moun,maistré,,,,et,,qué,,atzi,,,dé,l'ortzén,,,Cal,qué,io,,pésqui,mé,n'ona,,et,qué,,bétzi,,del,poïs,,Portotza,bostré,bé,et,douna,mé,ço,qué,io,,débi,obé,-,Onbé,,moun,fil,,diguèt,lou,payré,coumo,tu,bourlas,,,,Sés,,,ün,meyssan,,,,,,et,,,seras,puni,,Pey,,,drubiét,,,ün,tirodou,,,,portotzé,,soun,bé,et,,né,fé,douoy,poursious,,égalos,,,
CarluxAillac,1,Un,homé,n'obio,,qué,douï,fil,,Lou,,pu,tzoïné,diguet,,o,soun,païré,et,,ten,qué,,io,siacqui,,moun,maittré,,,,et,,qué,,atzi,,,dé,l'ortzen,,,Fal,qué,,,pecqui,m'en,ona,,et,qué,,betzi,,del,poï,,Portotza,bottré,bé,et,douna,mé,ço,qué,io,,débi,obé,-,Ombé,,moun,fil,,diguè,lou,païré,coumo,tu,bourla,,,,C'es,,,un,moïchan,,,,,,et,,,séra,puni,,Pey,,,drubiguet,,,un,tirodou,,,et,portotzet,,soun,bé,et,,né,foguet,douo,pourtiou,,poriéro,,,
CarluxCazoules,1,Un,homé,n'obio,,qué,douy,fil,,Lou,,pu,tzoyné,diet,,o,soun,payré,Es,,ten,qué,,,siasqui,,moun,mestré,,,,et,,qué,,atzi,,,dé,l'ortzen,,,Cal,qué,,,pesqui,m'en,ona,,et,qué,,betzi,,del,poy,,Portotza,bostré,bé,et,douna-,mé,ço,qué,,,podi,obé,-,Ombé,,moun,fil,,diet,lou,payré,coumo,,boudra,,,,Tiès,,,un,meychant,,,,,,et,,,séras,puni,,Pey,,,drubien,,,un,tirodou,,,,portotzé,,soun,bé,et,,né,foet,douos,pourcious,,égaloy,,,
CarluxOrliaguet,1,Un,omé,n'ovio,,qué,douy,fils,,Lou,,pu,zéouné,diait,,au,choun,payré,est,,tin,qué,,,chiaqui,,mon,maîstre,,,,et,,qué,,atzi,,,dé,l'orzen,,,Cal,qué,,,péqui,m'in,ona,,et,qué,,vetzi,,del,poï,,Portotza,vostré,bé,et,douna,mez,auquo,qué,,,dévi,ové,,Oc,,moun,fils,,diait,lou,payré,coumo,,voudra,,,,Chez,,,un,meychant,,,,,,et,,,chéra,puni,,Peï,,,drubiait,,,un,tirodou,,,et,portotzé,,soun,bé,et,,né,foé,douoy,pourchiou,,poriéro,,,
CarluxVeyrignac,1,Un,hommé,n'ovio,,qué,douï,fils,,Lou,,pu,stsoïné,diguait,,o,soun,païré,Es,,tein,qué,,,siasqui,,moun,maistre,,,,et,,qué,,atsi,,,dé,l'orsein,,,Qual,qué,,,péï,m'ein,ona,,et,qué,,betsi,,del,poï,,Portotsa,bostré,bé,et,douna,mé,ço,qué,,,débi,obé,,On bé,,,fil,,dit,lou,païré,coumo,tu,bourlas,,,,Sès,,,un,méïchant,,,,,,et,,,seras,puni,,Péï,,,drubieint,,,un,tirodou,,,,portotsait,,soun,bé,et,,né,fait,douoïs,poursious,,égalos,,,
CarluxPratsdeCarlux,1,Un,homé,n'obio,,qué,douï,fil,,Lou,,pu,tzoïné,diguét,,o,choun,payré,Est,,tén,qué,,you,chiaqui,,moun,mettré,,,,et,,qué,,atzi,,,dé,l'ortzén,,,Cal,qué,,,pécqui,m'én,ona,,et,qué,,bétzi,,dél,poys,,Portotza,bôtré,,et,douna,mé,cho,qué,,,débi,obé,-,Ombé,,moun,fil,,diguét,lou,payré,coumo,,boudra,,,,Chés,,,un,moïchant,,,,,,et,,,chéra,puni,,Opeïcho,,,drubint,,,un,tirodou,,,,portotzé,,choun,bé,et,,n'én,focqué,douōï,pourchïous,,poriéros,,,
MontignacLeMoustier,1,Un,hommé,n'avio,noumâ,,doûs,fils,,Lou,,pû,tzoïne,dichait,,o,choun,païre,Ey,,temps,qué,,,chio,,moun,mèchtre,,,,et,,qu',,atze,,,de,l'artzen,,,Tsal,qué,,,potse,m'en,ana,,et,qué,,vetze,,del,paguî,,Partatzas,vochtre,bé,et,douna,mé,cho,qué,,,dévi,avey,-,O,,moun,fil,,dichait,lou,païre,coumo,tu,vouldras,,,Tu,ché,,,un,metsan,,,,,,et,tu,,chiras,puni,,Apey,,,drubant,,,un,tiroir,,,,partotzait,,choun,bé,et,,né,faguait,douas,pourchious,,eygolas,,,
MontignacAubas,1,Ün,homé,n'ovio,,qué,doû,fil,,Lou,,pu,zéouné,dichè,,à,choun,païré,Ey,,tén,qué,,,chiajqui,,moun,mèchtre,,,,èt,,qu',,atzi,,,de,l'arzén,,,Sal,qué,iooû,,pozsi,m'én,ona,,è,qué,,veszé,,dél,poï,,Portoza,vojtré,bé,è,douna-,mé,cho,qué,yoou,,dévi,avéï,,Obé,,moun,fil,,dichè,lou,païré,coumo,,vourdra,,,,Chè,,,ün,meychant,,,,,,è,,,chira,puni,,Péï,,,drubïn,,,uno,tiréto,,,,portozé,,choun,bé,è,,né,fogué,doua,parts,,éïgôla,,,
MontignacPeyzac,1,Un,hômé,n'ovio,,qué,douï,fils,,Lou,,pu,zoïné,digué,,o,soun,païré,Eï,,tén,qué,,,siasqui,,moun,mestré,,,,et,,qué,,azi,,,dé,l'orzen,,,Qual,qué,,,pesqui,mé,n'ona,,et,qué,,vézi,,del,pogui,,Portoza,vostré,bé,et,douma,mé,o quo,qué,,,dévi,ové,-,Ombé,,moun,fil,,digué,lou,païré,coumo,,vouldra,,,,Sés,,,ün,moouvé,,,,,,et,,,sira,puni,,Opéï,,,drubin,,,uno,tiretto,,,,portozé,,soun,bé,et,,né,fogué,douoï,pourçiou,,poriéro,,,
MontignacSaintLeonsurVezere,1,Un,homé,n'ovio,nouma,,dou,fil,,Lou,,pu,zoïné,dichè,,o,choun,païré,Ey,,tén,qué,,,chio,,moun,maistré,,,,è,,qu',,azé,,,dé,l'arzén,,,Sal,qué,,,pessé,m'en,ona,,è,qué,,vézé,,del,poï,,Partoza,vostré,bé,è,douna,mé,cho,qué,,,dévi,ovey,-,O,,moun,fil,,dichè,lou,païré,coumo,,vourdra,,,,Ché,,,un,moouvé,,,,,,è,,,chira,puni,,Opré,,,druban,,,un,tiroir,,,,partoza,,choun,bé,è,,n'én,foguè,doua,pourciou,,eygalo,,,
MontignacValojoulx,1,Un,hommé,n'oviot,,qué,douys,fils,,Lou,,pu,tzoïné,dichait,,au,choun,païré,Ey,,témps,qué,,,chichqui,,moun,maistré,,,,et,,qué,,atzi,,,dé,l'orzén,,,Fal,qué,,,pechqui,m'én,ona,,et,qué,,vetzi,,del,pôys,,Portotza,vostré,bé,et,douna-,mé,cho,qué,,,dévi,ové,-,Ombé,,moun,fil,,digait,lou,païré,coumo,,vourla,,,,Chè,,,zun,meychant,,,,,,et,,,churas,puni,,Pey,,,drubin,,,uno,tiretto,,,,portotzait,,choun,bé,et,,n'én,fogait,douoïs,pourchioux,,égalos,,,
MontignacLesFarges,1,Ün,hommé,n'aya,noumâ,,dou,fils,,Lou,,pu,zéüné,diché,,a,choun,payré,Ey,,tin,qué,,,chia,,moun,mechtrè,,,,et,,qu',,âzé,,,dè,l'arzin,,,Sal,qué,,,potsé,min,anâ,,et,què,,vézé,,del,poï,,Partazâ,vochtrè,bé,et,dounâ,mé,cha,qué,,,dévi,avey,-,Oh,,moun,fil,,diché,lou,payré,couma,,vouldras,,,,Chez,,,ün,metçan,,,,,,et,,,chirâ,puni,,Après quo,,,drubant,,,ün,tiroir,,,,partazé,,choun,bè,et,,nin,fagué,douas,parts,,eygalas,,,
MontignacAuriacduPerigord,1,Un,ômé,n'ovio,,què,doû,fî,,Lou,,pu,zoïnè,dichè,,o,soun,paï,Eï,,teim,què,,,chio,,moun,mestrè,,,,e,,qu',,azè,,,dè,l'argein,,,Sal,què,,,possè,m'ein,ona,,e,què,,vézè,,del,poï,,Partoza,vostrè,bè,e,douna-,mè,cho,què,,,dévè,ovéï,,Plo,,moun,fî,,dichè,lou,paï,coumo,tu,voûdra,,,Tu,ché,,,un,meïsson,,,,,,e,tu,,chira,puni,,Oprè,,,drubi,,,so,tirrèto,,,,partozé,,choun,bé,e,,n'ein,foguè,doua,pourchiou,,éïgola,,,
MontignacPlazac,1,Un,ome,n'avio,,qué,dou,fils,,Lou,,pu,joïné,disché,,o,soun,paï,Eï,,tein,qué,,,chio,,moun,meschtré,,,,è,,qué,,azi,,,dé,l'erzin,,,Tsal,qué,,,pesché,m'ein,ana,,è,qué,,végé,,del,paï,,Pertajâ,vostre,bé,è,douna-,mé,cho,qué,,,dévi,avey,-,O,,moun,fil,,disché,lou,paï,coumo,,vouldras,,,,Ché,,,un,maouvais,,,,,,é,,,chiras,puni,,E,,,drubiguè,,,cho,tiréto,,,,pertogè,,soun,bé,è,,n'ein,faguè,doua,pourtiou,,égolas,,,
MontignacThonac,1,Un,homé,n'ovio,,qué,dou,fil,,Lou,,pu,tsoïné,dichè,,o,choun,païré,Ey,,tém,qué,,,chio,,moun,méchtré,,,,et,,qu',,atsi,,,dé,l'artsén,,,Tsal,qué,,,pét-tsé,m'én,ona,,et,qué,,vét-tsi,,dél,poï,,Partétsa,vochtré,bé,et,douna,mé,cho,qué,,,dévi,ovèy,-,O,,moun,fil,,dichè,lou,païré,coumo,,vouldra,,,Tu,chè,,,un,môouvais,,,,,,et,,,chira,puni,,Opèy,,,drubin,,,uno,tiréto,,,,partotsé,,choun,bé,et,,n'én,fogué,doua,pourchiou,,poriéra,,,
MontignacSergeac,1,Un,homé,n'ovio,,qué,douy,fils,,Lou,,pu,tzoyné,digué,,o,soun,payré,Ey,,ten,qué,,you,chiasqui,,moun,maistré,,,,et,,qué,,assi,,,dé,l'ortzen,,,Qual,qué,,,posqui,m'en,onè,,et,qué,,vetsi,,dél,poys,,Portetza,voste,bé,et,douna,mé,ço,qué,,,débi,obé,-,O,,mon,fil,,diguet,lou,payré,coumo,,vourla,,,,Chès,,,un,maychan,,,,,,et,tu,,chiras,puni,,Opré quo,,,drubigué,,,un,tiroir,,,et,portetzé,,soun,bé,,,n'en,fogué,douoy,part,,poriéro,,,
MontignacRouffignacSaintCernindeReilhac,1,Un',ômé,n'ovio,,qué,doû,fil,,Lou,,pû,dzoïné,dîchè,,o,choun,paÿ,Eÿ,,tin,qué,,you,chio,,moun,mechtré,,,,è,,qué,you,adzé,,,dé,l'ardzin,,,Tsall,qué,you,,peutsé,m'in,ona,,è,què,you,vedzé,,dell,paÿ,,Partadza,vochtré,bé,è,dounâ,mé,cho,qué,you,,dévi,oveÿ,-,O,,moun,drôlé,,dichè,lou,pay,coumo,tu,voudra,,,Tu,ché,,,ün,moouvé,,,,,,è,tu,,chirâ,puni,,Peÿ,,,druban,,,ün,tiroir,,,ell,partadzè,,choun,bé,é,,n'in,foguè,doua,pourchïou,,éïgalâ,,,
MontignacLaChapelleAubareil,1,Un,omé,n'ovio,ma,,douï,fil,,Lou,,pu,dzoïné,diguèt,,o,choun,païré,Eh,,ten,qué,,,chiahqui,,moun,mèhtré,,,,è,,qu',,adzi,,,dé,l'ordzen,,,Cal,qué,,,pohqui,m'en,ona,,è,qué,,védzi,,dél,poï,,Portodza,vohtré,bé,è,douna-,mé,cho,qué,,,dévi,ové,,Obé,,moun,fil,,diguè,lou,païré,coumo,,voudra,,,,Chè,,,zun,mèïchan,,,,,,è,,,chirah,puni,,Opèï,,,druban,,,uno,tiréto,,,,portodzè,,choun,bé,è,,né,foguè,douoï,pourchïou,,égalo,,,
MontignacMontignac,1,Ün,hommé,n'ovio,,qué,dou,fil,,Lou,,pu,tzoïné,dichè,,o,choun,païré,Eï,,tén,qué,,,chio,,moun,maîchtré,,,,et,,qu',,atzé,,,dé,l'artzén,,,Sall,qué,,,potzé,m'én,ona,,et,qué,,vetzé,,del,poï,,Partoza,vochtré,bé,et,douna,mé,cho,qué,,,dèvi,oveï,,O,,moun,fil,,dichè,lou,païré,coumo,,vouldra,,,,Ché,,,ün,métson,,,,,,et,,,chira,puni,,Et,,,drubont,,,ün,tiroir,,,,partozé,,choun,bé,,,én,,doua,part,,eïgola,,,
BuissondeCadouinMolieres,1,Ün,hômé,n'obio,,qué,douï,drolé,,Lou,,pu,zoïné,diguet,,o,soun,païré,Éy,,tén,qué,,,siégui,,moun,mèstré,,,,è,,qué,,azi,,,dé,l'orzén,,,Cal,qué,,,pègui,m'én,ona,,è,qué,,bézi,,dél,poï,,Portéza,bosté,bé,è,douna,mé,ço,qué,,,dèbi,obé,-,Oh bé,,moun,drolé,,diguet,lou,païré,coumo,,bourra,,,,Sès,,,ün,méïchan,,,,,,è,,,sira,puni,,Opéïno,,,drubïn,,,no,tiréto,,,,portézét,,soun,bé,,,n'én,foguet,douoï,poursioü,,porriéro,,,
BuissondeCadouinAllessurDordogne,1,Ün,homé,n'obio,ma,,douïs,fils,,Lou,,pu,tzoïné,digué,,o,soun,païré,es,,téns,qué,,,siacqui,,moun,mettré,,,,et,,qu',,atzi,,,dé,l'ortzén,,,Cal,qué,,,pecqui,m'én,ona,,et,qué,,bétzi,,dél,poï,,Partatza,bottré,bé,et,douna,mé,ço,qué,,,débi,obé,-,Ombé,,moun,fil,,digué,lou,païré,Coumo,,boura,,,,Ces,,,ün,moïchant,,,,,,et,,,séras,punit,,Peysso,,,drubigué,,,ün,tiroir,,,et,portotzé,,soun,bé,et,,né,fé,douos,parts,,porriéros,,,
BuissondeCadouinCussac,1,Ün,ome,n'obio,,que,douï,fil,,Lou,,pu,tzoïne,diè,,o,soun,païre,Eï,,tën,que,,,siesqui,,moun,maistre,,,,é,,que,,atzi,,,de,l'ortzën,,,Fal,que,,,pèï,m'ën,ona,,é,que,,betzi,,del,poï,,Portetza,bostre,be,é,douna,me,ço,que,,,debi,obe,,O,,moun,fil,,diè,lou,païre,coumo,,boudra,,,,Cè,,,ün,meïçan,,,,,,é,,,sira,puni,,Opèi,,,drubiè,,,uno,tireto,,,,portetzè,,soun,be,é,,ne,foè,douoï,poursiou,bien,egalo,,,
BuissondeCadouinBouillac,1,Un,homé,n'avio,,que,douï,fil,,Lou,,pu,joïné,digué,,à,soun,païré,éï,,tem,qué,,,siaqui,,moun,méïtré,,,,et,,qu',,agi,,,dé,l'argen,,,Cal,qué,,,péï,m'en,ana,,et,qué,,végi,,del,païs,,Portaja,votré,bé,et,douna,mé,so,qué,,,dévi,ovéï,,O,,moun,fil,,digué,lou,païré,coumo,,voudras,,,,Sés,,,un,moïchant,fil,,,,,et,,,séras,puni,,Et,,,drubin,,,un,tiradou,,,,partajè,,soun,bé,et,,n'én,foé,doueï,pourtiou,,égalo,,,
BuissondeCadouinLeBuissondeCadouin,1,Ün,homé,n'obio,,qué,douï,fils,,Lou,,pu,tsoïné,digué,,o,soun,païré,Éi,,tén,qué,,,siéi,,moun,méstré,,,,et,,qué,,atsi,,,dé,l'ortsén,,,Cal,qué,,,pégui,m'én,ona,,et,qué,,bétsi,,dél,poï,,Portotsa,bostré,bé,et,douna-,mé,ço,qué,,,débi,obé,-,Ombé,,moun,fil,,digué,lou,païré,coumo,tu,boudras,,,,Sés,,,ün,méïçan,,,,,,et,,,siras,puni,,Opéï,,,drubié,,,ün,tiroir,,,,portotsé,,soun,bé,et,,né,fogué,douoï,parts,,poriéros,,,
BuissondeCadouinBadefolssurDordogne,1,U,nomé,novio,,qué,douï,fils,,Lou,,pu,joïné,digué,,o,soun,païré,Eï,,tén,qué,,iou,siégui,,moun,mestré,,,,é,,qué,,agui,,,dé,lorgen,,,Fal,que,,,pogui,mé,nona,,é,qué,,vezi,,del,poï,,Portoza,vosté,bé,é,douna,mé,ço,qué,,,dévi,ové,-,Oui,,moun,fil,,digué,lou,païré,coumo,,voudras,,,,Sé,,,jun,méïchant,,,,,,é,,,sira,puni,,E,,,drubin,,,uno,tireto,,,,portozé,,soun,bé,é,,né,fogué,douöï,pars,,éïgalos,,,
BuissondeCadouinPaleyrac,1,Un,hommé,n'ovio,,qué,douys,fils,,Lou,,pu,joyné,diguait,,o,soun,payré,Ey,,temps,qué,,,siagui,,moun,maistré,,,,et,,qué,,agis,,,dé,l'orgen,,,Cal,qué,,,pesquis,m'en,ona,,et,qué,,égis,,del,poys,,Portogea,vostré,bé,et,douna,més,ço,qué,,,dévis,ové,,Ombé,,moun,fil,,diguait,lou,payré,coumo,,vourla,,,,Cès,,,un,meychant,,,,,,et,,,séras,puni,,Puis,,,drubiguait,,,uno,tiréto,,,,portogeait,,soun,bé,et,,n'en,foguait,doys,pourcious,,eygales,,,
BuissondeCadouinUrval,1,Un,home,n'obio,,que,douy,fils,,Lou,,pu,choyne,dié,,au,soun,payre,Et,,temps,que,,,sigï,,moun,mettre,,,,et,,que,,agi,,,de,l'orgent,,,Cal,que,,,pégui,m'en,ona,,et,que,,begi,,del,poï,,Portogea,bottre,be,et,douna,me,so,que,,,debi,obe,,Ombe,,moun,fil,,dié,lou,payre,coumo,,bourla,,,,Ses,,,un,moyssan,,,,,,et,,,sera,puni,,Auprès,,,en drubin,,,un,tirodou,,,,portogé,,soun,be,et,,ne,foé,douoy,poursious,,égalos,,,
BuissondeCadouinCales,1,Un,hommé,n'ovio,,qué,douï,fil,,Lou,,pu,joïné,dié,,o,choun,païré,Eï,,temps,qué,,,chiagui,,moun,mestré,,,,é,,qué,,azi,,,del,orzent,,,Fal,qué,,,pégui,me,nona,,é,qué,,vézi,,del,poï,,Portéza,vostré,bé,é,douna-,mé,cho,qué,,,dévi,obé,,Obé,,moun,fil,,dié,lou,païré,coumo,,voudra,,,,Ché,,,ün,méïchant,,,,,,é,,,chira,puni,,O péïno,,,drubigué,,,uno,tiretto,,,,portozé,,choun,bé,é,,né,fogué,douoï,par,,porièro,pourchiou,,
LalindeVicq,1,Un,homé,n'ovio,,qué,douï,fil,,Lou,,pu,zoïné,digué,,o,choun,paï,Ey,,tèn,qué,,,siagui,,moun,mestré,,,,et,,qué,,azi,,,dé,l'orzen,,,Fol,qué,,,pèsqui,mé,nona,,et,qué,,vézi,,dél,poï,,Portoza,vostré,bé,et,douna,mé,cho,qué,,,dèvi,ové,,Obé,,moun,fil,,digué,lou,paï,coumo,,voudra,,,,Ché,,,un,meyssan,,,,,,et,,,sira,puni,,Opré,,,drubigué,,,uno,tiretto,,,,portozé,,choun,bé,et,,ne,fogué,douo,pourchïou,,eygaloï,,,
LalindeLioracsurLouyre,1,Un,hommé,n'ovio,,qué,douy,fils,,Lou,,pu,zoyné,digué,,o,choun,paï,ey,,tén,qué,,,chiagui,,,maistré,,,,et,,qué,,agui,,,dé,l'orzén,,,Fal,qué,,,pègui,m'én,ona,,et,qué,,végui,,dél,poï,,Portoza,vosté,bé,et,douna,mé,cho,qué,,,dévi,ové,,O,,moun,fil,,diguè,lou,paï,coumo,,voudra,,,,Chè,,,un,meyssant,,,,,,et,,,chira,puni,,Opèï,,,drubin,,,uno,tiréto,,,,portozè,,choun,bé,et,,né,foguè,douo,pourchious,,eygalos,,,
LalindeLalindeSainteColombe,1,Un,hommé,n'obio,,que,douï,fil,,Lou,,pu,zoïné,dié,,au,choun,paï,Ey,,ten,qué,,,chiesqui,,moun,mestré,,,,et,,qué,,asi,,,de,l'orzen,,,fol,qué,,,pésqui,mé,nona,,et,qué,,bézi,,del,poï,,Portoza,bostré,bé,et,douna,mé,cho,qué,,,dèbi,abé,,Oui,,moun,fil,,dié,lou,paï,coumo,,bourra,,,,Chez,,,un,meychant,,,,,,et,,,chira,puni,,Au peyno,,,drubïn,,,une,tiréto,,,,partozé,,choun,bé,et,,né,fogué,douoï,parts,,paréillo,,,
LalindeSaintCapraisedeLalinde,1,Un,homé,n'ovio,,qué,douï,drolés,,Lou,,plus,joïné,digué,,ò,soun,paï,Eï,,timp,qué,,,siasqui,,moun,mestré,,,,et,,qu',,agi,,,de,l'arzèn,,,Fal,qué,,,pesqui,mé,nona,,et,qué,,végi,,del,paï,,Portosa,vostrè,bé,et,douna,mé,so,qué,,,dévi,ovay,-,Oô,,moun,drole,,digué,lou,paï,coumo,tu,vouldras,,,,Sé,,,un,meyssant,,,,,,et,,,sira,puni,,Pey,,,en drubing,,,uno,tiretto,,,el,portosé,,soun,bé,et,,né,fogué,douo,pourtious,,eygalos,,,
LalindeBaneuil,1,Ün,hommé,n'obio,,qué,douy,fil,,Lou,,pu,zoïné,digait,,o,choun,paï,Ey,,tint,qué,,,chiagui,,moun,mestré,,,,et,,qué,,assi,,,dé,l'ortzin,,,Fal,qué,,,pesqui,m'in,auna,,et,qué,,vézi,,del,poï,,Portéza,vosté,bé,et,douna-,mé,cho,qué,,,dévi,obé,,Obé,,moun,fil,,digait,lou,paï,coumo,tu,boudras,,,Tu,ché,,,ün,meychant,,,,,,et,,,chira,puni,,Oprès,,,drubiait,,,ün,tiroir,,,et,portézait,,choun,bé,,,né,faugait,douoï,parts,,poreillos,,,
LalindePressignac,1,Un,homé,n'ovio,,qué,douy,fil,,Lou,,pu,zoyné,diguè,,o,soun,pay,Ey,,tén,qué,,,siasqui,,moun,mèstré,,,,é,,qu',,azi,,,dé,l'orzen,,,Fal,qué,,,pèsqui,m'én,ona,,é,qué,,vézi,,dél,poï,,Portéza,vostré,bé,é,douna,mé,so,qué,,,dévi,ové,-,O,,moun,fil,,diguè,lou,pay,coumo,,voudra,,,,Sès,,,un,mauouvè,,,,,,é,,,sira,puni,,Opéyno,,,druvin,,,un,tiroir,,,,portézé,,soun,bé,é,,né,fogué,douoy,poursïou,,poriéro,,,
LalindeMauzac,1,Un,homé,nobio,,qué,douï,fil,,Lou,,pu,zoïné,dié,,o,choun,paï,Eï,,tém,qué,,,chiégui,,moum,maistré,,,,é,,qué,,azi,,,dé,l'orzén,,,Fal,qué,,,pèchqui,mé,nona,,et,qué,,bézi,,dél,poï,,Portéza,bostré,bé,é,douna,mé,cho,qué,,,débi,obé,-,Oui,,moum,fil,,dié,lou,paï,coumo,tu,boudras,,,Tu,chè,,,un,méïchant,,,,,,et,,,chira,puni,,Et,,,drubin,,,un,tiroir,,,,portézè,,choun,bé,et,,né,fogué,douoï,pourchiöu,,égalo,,,
LalindeVerdon,1,Un,hommé,n'ovio,,qué,douÿ,fils,,Lou,,pu,zoënné,dit,,o,choun,pay,Ey,,tin,qué,,,chiagui,,mou,mestré,,,,et,,qué,,agui,,,dé,l'orzin,,,Fal,qué,,,pégui,mé,nona,,et,qué,,vézi,,del,poy,,Portéza,bostré,bé,et,douna-,mé,cho,qué,,,dévi,ové,-,Voui,,moun,fil,,dit,lou,pay,coumo,tu,voudras,,,Tu,ché,,,un,méychant,,,,,,et,tu,,chiras,puni,,Puis,,,drubié,,,un,tiroir,,,del,portozé,,choun,bé,et,,né,fogué,douo,pourchious,,eygalos,,,
LalindeSauvebœuf,1,Un,hommé,n'obio,,qué,douy,fil,,Lou,,pu,zoyné,digué,,o,choun,pay,Ey,,ten,qué,,,chiégui,,moun,mestré,,,,è,,qu',,azi,,,dé,l'orzen,,,Fal,qué,,,pégui,mé,nona,,è,qué,,bézi,,del,poï,,Portéza,bostré,bé,è,douna-,mé,cho,qué,,,débi,obé,-,Oui,,moun,fil,,digué,lou,pay,coumo,,boudra,,,,Ché,,,un,meychan,,,,,,è,,,chira,puni,,Opeyno,,,drubin,,,uno,tiréto,,,,portézé,,choun,bé,è,,né,foguè,douoy,par,,eygalo,,,
LalindeLalinde,1,Un,homé,n'obio,,qué,douy,fils,,Lou,,pu,zoyné,digué,,au,choun,pay,Ey,,tém,qué,,,chiagui,,moun,mèstré,,,,et,,,,azi,,,de,l'orzen,,,Fal,que,,,pesqui,mé,nona,,et,qué,,vézi,,del,poï,,Portoza,vostré,bé,et,douna,me,cho,qué,,,dèvi,ové,,O,,moun,fils,,digué,lou,pay,coumo,tu,voudras,,,,Ché,,,un,meychant,,,,,,et,,,chira,puni,,Opeyno,,,drubigué,,,uno,tiretto,,,,portézè,,soun,bé,et,,né,fogué,douoy,pourcious,,égalos,,,
LalindeSaintMarcelduPerigord,1,Un,ome,n'ovio,,qué,d'ouy,fil,,Lou,,pu,zoïné,digué,,o,choun,pay,Ey,,tén,qué,,,chiesqui,,moun,maistre,,,,et,,qué,,agui,,,dé,l'orzén,,,Fal,qué,,,pesqui,mé,nona,,et,qué,,vézi,,del,poï,,Portoza,vosté,bé,et,douna,mé,cho,qué,,,dévi,ové,,O,,moun,fil,,digué,lou,pay,coumo,,voudra,,,,Ché,,,un,meyssan,,,,,,et,,,sira,puni,,Opré,,,drubigué,,,uno,tiretto,,,,portozé,,choun,bé,et,,né,fogué,douo,poursioü,,eygalo,,,
LalindeCouzeetSaintFront,1,Un,hommé,n'habio,,qué,douï,fil,,Lou,,pu,zoïné,digué,,à,soun,paï,Ei,,tem,qué,,,siégui,,moun,maistré,,,,et,,qué,,azi,,,dé,l'arzen,,,Falto,qué,,,pogui,mé,nana,,et,qué,,bézi,,del,paï,,Partaza,bostré,bé,et,douna-,mé,cho,qué,,,dibi,habé,,Oui,,moun,fil,,digué,lou,paï,coumo,,bourra,,,,Ché,,,un,meichan,,,,,,et,,,chira,puni,,Pei,,,drubié,,,une,tiretto,,,,partazé,,soun,bé,et,,né,fagué,douo,pourchiou,,eigalo,,,
LalindeCausedeClerans,1,Un,hommé,n'ovio,,què,doué,fils,,Lou,,pu,zoeyné,digué,,o,choun,pay,Ey,,teimps,què,,you,siagué,,moun,mestré,,,,et,,què,you,agui,,,dè,l'orzin,,,Fal,qué,,,pesqué,m'in,ona,,et,què,you,végui,,del,poy,,Portéza,vostré,bé,et,douna,mè,so,què,you,,dévi,ovey,,O,,moun,fil,,digué,lou,pay,coumo,tu,voudras,,,Tu,sé,,,ün,meychant,,,,,,et,tu,,siras,puni,,Pey,,,drubiguè,,,ün,tiroir,,,,portézé,,soun,bé,et,,n'in,fogué,douo,pourssiou,,eygalo,,,
MonpazierMarsales,1,Un,hommé,n'abio,,que,douy,fils,,Lou,,plus,tzouyné,diguèt,,à,soun,payré,Es,,tén,qué,,,siégui,,moun,mestré,,,,et,,qué,,atzi,,,,d'artzèn,,,Cal,qué,,,pogui,m'én,ana,,et,qué,,bétzi,,del,pa-ys,,Partatza,bostré,bé,et,douna,mé,cho,qué,,,dibi,abé,,Oui,,moun,fil,,diguèt,lou,payré,coumo,,boudras,,,,chès,,,un,meychant,,,,,,et,,,chira,puni,,Après,,,durbint,,,une,tiretto,,,,partatzo,,soun,bé,et,,né,fay,douoi,pourciou,,pareillos,,,
MonpazierSaintMarcory,1,Un,hommé,n'ovio,,que,doui,fil,,Lou,,pus,jouiné,diguait,,o,soun,payré,Es,,tein,qué,,,siagui,,moun,maistré,,,,et,,qué,,atzi,,,dé,l'ortzein,,,Cal,qué,,,pogui,m'ein,ona,,et,qué,,betzi,,dél,poï,,Portotza,bostré,bé,et,douna-,mé,ço,qué,,,débi,obé,,Oui,,moun,fil,,diguait,lou,payré,coumo,,boudras,,,,C'es,,,un,moyssan,,,,,,et,,,siras,puni,,Oprès,,,drubiguait,,,un,tiroir,,,et,portotzait,,soun,bé,et,,né,foguait,douoï,poursious,,égalos,,,
MonpazierSaintAvitRiviere,1,Un,hommé,n'obio,,qué,douy,fil,,Lou,,pu,souyné,dié,,au,soun,payré,Ey,,teimps,que,,,sièi,,moun,mettré,,,,et,,qu',,assi,,,dé,l'orseint,,,Qual,qué,,,poys,m'ein,ana,,et,qué,,béssi,,del,poys,,Partossa,bottré,bé,et,douno,mé,so,qué,,,débi,obé,,Obé,,moun,fil,,dié,lou,payré,coumo,tu,boudras,,,Tu,ses,,,un,mychant,,,,,,et,tu,,siras,puni,,Ps,,,drubié,,,un,tiraudou,,,et,partossér,,soun,bé,et,,,foguér,douoy,poursious,,égalos,,,
MonpazierVergtdeBiron,1,Un,homé,n'abio,,qué,dous,fil,,Lou,,pu,tzouyné,diguet,,à,soun,payré,Es,,ten,qué,,you,siogui,,moun,mestré,,,,et,,qu',,atzi,,,dé,l'artzein,,,Cal,qué,,,pogui,m'en,ana,,et,qué,,betzi,,dé,païs,,Partatza,bostré,bé,et,douna,mé,ço,qué,,,dibi,abé,,Oui,,moun,fil,,diguet,lou,payré,coumo,tu,boudras,,,,Sès,,,un,mayssan,,,,,,et,,,seras,puni,,Puis,,,derban,,,un,tiradou,,,,partatzet,,soun,bé,et,,né,faguet,dios,pourtious,,égalos,,,
MonpazierMonpazierbis,1,Ün,omé,n'obio,,qué,douy,fil,,Lou,,pu,tzouyné,diguait,,à,soun,payré,ét,,tén,qué,,,chiagué,,moun,maîttré,,,,et,,qu',,atcé,,,dé,l'orsén,,,Qual,qué,,,pogué,mén,ana,,et,qué,,betsé,,dé,paï,,Partatsa,bottré,bé,et,douna,mé,cho,qué,,,diby,abé,,Ô,,moun,fil,,diguèt,lou,payré,coumo,,boudra,,,,Chech,,,ün,maïchan,,,,,,et,,,chiras,puni,,Et après,,,abé dubert,,,uno,tiretto,,,,partatsait,,soum,bé,et,,né,fagait,douos,partidos,,égalos,,,
MonpazierSoulaures,1,Ün,homé,n'abio,,qué,odui,filŝ,,Lou,,pu,dzouiné,dis,,à,soun,païré,És,,tén,qué,,,siagué,,moun,mèstré,,,,ét,,qu',,adzé,,,,d'ardzén,,,Cal,qué,,,pôgui,mé,nanâ,,ét,qué,,bédzi,,dé,paï,,Partodza,bostré,bé,ét,douna,mé,ço,qué,,,dibi,aveï,-,Abé,,moun,fil,,diguè,lou,païré,coumo,tu,boudraŝ,,,Tu,sès,,,ün,maïssan,,,,,,ét,tu,,siraŝ,puni,,Opeï,,,dubran,,,ün,tirodou,,,él,partodzè,,soun,bé,ét,,n'én,faguè,douoŝ,pourtiouŝ,,éïgaloŝ,,,
MonpazierSaintRomaindeMonpazier,1,Un,hommé,n'avio,,qué,douy,fils,,Lou,,put,jouyné,diguet,,au,soun,pay,Ey,,tem,qué,,,siagui,,moun,maistré,,,,et,,qué,,achi,,,de,l'archent,,,Fal,qué,,,pégui,m'en,ana,,et,qué,,véchi,,del,paï,,partatgea,vostré,bé,et,douna-,mé,ço,qué,,,débi,obé,-,Oui,,moun,fil,,diguet,lou,pay,coumo,,voudras,,,Tu,s'es,,,un,meychant,,,,,,et,tu,,séras,puni,,Pey,,,drubiguet,,,un,tiroir,,,,portotgeait,,soun,bé,et,,né,foguait,douo,pourciou,,égaloy,,,
MonpazierBiron,1,Ùn,omè,n'abio,,què,douï,fil,,Lou,,pu,tjouïne,diét,,à,soun,païré,Es,,ten,qué,,,sioï,,moun,mestrè,,,,et,,qu',,atzi,,,,d'artjèn,,,Cal,què,,,pogui,m'én,ana,,et,què,,betji,,del,paï,,Partatjas,bostrè,bè,et,douna,mè,ço,que,,,dibi,abè,-,Ò,,moun,fil,,diet,lou,païrè,coumo,,boudras,,,,Sès,,,ùn,maïchan,,,,,,et,,,siras,punit,,Puis en,,,durbïn,,,ùn,tiradou,,,,partatgèt,,soun,bè,et,,nè,faèt,dios,pourçïous,,igalos,,,
MonpazierGaugeac,1,U,n'ommé,n'abio,,qué,douï,fil,,Lou,,pu,souïné,diait,,à,soun,païré,Ey,,tin,qué,,,siégué,,moun,maistré,,,,et,,qué,,âssi,,,dés,l'arsin,,,Cal,qué,,,pôgui,min,ana,,et,qué,,bêssi,,del,païs,,Partassa,bostre,bé,et,douna,mé,çà,qué,,,dêbi,abé,-,Oui,,moun,fil,,diait,lou,païré,coummo,,boudra,,,,C'es,,,un,meyssan,,,,,,et,,,séra,puni,,Après,,,drubin,,,une,tiréto,,,,partassé,,soun,bé,et,,né,fagué,douöï,parts,,égalos,,,
MonpazierMonpazier,1,Ün,omé,n'obiöt,,qué,douy,drol'lé,,Lou,,pu,tzouyné,diguèt,,à,soun,païré,Et',,tén,qué,,,chiagué,,moun,mêt'tré,,,,é,,qu',,atsé,,,dé,l'ortsén,,,Cal,qué,,,pogué,mén,ana,,é,qué,,betsé,,dé,paï,,Partatsa,bot'tré,bé,é,douna,mé,cho,qué,,,dibi,abé,-,O,,moun,fil,,diguèt,lou,païré,coumo,,boudra,,,,Chèch,,,ün,maïchan,,,,,,é,,,chiraz,puni,,E aprè,,,abé dubert,,,uno,tiréto,,,,partatsèt,,soum,bé,é,,né,faguèt,douoz,pourtiouz,,égalo,,,
MonpazierCapdrot,1,Un,omé,n'abio,,qué,doui,fil,,Lou,,pu,tsouiné,diguet,,à,soun,paíré,Es,,ten,qué,,,siogui,,moun,mestre,,,,é,,qu',,atsi,,,dél,artsen,,,Cal,qué,,,pogui,m'en,ana,,é,qué,,betsi,,dé,pai,,Partatsa,bostré,bé,é,douna-,mé,so,qué,,,dibi,abé,-,Oui,,moun,fil,,diguet,lou,pairé,coumo,,boudras,,,,Ses,,,un,maisan,,,,,,é,,,siras,puni,,Après,,,durbiguet,,,soun,tiradou,,,,partatset,,soun,bé,é,,né,faguet,douos,poursious,,igalos,,,
VillamblardIssac,1,Un,homé,n'ovio,,qué,dous,fis,,Lou,,pu,joïné,dissé,,o,soun,paï,Ey,,tem,qué,,,siayé,,moun,meytré,,,,é,,qué,,ayé,,,dé,l'ergen,,,Foou,qué,,,péché,mé,nona,,é,qué,,véjo,,doou,poï,,Pertogea,votré,bè,é,douna,mé,ço,qué,,,dévè,oyéi,,Oui,,moun,fi,,dissé,lou,paï,coumo,tu,voudras,,,Tu,sé,,,un,meychon,,,,,,é,tu,,sira,puni,,Puis,,,druban,,,uno,tiréto,,,,partogé,,soun,bè,é,,nen,fogué,doua,pourciou,,eygolas,,,
VillamblardClermontdeBeauregard,1,Ün,hommé,n'ovio,,qué,douy,fil,,Lou,,pu,zoyné,diguè,,au,chou,pay,Ey,,tén,qué,,,chiêqui,,moun,maistré,,,,et,,qu',,âgui,,,de,l'orzén,,,Fal,qué,,,pésqui,mé,nona,,et,qué,,végui,,del,pogui,,Portoza,vostré,bé,et,douna,mé,cho,qué,,,dévi,ové,-,O,,moun,fil,,diguè,lou,pay,coumo,,voudra,,,,Chè,,,ün,meyssant,,,,,,et,,,chira,puni,,Pey,,,drubiguè,,,ün,tiroir,,,,portozè,,choun,bé,et,,né,foguè,douo,pourchiou,,eygales,,,
VillamblardSaintJeandEstissac,1,Un,hômè,n'ovio,,què,dou,fir,,Lou,,pû,zoynè,dîchè,,o,choun,pay,Ey,,tem,què,,,chio,,moun,meytrè,,,,è,,què,,aïè,,,dè,l'erzen,,,Foou,què,,,pêcè,m'en,onâ,,è,què,,vêzè,,doou,poï,,Pertozâ,votrè,bè,è,dounâ-,mè,cho,què,,,dêvè,ovey,-,O,,moun,fir,,dîchè,lou,pay,coumo,,voudrâ,,,,Ché,,,un,meyçon,,,,,,è,,,chirâ,puni,,Oleydoun,,,drubiguè,,,un,tiroir,,,,pertozè,,soun,bè,è,,n'en,foguè,douâ,pourchîou,,eygalâ,,,
VillamblardMontagnaclaCrempse,1,Ün,omé,n'ovio,,qué,douï,fils,,Lou,,pu,géoïné,digué,,à,soun,paï,Ey,,ten,qué,,yéou,sio,,,meytré,,,,é,,qué,,agi,,,dé,l'orgén,,,Foou,qué,,,pesqui,m'en,ona,,é,qué,,végi,,doou,poï,,Portogea,vostré,bé,é,douna-,mé,çon,qué,,,dévi,ovéï,-,Oui,,moun,fil,,digué,lou,paï,coumo,tu,voudras,,,Tu,sez,,,ün,méïchan,,,,,,é,tu,,séras,puni,,Péï,,,druvïn,,,ün,tiroir,,,éou,portogé,,soun,bé,é,,n'én,foé,douos,pourtious,,égalos,,,
VillamblardÉgliseNeuvedIssac,1,Unn,hômé,n'ovio,noumas,,doux,fîs,,Lou,,pus,joïné,dissé,,o,soun,paï,Eï,,tém,qué,,you,sïo,,moun,méïtré,,,,et,,qué,you,aïyé,,,dé,l'ergént,,,Foü,qué,you,,pessé,mé,nonas,,et,qué,you,véjé,,d oü,poyis,,Pertojas,votré,bé,et,dounas-,mé,ço,qué,you,,dêvé,oyéï,,O,,moun,fis,,dissé,l'ou,paï,coumo,tu,voüdras,,,Tu,ses,,,unn,méïschont,,,,,,et,tu,,siras,puni,,Péï,,,drubont,,,uno,tiréto,,,éou,pertojé,,soun,bé,et,,n'én,fogué,douas,poursious,,éïgolas,,,
VillamblardDouville,1,Ün,hômé,n'ovio,,qué,doû,fil,,Lou,,pû,zoÿné,diguè,,o,soun,paï,Eÿ,,tén,qué,,,siasqui,,moun,mèstré,,,,è,,qué,,azi,,,dé,l'arzen,,,Fol,qué,,,pèsqui,mé,nonâ,,et,qué,,végui,,del,poÿ,,Partozâ,vostré,bé,è,dounâ-,mé,sso,qué,,,dévi,oveÿ,,O,,moun,fil,,diguè,lou,paï,coumo,tu,voudrâ,,,Tu,ssé,,,ün,meÿsson,,,,,,è,,,ssirâ,puni,,Enssuîto,,,én drubïn,,,ün,tiroir,,,,partozè,,ssoun,bé,è,,én,foguè,douö,pourssiou,,poriéro,,,
VillamblardBeauregard,1,Ün,omè,n'ovio,,què,dou,fil,,Lou,,pu,zoïnè,diguè,,o,choun,paï,Eï,,tèn,què,,you,chio,,,mèchtrè,,,,è,,qu',,azè,,,dè,l'arzèn,,,Foou,què,you,,péchquè,mè,nona,,è,què,you,vézè,,del,pogui,,Partoza,vochtré,bè,è,douna,mè,cho,què,you,,dévè,ovèï,,O,,moun,fil,,diguè,lou,paï,coumo,tu,vourra,,,Tu,ché,,,ün,mèïson,,,,,,è,tu,,chira,puni,,Puis,,,drubon,,,uno,tirèto,,,el,partozè,,choun,bè,é,,n'èn,foguè,doua,par,,èïgola,,,
VillamblardSaintMartindesCombes,1,Unn,homé,n'ovio,,qué,dous,fils,,Lou,,pu,zoïné,diguè,,o,soun,paï,Eï,,tén,qué,,,siasqui,,moun,mèstré,,,,è,,qu',,azi,,,dé,l'orzén,,,Fal,qué,,,pèsqui,mé,nona,,è,qué,,vézi,,dél,pogui,,Portoza,vostré,bé,è,douna,mé,so,qué,,,dévi,ovéï,,Ouo,,moun,fil,,diguè,lou,paï,coumo,tu,voudras,,,Tu,sé,,,unn,méïchan,,,,,,è,tu,,siras,puni,,Oprès,,,onguè drubi,,,so,tiréto,,,él,portozè,,soun,bé,è,,én,foguè,douas,portidas,,éïgalas,,,
VillamblardVillamblard,1,Un,òmè,n'avio,,què,dou,fis,,Lou,,pû,zoïnè,dîssè,,o,soun,paï,Eï,,tèn,què,,you,sio,,moun,mèïtrè,,,,è,,qu',,aïjè,,,dè,l'arzèn,,,Foou,què,you,,pécè,m'èn,ona,,è,què,you,vêzè,,doou,poÿ,,Partozâ,vôtrè,bè,è,douna-,mè,ço,què,you,,dêvè,ovèï,,Oui,,moun,fis,,dîssè,lou,paï,coumo,tu,voudrâ,,,Tu,sé,,,un,mèïçon,,,,,,è,tu,,sira,puni,,È,,,drubon,,,un,tiroir,,,éou,partozè,,soun,bè,è,,n'èn,foguè,doua,poursiou,,èïgola,,,
VillamblardCampsegret,1,Ün,homé,n'ovio,,qué,douy,fil,,Lou,,pu,zoyné,digué,,o,choun,pay,Ey,,tén,qué,,,chiagui,,moun,mestré,,,,et,,qué,,agui,,,dé,l'orzén,,,Fal,qué,,,pesqui,m'én,ona,,et,qué,,vézi,,del,poï,,Portoza,vosté,bé,et,douna,mé,cho,qué,,,dévi,ové,-,Oui,,moun,fil,,digué,lou,pay,coumo,tu,voudras,,,,Ché,,,ün,meyzan,,,,,,et,tu,,chira,puni,,Oprès,,,drubigué,,,ün,tiroir,,,,portozé,,choun,bé,et,,né,fogué,douo,pourchio,,eygalo,,,
VillamblardLaveyssiere,1,Un,hommé,n'avio,,qué,douy,fils,,Lou,,pu,soyné,digué,,o,soun,pay,Ey,,ten,qué,,io,chiasqui,,moun,mechtré,,,,et,,qué,,aygui,,,dé,l'orsen,,,Qual,qué,,,pégui,m'en,ona,,et,qué,,végui,,del,poys,,Portosa,vochtré,bé,et,douna,mé,cho,qué,io,,dévi,ové,-,Oui,,moun,fils,,digué,lou,pay,coumo,tu,vourdras,,,Tu,ché,,,un,méysan,,,,,,et,tu,,chéras,puni,,Pey,,,ouvriait,,,un,tiroir,,,et,portoset,,choun,bé,et,,n'en,foguet,douoy,pourtious,,égalos,,,
VillamblardSaintJeandEyraud,1,Un̈,homè,n'ovio,,què,doû,fir,,Lou,,pu,joïné,dissè,,o,soun,paï,Ey,,tin,què,,,sio,,moun,meytrè,,,,è,,qu',,adgé,,,dè,l'argin,,,Foou,què,,,pètché,mé,nona,,è,què,,vèdgè,,doou,poï,,Pertodjâ,,ço qu'ové,è,douna,mè,ço,què,you,,dévè,ovey,-,O,,moun,fir,,dissé,lou,paï,coumo,,voudrâ,,,,Sè,,,un̈,meytchon,,,,,,è,,,sira,puni,,È,,,druban,,,so,tiréto,,,,partodgè,,so,fourtuno,è,,né,fogué,douâ,par,,eygolâ,,,
LaForceLeFleix,1,Un,hommé,n'avio,,qué,douy,gouyas,,Lou,,pu,joïné,digué,,à,soun,pay,Ey,,ten,qué,,,siesqui,,moun,mestré,,,,et,,qué,,asqui,,,dé,l'arjent,,,Faou,qué,,,pesqui,m'en,ana,pey,,que,,vesqui,,doou,païs,,Partaja,vosté,bé,pey,douna,me,ça,que,,,devi,aver,,O,,moun,gouya,,digué,lou,pay,coume,,voudra,,,,Sé,,,un,meychan,,,,,,et,,,sira,puni,,Pey,,,druben,,,un,tiroir,,,,partajé,,soun,bé,et,,n'en,fagué,dio,par,,eygale,,,
LaForceLesLeches,1,Un,hommé,n'oviot,,qué,dous,fils,,Lou,,pus,zoïné,dissait,,o,soun,pay,Ey,,temps,qué,,you,sayé,,moun,meytré,,,,et,,qué,,ayé,,,de,l'ergent,,,Foout,qué,you,,pessé,m'en,ona,,et,qué,you,vézé,,doout,pays,,Pertogea,votre,bé,et,douna,mé,ço,qué,you,,dévé,oyeï,,Oui,,moun,fils,,dissé,lou,pay,coumo,tu,voudras,,,Tu,sés,,,un,meychont,,,,,,et,tu,,siras,puni,,Pey,,,drubit,,,une,tiretto,,,éou,pertogé,,soun,bé,et,,n'en,foguet,douas,pers,,porièras,,,
LaForceSaintPierredEyraud,1,U,n'homé,n'avio,,qué,douï,fil,,Lou,,pu,zoïné,digué,,à,shoun,paï,Eï,,tén,qué,,,shiasqui,,moun,mèshtré,,,,et,,qu',,ashqui,,,dé,l'arzén,,,Foou,qué,,,peshqui,mé,nana,,et,qué,,veshqui,,doou,pâï,,Partaza,vosté,bé,et,douna-,mé,sha,qué,,,divi,oouguér,,Oui,,moun,fil,,digué,lou,paï,coumo,,voudra,,,,Shé,,,ün,méishan,,,,,,et,,,shira,puni,,Pey,,,druvén,,,ün,tiroir,,,,partazé,,shoun,bé,et,,n'én,fagué,douo,pourshiou,,éigalo,,,
LaForceLunas,1,Un,hommé,n'aviot,,qué,douix,fils,,Lou,,pû,joiëyné,digait,,à,soun,païe,Est,,temps,que,,,sisqué,,moun,maîstré,,,,et,,,,,mé,fol,de,l'argent,,,Falto,qué,,,pésquéis,mé,nana,,et,,,vesquais,,daux,pays,,Partageas,vosté,bien,et,dounas-,mé,sans,qué,mé,,,révait,,Oui,,moun,fil,,digait,lou,païe,coumo,tu,voudras,,,Tu,sais,,,un,méchant,,,,,,et,tu,,siras,puni,,Pay,,,droubigait,,,uno,tiretto,,,,partojait,,soun,bien,et,,ne,fogait,douaux,parts,,égalos,,,
LaForceMonfauconSud,1,Un,homé,n'avio,,qué,douïs,gouyats,,Lou,,pu,joïné,digué,,à,soun,pây,Ey,,tén,qué,,,siésqui,,,mestré,,,,et,,qu',,asqui,,,dé,l'argént,,,Foou,qué,,,posqui,m'en,ana,,et,qué,,vesqui,,doou,païs,,Partagea,vosté,bé,et,douna,mé,çan,qué,,,dévi,aouguer,-,Oui,,moun,fils,,digué,lou,pây,coumo,tu,voudras,,,Tu,sé,,,un,meychant,,,,,,et,tu,,siras,puni,,Pey,,,druben,,,un,tiroir,,,,partageait,,soun,bé,et,,nen,fasquait,dios,parts,,eygalos,,,
LaForceGinestet,1,Un,hommé,n'avio,,qué,douy,fils,,Lou,,pu,zoïné,digué,,à,soun,peay,Ey,,tein,qué,,,siagui,,moun,mestré,,,,é,,qu',,azi,,,dé,l'argein,,,fal,qué,,,pesqui,mè,nanâ,,é,qué,,vézi,,del,paï,,Partazas,vosté,bé,é,douna,mè,ça,qué,,,divé,azé,,O,,moun,fil,,digué,lou,peay,coummo,tu,voudrâs,,,Tu,sé,,,un,meyssant,,,,,,é,tu,,sirâs,puni,,Pey,,,drubigué,,,un,tiroir,,,,partagé,,soun,bé,é,,né,fagué,douos,pars,,eygalos,,,
LaForceLaForcebis,1,Un,homé,n'avio,,qué,douï,fil,,Lou,,pu,zoïné,digué,,à,soun,paï,Eï,,témps,qué,,,siasqui,,moun,mestré,,,,et,,qu',,asqui,,,dé,l'arzént,,,Fal,qué,,,pesqui,mé,nana,,et,que,,vesqui,,del,pâys,,Partaza,vosté,bé,et,douna,mé,cha,qué,,,divi,asé,,O,,moun,fil,,digué,lou,paï,coumo,,voudras,,,,Sé,,,un,meïçant,,,,,,et,,,siras,puni,,Pey,,,drubigué,,,un,tiroir,,,,partagé,,soun,bé,et,,n'en,fagué,douo,parts,,eigalos,,,
LaForceFraisse,1,Un,omé,novio,,qué,dou,fi,,Lou,,pu,zoyné,dissè,,o,soun,pay,Ey,,ten,qué,,,siayi,,moun,meytré,,,,et,,qué,,ayé,,,dé,lorzen,,,Foou,qué,,,pessi,men,ona,,et,qué,,vézé,,déou,poï,,Partaza,votré,bé,et,douna,mé,ço,qué,,,dévé,oyey,-,Oui,,moun,fi,,dissè,lou,pay,coumo,,voudra,,,,Sè,,,un,meyçant,,,,,,et,,,sira,puni,,Pey,,,drubiguè,,,uno,tiréto,,,et,partozè,,soun,bé,et,,nen,fogué,doua,pourciou,,egola,,,
LaForcePrigonrieuxbis,1,Unn,homé,n'avio,,qué,douï,fil,,Lou,,pu,joïné,diguai,,à,soun,paï,Ey,,tén,qué,,,siasqui,,moun,maistré,,,,et,,,,casqui,,,dé,l'argén,,,Falto,qué,,,pasqui,mé,nana,,et,qué,,vesqui,,dél,pahi,,Partaza,vosté,vé,et,douna,mé,sa,qué,,,divi,azé,-,O,,moun,fil,,diguai,lou,paï,coumo,tu,voudras,,,Tu,sai,,,unn,meychant,,,,,,et,tu,,siras,puni,,Pey,,,drubiguai,,,uno,tiretto,,,zel,partazai,,soun,bé,et,,n'én,faguai,douo,poursiou,,eygalos,,,
LaForceMonfauconNordEst,1,U,nomet,n'avio,,quet,dou,fi,,Lou,,pu,joïnet,disset,,o,soum,paï,Ey,,tem,quet,,iou,siayet,,moum,meytret,,,,et,,qu',,ayet,,,det,l'argem,,,Foou,quet,,,péchet,met,nána,,èt,quet,,vézet,,doou,poyi,,Partogea,votret,bim,et,douna,met,so,quet,,,dévet,oouguey,-,Oui,,moum,fi,,disset,lou,paï,coumo,tu,voudras,,,Tu,sé,,,um,meychant,fi,,,,,et,tu,,siras,puni,,Pey,,,drubem,,,soum,tiroir,,,,partoget,,sum,biem,et,,,foguet,doua,pourtiou,,eygala,,,
LaForceSaintGeorgesBlancaneix,1,Un,homme,n'avio,,qué,douï,fi,,Lou,,pu,joïne,digué,,à,soun,paï,Eï,,tem,qué,,,chiasqué,,moun,mestré,,,,et,,qué,,agué,,,dé,l'arzént,,,Foou,que,,,pechqué,m'en,ana,,et,que,,vechqué,,doou,paÿs,,Partaza,vosté,bé,et,douna,me,cha,qué,,,déve,aoügai,,Oh,,moun,fi,,digué,lou,paï,coumo,tu,voudra,,,Tu,ché,,,un,méïssant,,,,,,et,tu,,chiras,puni,,Peï,,,drubiguait,,,uno,tiretto,,,peï,partazé,,soun,bé,et,,n'en,fagué,douï,parts,,parières,,,
LaForceBosset,1,Un,homé,n'avio,nouma,,dous,fis,,Lou,,pu,joïné,dissé,,o,soun,paï,Ey,,témps,que,,you,siaïé,,mon,meytré,,,,et,,que,you,aïé,,,dé,l'argent,,,Foou,qué,you,,péçhé,mé,nana,,et,qué,you,véz̧é,,doou,paï,,Partag̨ea,votré,bé,,dounâ,mé,so,que,you,,dévé,oïey,-,Oui,,moun,fis,,dissé,lou,paï,coumo,tu,voudrâs,,,Tu,sé,,,un,meyçhant,,,,,,et,tu,,sirâs,puni,,Oprés,,,drubi,,,un,tiroir,,,éou,partag̨é,,soun,bé,et,,nén,fagué,douâs,parts,,eygalâs,,,
LaForceSaintGery,1,Un,hommé,n'avio,,qué,dous,fis,,Lou,,pu,joouné,diché,,à,choun,paï,Ey,,ten,qu,,you,chio,,,méïtré,,,,et,,qué,you,âyé,,,dé,l'argin,,,Fo ou,qué,you,,péché,m'én,ona,,et,qué,you,véjé,,d'o ou,poys,,Partoya,votr,bé,et,douna,mé,ché,qué,you,,dévé,oyé,,O,,moun,fi,,diché,lu,paï,coumo,tu,voudrâs,,,Tu,ché,,,un,méychin,,,,,,et,tu,,chira,puni,,Et,,,ubrant,,,cho,tiretto,,,o,portayé,,choun,bé,et,,n'in,fagué,douas,pourcjios,,égolas,,,
LaForcePrigonrieux,1,Un,hommé,n'avio,,qué,douy,fil,,Lou,,pu,tjoïné,diguè,,à,soun,paï,Eï,,tén,qué,,,siasqui,,moun,maistré,,,,et,,qu',,atji,,,dé,l'argént,,,Falto,qué,,,pèsqui,m'én,ana,,èt,qué,,vésqui,,dél,pahi,,Partagea,vosté,bé,èt,douna-,mé,cha,qué,,,dévi,avé,,Oui,,moun,fil,,diguè,lou,paï,coumo,,voudra,,,,Sè,,,un,méissant,,,,,,è,,,sira,puni,,Pèï,,,drubin,,,uno,tiretto,,,,partagè,,soun,bé,et,,n'én,faguè,douo,parts,,pareillo,,,
LaForceLaForce,1,Un,hommé,n'avio,,qué,douy,fil,,Lou,,pu,joyné,digué,,à,soun,paï,Ey,,témps,qué,,,sisquy,,moun,maistré,,,,et,,qué,,asquy,,,dé,l'argzént,,,Foou,qué,,,pesquiy,mé,nana,,et,qué,,vesquy,,doou,pa-ïs,,Partagza,vosté,bé,et,douna,mé,ça,qué,,,divy,aczé,,Oui,,moun,drolé,,digué,lou,paï,coumo,tu,voudras,,,,Sé,,,un,méychzant,,,,,,et,,,siras,puni,,Pey,,,drubigué,,,un,tiroir,,,,partagzé,,soun,bé,et,,nén,fagué,douo,pourtious,,eygalos,,,
EymetFonroque,1,Ün,homé,n'avio,,qué,douy,fils,,Lou,,pu,tzoïné,diai,,à,soun,pâï,Ey,,ten,qué,,you,siasqué,,moun,maistré,,,,et,,qué,,aïe,,,dé,l'artzent,,,Faou,qué,you,,posqué,mén,ana,,et,qué,,végui,,doou,pagui,,Partétza,bosté,bé,et,douna,mé,ço,qué,you,,dibé,oougué,-,Oui,,moun,fil,,digué,lou,pâï,coumo,tu,vouras,,,,Sès,,,ün,méïchant,,,,,,et,,,siras,puni,,Pey,,,drubiguè,,,ün,tiroir,,,,partétzè,,soun,bé,et,,en,fosquè,dios,pourtious,,eigalos,,,
EymetSingleyrac,1,Un,homme,n'abio,,que,douou,gouyiats,,Lou,,pu,jounne,digué,,à,soun,pay,Ey,,temps,que,,,sisque,,moun,maistre,,,,et,,,,quasque,,,de,l'argent,,,Foun,que,,,posque,m'en,nana,,et,que,,besque,,dou,pays,,Partagea,boste,be,et,douna,me,sans,que,,,debe,abe,,Oui,,moun,gouyiat,,digué,lou,pay,coummo,,bourra,,,tu,s'es,,,un,meychant,,,,,,et,tu,,siras,puni,,Pey,,,durbigué,,,un,tiroir,,,,partagé,,soun,be,et,,n'en,fasque,dios,pourties,,eygalos,,,
EymetRazacdEymet,1,Ún,omé,n'avio,,qué,douÿ,fil,,Lou,,pu,souÿné,dié,,à,soun,paÿ,Eÿ,,tén,qué,,,siaï,,moun,mestré,,,,et,,qu',,assi,,,de,l'orsén,,,Fooú,qué,,,péi,m'en,ana,,et,qué,,vési,,déou,poys,,Portosa,vostré,bé,et,douna,mé,cho,qué,,,devi,oseÿ,-,Oui,,moun,fil,,dié,lou,paÿ,coumo,,voudras,,,,Ché,,,ún,meychan,,,,,,et,,,séra,puni,,Peÿ,,,drubin,,,ún,tiroir,,,,portosé,,choun,bé,et,,né,foé,douos,pourtious,,éÿgalos,,,
EymetSerresetMontguyard,1,Un,hommé,n'abio,,qué,douy,gouya,,Lou,,pu,dzouyné,digai,,à,choun,paï,Eï,,tén,qué,,,chigué,,moun,mèstré,,,,et,,qué,,azé,,,dé,l'arzén,,,Foou,qué,,,pousqué,mé,nana,,et,qué,,bézé,,dé,pahï,,Partaza,bosté,bé,et,douna,mé,cha,qué,,,dibé,azéï,,Oui,,moun,fil,,digai,lou,paï,coumo,,bourra,,,,Chè,,,un,méïchant,,,,,,et,,,chira,puni,,Péy,,,drubin,,,un,tiroir,,,,partazé,,choun,bé,et,,n'én,fasquè,dio,par,,éïgalo,,,
EymetSadillac,1,Un,homme,n'abio,,que,douy,drole,,L'ou,,pu,souyne,diguait,,à,soun,paï,Ey,,ten,que,,you,siasque,,moun,maistre,,,,et,,que,you,asi,,,de,l'arcen,,,Fal,que,you,,posqui,m'en,ana,,et,que,you,besi,,del,poï,,Portosa,boste,be,et,douna,me,ça,que,you,,debi,ase,,Oui,,moun,fil,,digai,lou,paï,coumo,tu,bourra,,,Tu,s'ès,,,un,meychan,,,,,,et,tu,,sira,puni,,Pey,,,drubin,,,un,tirouar,,,el,portosé,,soun,be,et,,n'en,fasquai,douo,pourtiou,,eygalo,,,
EymetEymet,1,Ün,homé,n'abio,,qué,douy,drôlé,,Lou,,pu,zouyné,digué,,à,choun,paï,éy,,tén,qué,,,chiasqui,,,maichtré,,,,é,,qué,,ari,,,dé,l'arzén,,,Faou,qué,,,pochqué,mé,nana,,é,qué,,bézé,,daou,paï,,Partaza,bosté,abéy,é,douna-,mé,cha,qué,,,dibé,azéy,-,Oui,,moun,drôlé,,diguè,lou,paï,coumo,,bourra,,,,Chè,,,ün,méychant,,,,,,é,,,chira,puni,,Péy,,,én drubïn,,,ün,tiroir,,,,partazé,,choun,abéy,é,,nén,fachqué,dio,pourchiou,,eygalo,,,
EymetSaintAubindeCadelech,1,Un,omé,n'abio,,qué,douy,fils,,Lou,,pu,zouyné,diguait,,à,choun,pay,Eï,,tém,qué,,,chiasqui,,moun,mestré,,,,et,,qué,,azi,,,dé,l'arzén,,,Faou,qué,,,posqui,m'én,ana,,et,qué,,bézi,,deou,paï,,Partaza,bosté,bé,et,douna-,mé,cho,qué,,,dibi,azéï,,Oui,,moun,fil,,diguait,lou,pay,coumo,,bourra,,,,Chez,,,un,méïchan,,,,,,et,,,chira,puni,,Pey,,,drubiguait,,,un,tiroir,,,,partazait,,choun,bé,et,,né,fasquait,dio,pourtious,,éïgalos,,,
EymetSaintCapraisedEymet,1,Un̈,hommé,n'abiot,,qué,doui,fils,,Lou,,pu,zouiné,digué,,à,soun,paï,Eï,,tin,qué,,,sigué,,moun,maistré,,,,et,,qu',,adzi,,,dé,l'ardzin,,,Fal,qué,,,posqui,mé,nana,,et,qué,,bedzi,,del,païs,,Partedza,bostré,bé,et,dounas-,mé,cho,qué,,,dibis,abéi,-,Oui,,moun,fil,,digué,lou,paï,coumo,,bouras,,,,Sé,,,un̈,méichant,,,,,,et,,,siras,puni,,Péi,,,drubin̈,,,un̈,tiroir,,,,partedzé,,soun,bé,et,,n'in,fosqué,dio,parts,,éigalos,,,
EymetSainteEulaliedEymet,1,Un,omé,n'abio,,qué,douy,gouya,,Lou,,pu,jouyné,digué,,à,soun,pay,Éy,,tém,qué,,,sisqué,,moun,mèstré,,,,et,,qué,,aougui,,,dé,l'argén,,,Foou,qué,,,posqui,m'en,ana,,et,qué,,besqué,,déou,paï,,Partaza,bosté,bién,et,douna-,mé,sa,qué,,,dibé,aouguey,-,Oui,,moun,drolé,,digué,lou,pay,coumo,,bourra,,,,Sé,,,un,méyssan,,,,,,et,,,sira,puni,,Pey,,,drubén,,,un,tiroir,,,,partazé,,soun,bién,et,,n'én,fasqué,dio,par,,eygalo,,,
EymetSaintJuliendEymet,1,Ün,hommé,n'abio,,qué,douï,gouyats,,Lou,,pu,djouïné,digait,,à,soun,paï,Ei,,tén,qué,,,sisqué,,moun,mestré,,,,et,,qué,,agué,,,dé,l'ardjént,,,Fauou,qué,,,posqué,mé,nana,,et,qué,,bédjé,,daou,paï,,Partadja,bosté,bé,et,douna,mé,ça,qué,,,dibé,aouguéï,,Oui,,moun,fil,,digait,lou,paï,coummo,,bourra,,,,Ses,,,ün,meyssant,,,,,,et,,,sira,puni,,Peï,,,drubén,,,uno,tiretto,,,,partadjé,,soun,bé,,,én,,dio,parts,,eygalos,,,
EymetSainteInnocence,1,U,nhomé,n'abio,,qué,douy,fils,,Lou,,pu,zoyné,digué,,à,choun,pay,Ey,,tém,qué,,you,chigué,,moun,maîstré,,,,et,,qué,,azé,,,dé,l'arzén,,,Faou,qué,you,,pochqué,mé,nana,,et,qué,you,bézé,,daou,paï,,Partaza,bosté,bé,et,douna-,mé,cha,qué,,,dibé,azey,,Oui,,moun,fil,,digué,lou,pay,coumo,,bourra,,,,Ché,,,ün,meyssant,,,,,,et,,,chira,puni,,Pey,,,drubigué,,,ün,tiroir,,,,partazé,,choun,bé,et,,n'én,fachqué,douo,parts,,eygalo,,,
EymetRouquette,1,Ün,hommé,n'abio,,qué,douy,gouyat,,Lou,,pu,zouyné,digué,,à,soun,paï,Ey,,tén,qué,,,chisqué,,moun,maistré,,,,et,,qué,,azé,,,dé,l'arzén,,,Faou,qué,,,posqué,m'én,ana,,et,què,,bézé,,daou,paÿ,,Partaza,bosté,bien,et,douna,mé,cha,qué,iou,,dibé,aouguéï,-,Oui,,moun,gouyat,,digué,lou,paï,coumo,,bourra,,,,Ché,,,ün,meychant,,,,,,et,,,chira,puni,,Pey,,,drubigué,,,ün,tiroir,,,,partazé,,soun,bien,ét,,n'én,fasqué,dio,pourchiou,,eygalo,,,
IssigeacConnedeLabarde,1,Un',homé,n'avio,,qué,douï,fils,,Lou,,pu,joïné,digué,,à,choun,paï,Eï,,tén,qué,,,chiski,,moun,mestré,,,,ét,,qu',,azi,,,dé,l'arzén,,,Fal,qué,,,pechqui,m'én,ana,,et,qué,,vézi,,dél,paï,,Partaza,vosté,bé,et,douna,mé,cho,qué,,,dévi,avé,-,Oui,,moun,fil,,digué,lou,paÿ,coumo,,vourra,,,,Ché,,,ün',méïchan,,,,,,et,,,chira,puni,,Péï,,,drubigué,,,uno,tiréto,,,ét,partazé,,choun,bé,et,,né,fagué,douo,pourchïous,,pareillos,,,
IssigeacSaintCernindeLabarde,1,Un,homé,n'abio,,qué,douy,fil,,Lou,,pu,zoyné,di,,à,soun,pay,Hey,,tén,qué,,,siagui,,moun,mestré,,,,et,,qu',,âze,,,dé,l'arzén,,,Fal,qué,,,posqui,mé,nana,,et,qué,,bézi,,del,paï,,Partéza,bostré,bé,et,douna,mé,cho,qué,,,dibi,abé,,Oui,,moun,fil,,digué,lou,pay,coumo,,bourra,,,,Ché,,,un,meychan,,,,,,et,,,chira,puni,,Pey,,,drubigué,,,un,tiroir,,,,partazé,,soun,bé,et,,né,fagué,dous,pourchiou,,éygalos,,,
IssigeacIssigeac,1,Ün,homé,n'abio,,qué,douÿ̄,fil,,Lou,,pu,zouyné,digué,,à,soun,päÿ̄,Ey,,tein,qué,,,siégui,,mon,mestré,,,,et,,qué,,azi,,,dé,l'argein,,,Fal,qué,,,pogui,mé,nana,,et,qué,,bézi,,del,paÿ,,Partagea,bostré,bé,et,douna-,mé,ço,qué,,,dibi,abé,-,Oui,,moun,fil,,digué,lou,päÿ̄,como,,bourra,,,,çé,,,ün,meychan,,,,,,et,,,çira,puni,,Pey,,,drubigué,,,ün,tiroir,,,,partagé,,son,bé,et,,né,fagué,douo,pourtiou,,eygalos,,,
IssigeacMonmadales,1,Ün,homé,n'abio,,qué,douïs,fil,,Lou,,pu,dzouïné,dié,,à,choun,paï,eï,,tin,qué,,,chiagui,,moun,mèstré,,,,é,,qu',,adzi,,,dé,l'ardzén,,,Falto,qué,,,podi,mé,nana,,é,qué,,bedzi,,dél,païs,,Partadza,bostré,bé,é,douna,mé,cho,qué,,,débi,abé,,Oui,,moun,fil,,dié,lou,paï,coumo,,bourra,,,,Ché,,,ün,méïchant,,,,,,é,,,chiras,puni,,Péï,,,drubïn,,,uno,tiréto,,,,partadzé,,choun,bé,é,,n'én,fachquèt,douos,parts,,éïgalos,,,
IssigeacFalgueyrat,1,Ün,hommé,n'abio,,qué,douy,fil,,Lou,,pu,zouyné,digué,,à,choun,pay,Ey,,tin,qué,,,chiasqui,,moun,mestré,,,,et,,qué,,ashqui,,,dé,l'arzin,,,Fal,qué,,,posqui,m'in,alla,,et,qué,,boï,,del,paï,,Pertéza,bostré,bé,et,douna,mé,cho,qué,,,débi,abé,,O,,moun,fil,,chou-di,lou,pay,coumo,,bourras,,,,Ché,,,ün,meychant,,,,,,et,,,chiras,puni,,Et,,,drubin,,,ün,tiror,,,,pertézé,,choun,bé,et,,né,fashqué,douy,pourchïou,,égalo,,,
IssigeacMontaut,1,Ün,omé,n'abio,,qué,douï,fil,,Lou,,pu,jouïné,digué,,à,soun,paï,Eï,,tén,qué,,,chiagui,,moun,maistré,,,,et,,qu',,azi,,,dé,l'argén,,,Fal,qué,,,poï,mé,nana,,et,qué,,bézi,,dél,païi,,Partaza,bostré,bé,et,douna-,mé,cho,qué,,,débi,abé,-,Oui,,moun,fil,,digué,lou,paï,coumo,,bourra,,,,Ché,,,ün,méïchan,,,,,,et,,,chira,puni,,Péï,,,drubigué,,,ün,tiroir,,,,partazé,,soun,bé,et,,nén,fagué,douo,pourchiou,,éïgalo,,,
IssigeacSaintLeondIssigeac,1,Un,hômé,n'abio,,qué,douy,fils,,Lou,,pu,jouyné,diguet,,à,soun,pay,Ey,,témps,qué,,,siagui,,moun,mestré,,,,et,,qué,,aji,,,dé,l'arjent,,,Fal,qué,,,pogui,mé,n'enna,,et,qué,,béji,,del,pagui,,Partaja,vostré,bé,et,douna,mé,ço,qué,,,podi,abé,,Oui,,moun,fils,,diguet,lou,pay,coumo,,boudras,,,,Sés,,,un,meychant,,,,,,et,,,siras,puni,,Puis,,,drubint,,,uno,tiretto,,,,partaje,,soun,bé,et,,en,fagué,douoy,parts,,eygalos,,,
IssigeacFaux,1,Ün,hommé,n'obio,,qué,doui,fil,,Lou,,pu,tzoïné,diguét,,o,soun,paï,Ést,,tém,qué,,,sïagui,,moun,mestré,,,,et,,qu',,atzi,,,de,l'ortzén,,,Fal,qué,,,pesqui,m'én,ona,,et,qué,,vétzi,,dél,poï,,Portézza,bostré,bé,et,douna-,mé,ço,qué,,,débi,obé,-,Oui,,moun,fil,,digué,lou,paï,coumo,,boudra,,,,Sés,,,ün,méïssan,,,,,,et,,,séra,puni,,Péi,,,drubiguet,,,ün,tirroir,,,,portézzé,,soun,bé,et,,né,fosqué,douoï,pourciou,,égalo,,,
IssigeacBouniagues,1,Ün,homé,n'abio,,qué,douÿs,fils,,Lou,,pu,tzoÿné,diguet,,à,soun,paÿ,Eÿ,,tèn,qué,,,siagui,,moun,mestré,,,,et,,qué,,atzi,,,dé,l'artzént,,,Falto,qué,you,,pégui,m'én,ana,,et,qué,you,vetzi,,dél,pays,,Partatza,bostré,bé,et,douna,mé,ço,qué,,,débi,obé,-,Oui,,moun,fil,,diguet,lou,paÿ,coumo,tu,boudras,,,Tu,sès,,,ün,meychant,,,,,,et,tu,,siras,punit,,Pèy,,,drubiguet,,un̈ meychant et tu siras punit Peỳ drubiguet,un̈,tiroit,,,,partatzèt,,soun,bé,et,,né,faguet,douos,poursious,,eygalos,,,
IssigeacIssigeacbis,1,Ün,homé,n'abio,,qué,douÿ,fil,,Lou,,pu,jouyné,digué,,à,soun,paÿ̄,Ey,,tein,qué,,,siégui,,moun,mestré,,,,et,,qué,,azi,,,dé,l'argein,,,Fal,qué,,,pogui,mé,nana,,et,qué,,bézi,,del,paÿ,,Partagea,bostré,bé,et,douna-,mé,ço,qué,,,dibi,abé,-,Oui,,moun,fil,,digué,lou,paÿ̄,como,,bourra,,,,Sé,,,ün,meychan,,,,,,et,,,sira,puni,,Pey,,,drubigué,,,ün,tiroir,,,,partagé,,soun,bé,et,,né,fagué,douo,pourtiou,,eygalos,,,
IssigeacMandacou,1,Un,hommé,n'abio,,qué,douy,fil,,Lou,,pu,zouyné,diguè,,à,choun,pay,Ey,,tem,qué,,you,chiasqui,,moun,maistré,,,,et,,qu',,azi,,,,d'arzin,,,Fal,qué,,,posqui,m'en,ana,,et,qué,,bézi,,dé,paï,,Partéza,bostré,bé,et,douna,mé,cho,qué,,,dibi,abé,-,O,,moun,fil,,digué,lou,pay,coumo,tu,bourra,,,Tu,chè,,,un,meychant,,,,,,et,tu,,chira,puni,,Pey,,,drubin,,,un,tiroir,,,el,partézè,,choun,bé,et,,n'en,fasqué,douo,pourtïou,,égalo,,,
IssigeacMonmarves,1,Un,hommé,n'abio,,qué,douy,fil,,Lou,,pu,zouyné,digué,,à,choun,pâï,Ey,,tèn,qué,,,chiagui,,moun,mechtré,,,,et,,qué,,azi,,,dé,l'arzént,,,Fal,qué,,,pogui,m'én,ana,,et,qué,,bézi,,dél,pagui,,Partaza,bochtré,bé,et,douna,mé,cho,qué,,,débi,abé,-,Oui,,moun,fil,,digué,lou,pâï,coumo,,bourra,,,,Ché,,,un,mèychant,,,,,,et,,,chira,puni,,Puis,,,drubinn,,,un,tiroir,,,,partazé,,choun,bé,,,én,,douoch,pourchious,,eygalos,,,
IssigeacBardou,1,Un,homé,n'abio,,que,douï,fils,,Lou,,pu,djoïné,digué,,à,soun,paï,Ey,,tem,qué,,,siagui,,,mestré,,,,et,,que,,adji,,,de,l'ardjen,,,Fal,qué,,,pégui,m'en,ana,,et,que,,bedji,bien,del,pay,,Partadza,bosté,bé,et,douna-,mé,ço,qué,,,débi,abé,-,Oui,,moun,fil,,,,,coumo,,bourra,,,,Ses,,,un,meyssan,,,,,,,,,sira,puni,,,,,Drubiguit,,,sa,tiréto,,,,partédjait,,soun,artjen,,,en,,douoï,poursious,,égalos,,,
IssigeacSaintAubindeLanquais,1,Un,omé,n'avio,,qué,douï,fil,,Lou,,pu,zoïné,digué,,à,soun,pâï,Ey,,tein,qué,,,siagui,,moun,mestré,,,,et,,qu',,agui,,,dé,l'arzein,,,Falto,qué,,,pesqui,m'én,ana,,et,qué,,vézi,,del,paï,,Partaza,vosté,bé,et,douna-,mé,cho,qué,,,dévi,avé,-,Oui,,moun,fil,,digué,lou,pâï,coumo,tu,vourras,,,Tu,cé,,,un,méïchan,,,,,,et,tu,,sira,puni,,Puis,,,drubié,,,uno,tiréto,,,,partazé,,soun,bé,et,,né,fagué,douo,par,,jégalo,,,
IssigeacEyrenville,1,Un,hōmě,n'abiō,,qué,doūǐ,fil,,Lou,,pu,joūině,digué̄,,à,soun,pāi,Ēǐ,,tēn,qué,,,sīguǐ,,moun,mēstrě,,,,et,,qu',,ājǐ,,,de,l'argent,,,Cal,qué,,,pōguǐ,mé,n'anā,,et,qué,,bējǐ,,dé,pǎī,,Partéjā,bōstě,bé,et,dounā-,mé̄,ço,qué,,,dībǐ,habé̄,-,Oui,,moun,fil,,digué̄,lou,pāǐ,coumo,,bourra,,,,Sé,,,un,mēǐssān,,,,,,et,,,sirā,puni,,Alors,,,drubigué,,,uno,tiretto,,,,partéjé,,soun,bé,et,,ne,fagué,dous̄,part,,ēǐgalo,,,
BeaumontduPerigordSainteCroix,1,Ün,omé,n'abio,,qué,douï,fil,,Lou,,pu,tzouïné,digué,,à,soun,païré,Ey,,tén,qué,,,siégui,,moun,mestré,,,,et,,qué,,atzi,,,dé,l'artzén,,,Fal,qué,,,pogui,m'én,ana,,et,qué,,bétzi,,dél,paï,,Partatza,bostré,bé,et,douna-,mé,ço,qué,,,dèbi,abé,-,Oui,,moun,fil,,digué,lou,païré,coumo,,boudra,,,Tu,sès,,,ün,méïchan,,,,,,et,tu,,sira,puni,,Après,,,drubigué,,,soun,tiroir,,,et,partatzé,,soun,bé,et,,né,fagué,douoï,pourciou,,igalo,,,
BeaumontduPerigordLabouquerie,1,Un,homé,n'abio,,qué,douy,fil,,lou,,pu,soyné,diguait,,à,choun,payré,Es,,teim,qué,,,chiégui,,moun,maïstré,,,,et,,qu',,assi,,,dé,l'arcéin,,,Cal,qué,,,pogui,me,nana,,et,qué,,béci,,del,païs,,Partacea,bostré,bé,et,douna-,mé,cho,que,,,débi,abé,,Oh,,moun,fil,,diguait,lou,payré,comme,,bourra,,,,ché,,,un,meichant,,,,,,et,,,chiras,puni,,Pey,,,drubiguait,,,uno,tiréto,,,,partaceait,,choun,bé,et,,n'é,fagué,douoy,pourchiou,,égalo,,,
BeaumontduPerigordMontferrandduPerigord,1,Un,hommé,n'ovio,,qué,douy,fils,,Lou,,pu,soïné,dit,,o,soun,païré,Es,,tin,qué,,,siagui,,moun,méstré,,,,et,,qué,,axi,,,dé,l'orsin,,,Cal,qué,,,poï,m'in,ona,,et,qué,,véxi,,del,poï,,Portoxa,vostré,bé,et,douna-,mé,cho,qué,,,dévi,obé,,Ombé,,moun,fil,,dit,lou,païré,coumo,,voudra,,Mé,,chés,,,un,moïchant,,,,,,et,,,séra,puni,,Puis,,,drubant,,,un,tiroir,,,,portogé,,soun,bé,et,,né,fogué,douoï,pourtious,,égalos,,,
BeaumontduPerigordMonsac,1,Un,ome,n'obio,,que,douï,fil,,Lou,,pu,z̄ouïne,diguet,,a,soun,paï,Ey,,ten,que,,iou,siogui,,moun,mestre,,,,et,,que,,az̄i,,,de,l'arz̄en,,,Cal,que,,,pogui,m'en,ana,,et,que,,bez̄i,,del,païs,,Partaz̄a,bostre,be,et,douna,me,ço,que,,,debi,abe,-,O,,moun,fil,,diguet,lou,paï,coumo,,boura,,,,Ses,,,un,meïchan,,,,,,e,,,siras,punid,,Apey,,,durbiguet,,,uno,tireto,,,,paraz̄et,,soun,be,e,,ne,faguet,douï,pourciou,,egalo,,,
BeaumontduPerigordSainteSabineBorn,1,Ün,hommé,n'abio,,qué,douy,fil,,Lou,,pu,sçouyné,digué,,à,soun,pay,Es,,tem,qué,,,sigué,,moun,maistré,,,,et,,qué,,ascé,,,dé,larscen,,,Cal,qué,you,,pogué,mé,nana,,et,qué,,bescé,,dé,paï,,Partasça,bosté,bé,et,douna,mé,ço,qué,you,,dibé,abé,-,Oui,,moun,fil,,digué,lou,pay,coumo,tu,bourras,,,Tu,sé,,,un,meychant,,,,,,et,tu,,siras,puni,,Après,,,durbigué,,,un,tiroir,,,del,partascé,,soun,bé,et,,n'en,fagué,douoy,par,,eygalo,,,
BeaumontduPerigordNojalsetClotte,1,Ü-n,homé,avio,,,douë,fil,Or,lou,,pu,zouiné,diguet,,al,,payré,,,,,,,,,,,,,,,,,,,,,,,,,,,,,,,,,,,,,,,,payrè,,,,,douna,mé,la part de l'héritatze,qui,mè,,,rèvèt,,,,,,,,,,,,,,,,,,,,,,,,,,,,,,,,Et,lou,payrè,,,,,,,,,partatzet,à cadün,l',héritatze,,,,,,,,,,,
BeaumontduPerigordNaussannes,1,Ün,homé,n'avio,,qué,douï,fil,,Lou,,pu,xouïné,dié,,à,soun,paï,Ès,,teim,qué,,you,chiaï,,moun,maîstré,,,,et,,qué,,atxi,,,dé,l'arxin,,,Cal,qué,,,poy,m'ein,ana,,et,qué,,béxi,,dèl,paï,,Partéxa,bosté,bé,et,douna-,mé,ço,qué,,,dèbi,abé,-,Oui,,moun,fil,,dié,lou,paï,coumo,,bourra,,,Tu,ses,,,ün,méïchant,,,,,,et,tu,,chiras,puni,,Péy ein,,,drubïn,,,uno,tiretto,,,,partaxé,,soun,bé,et,,né,faé,douoï,porchiou,,éygalo,,,
BeaumontduPerigordSaintAvitSenieur,1,Ün,ômé,n'obio,,qué,douy,fil,,Lou,,pu,soyné,diguè,,o,choun,païré,Ess,,tén,qué,,,chiègui,,moun,mèstré,,,,é,,qué,,âssi,,,dé,l'orcén,,,Fal,qué,,,pègui,mén,ona,,é,qué,,bêssi,,del,poï,,Portessa,bostré,bé,é,douna,mé,cho,qué,,,dèbi,obé,-,O,,moun,fil,,diguè,lou,païré,coumo,,boudra,,,,Chè,,,ün,meychan,,,,,,é,,,chira,puni,,Peyno,,,drubiguè,,,uno,tiretto,,,,portessé,,choun,bé,é,,né,fogué,douoy,pourcîou,,eygolièro,,,
BeaumontduPerigordRampieux,1,U,nomé,n'ovio,,qué,douï,fil,,Lou,,pu,zouiné,di,,o,choun,paï,Eï,,tén,qué,,iou,chiagui,,moun,mestré,,,,ét,,qué,iou,azi,,,dé,l'orzént,,,Fal,qué,iou,,pèsqui,mé,nona,,ét,qué,iou,vézi,,dél,poï,,Portoja,vostré,bé,ét,douna,mé,cho,qué,iou,,dévi,ové,,Ô,,moun,fil,,digué,lou,paï,coumo,tu,voudra,,,Tu,ché,,,ûn,méïchant,,,,,,ét,tu,,chira,puni,,Péï,,,drubîn,,,uno,tiréto,,,,portozé,,choun,bé,ét,,né,fogué,douoï,par,,jégalo,,,
BeaumontduPerigordBeaumontduPerigord,1,Ün,omé,n'abio,,qué,douï,fil,,Lou,,pu,soïne,digué,,à,choun,païré,Es,,tén,qué,,,chiégué,,moun,mestré,,,,é,,qué,,assi,,,dé,l'arcén,,,Fal,qué,,,pogui,mén,ana,,é,qué,,bessi,,dél,paï,,Partéça,bostré,bé,é,douna,mé,cho,qué,,,débi,abé,-,Oui,,moun,fil,,digué,lou,païré,coumo,,bourra,,,Tu,ché,,,ün,méïchan,,,,,,é,,,chira,puni,,Pui,,,dré,,,cha,tiréto,,,,partacé,,choun,bé,é,,nén,fagué,douoï,pouchiou,,paréillo,,,
BeaumontduPerigordBayac,1,Un,hommé,novio,,qué,douy,drolés,,Lou,,pu,gnoné,diguait,,o,soun,payré,Ey,,temps,qué,,,siagué,,,maistré,,,,et,,qué,,achgui,,,dé,l'orgent,,,Qual,qué,,,paygui,mén,ona,,et,qué,,véchgui,,del,poys,,Portégea,vostre,bé,et,douna,mé,cho,qué,,,deyvi,obé,,O,,moun,fil,,dit,lou,payré,coummo,tu,vourlas,,,,Ché,,,un,meychgnant,,,,,,et,tu,,syras,puni,,O pey,,,dubrigait,,,une,tiretto,,,,portégeai,,soun,bé,et,,nin,foguait,douy,pourtions,,égales,,,
BeaumontduPerigordBourniquel,1,Un,hommé,n'a bio,,qué,douy,fil,,Lou,,pu,souyné,diguait,,à,choun,payré,Ey,,tin,qué,,,chiaigui,,mouum,mestré,,,,et,,qué,,asi,,,dé,l'arsint,,,Cal,qué,,,pogui,mé,nana,,et,que,,bessi,,del,paguis,,Partassas,bostré,bé,et,douna,mé,chau,qué,,,débi,abé,,O,,moun,fil,,diguait,lou,payre,coumo,,bourras,,,,Ché,,,un,meychant,,,,,,et,,,chiras,puni,,Apey,,,durbiait,,,uno,tiréte,,,et,partassai,,son,bé,et,,ne,faguait,douoy,pourtious,,eygales,,,
BergeracMouleydier,1,Uné,hommé,n'ovio,,qué,douï,fil,,Lou,,pu,joïné,digué,,o,soun,paï,Eï,,téne,qué,,,siagui,,moun,mestré,,,,é,,qué,,agui,,,dé,l'orgéne,,,Fal,que,,,pesqui,mé,nona,,é,qué,,végui,,del,poï,,Portoja,vosté,bé,é,douna,mé,ço,qué,,,dèvi,ové,-,O,,moun,fil,,digué,lou,paï,coumo,,voudra,,,,Sé,,,uné,méïchan,,,,,,é,,,sira,puni,,E,,,drubiné,,,uno,tiréto,,,,portozé,,soun,bé,é,,né,fogué,douo,pourtiou,,éïgalo,,,
BergeracCreysse,1,Un,ômei,n'ovio,,quei,douy̱,fil,,Lou,,pu,zôïnei,digué,,o,soun,pay̱,Eiy̱,,tein,quei,,,siagui,,moun,méstrei,,,,et,,quei,,agui,,,dei,l'orzein,,,fal,quei,you,,pésqi,m'ein,ona,,et,quei,,veigui,,deil,poÿ,,Portoza,vostei,bei,et,douna,mei,ço,quei,,,dévi,ovei,-,Oui,,moun,fil,,digué,lou,pay̱,coumo,,vourra,,,,Ché,,,ün,méychan,,,,,,et,,,chira,puni,,Péy,,,ein drubin,,,ün,tiroir,,,,portozé,,choun,bei,et,,nei,fogué,douo,poursîou,,eigalo,,,
BergeracLamonzieMontastruc,1,Ün,hommé,n'ovio,,qué,douy,fil,,Lou,,pu,zoïné,diguè,,o,soun,paï,Éy,,tèn,qué,,,chiagui,,moun,mestré,,,,è,,qué,,agui,,,dé,l'orzèn,,,Fal,qué,you,,pèsqui,mé,nona,,è,qué,you,végui,,dél,poï,,Portoza,vostré,bé,è,douna,mé,cho,qué,you,,dévi,ové,-,Ô,,moun,fil,,diguè,lou,paï,coumo,,voudra,,,,Ché,,,ün,meyssan,,,,,,è,,,chira,puni,,Opré,,,drubiguè,,,uno,tiréto,,,,portozè,,choun,bé,è,,né,foguè,douo,pourchïou,,éygâlo,,,
BergeracBergeracbis,1,Un,homé,n'abio,,qué,douï,fills,,Lou,,pu,joïné,digué,,a,soun,paï,Eï,,témp,qué,,you,siasqui,,moun,mestré,,,,et,,qué,you,agui,,,dé,l'arzén,,,Falto,que,,,pesqui,m'en,ana,,et,qué,,végui,,del,païs,,Partaza,vostre,bé,et,douna,mé,ço,qué,,,dèvi,avé,-,Voui,,moun,fil,,digué,lou,paï,coumo,tu,voudras,,,tu,sé,,,un,méïchant,,,,,,et,tu,,siras,puni,,Pey,,,druvent,,,un,tiroir,,,,partazé,,soun,bé,et,,en,fasqué,dios,parts,,eïgalos,,,
BergeracBergeracSainteMadeleine,1,Un,hommé,n'avio,,qué,douî,fils,,Lou,,pus,joïné,digué,,à,soun,paï,Eï,,temps,qué,,,sisqué,,moun,maïstré,,,,et,,qué,,asqui,,,de,l'argeint,,,Falto,qué,,,pesqui,mé,nana,,et,qué,,vesqui,,del,paÿs,,Partageas,vosté,bé,et,dounas-,mé,ça,qué,,,divi,azey,-,O,,moun,fils,,digué,lou,paï,coumo,,vourras,,,,Seÿs,,,un,meïtsant,,,,,,et,,,siras,puni,,Peÿs,,,druviguant,,,sa,tiretto,,,,partagé,,soun,bé,et,,nain,fasqui,douo,parts,,eïgalos,,,
BergeracSaintGermainetMons,1,Ü,homé,n'ovio,,qué,douy,fil,,Lou,,pu,tzoïné,digué,,o,choun,paï,Eï,,tein,qué,,,siashi,,,mestré,,,,et,,qu',,atzi,,,dé,l'ortzein,,,Fal to,qué,,,pégui,mé,nona,,et,qué,,vétzi,,del,poï,,Portétza,vosté,bé,et,douna,mé,ço,qué,,,dévi,ové,-,Oui,,moun,fil,,digué,lou,paï,coumo,,voudra,,,,Sém,,,,méichan,,,,,,et,,,sira,puni,,Et,,,drubigué,,,uno,tiretto,,,,portodzé,,soun,bé,et,,né,fosqué,douo,poursiou,,égalo,,,
BergeracLembras,1,Un,hommé,n'avio,,qué,douy,fils,,Lou,,pu,joyné,dit,,à,soun,pay,Ey,,tem,qué,,,siagui,,moun,mestré,,,,et,,qu',,agui,,,dé,l'argent,,,Fal,qué,,,pesqui,mé,nana,,et,qué,,vézi,,del,pay,,Partaja,vosté,bé,et,douna,mé,sa,qué,,,dévi,avé,-,Oui,,moun,fil,,dit,lou,pay,coumo,tu,voudra,,,Tu,sé,,,un,meychant,,,,,,et,tu,,sira,puni,,Pey,,,drubigué,,,un,tiroir,,,,partajé,,soun,bé,et,,né,fagué,douo,parts,,eygalos,,,
BergeracCoursdePile,1,Un,homé,n'avio,,qué,douil,fil,,Lou,,pu,zoyné,digué,,à,choun,paï,Ey,,tén,qué,,,chiasqui,,moun,mestré,,,,é,,qu',,azi,,,dé,l'arzén,,,Falto,qué,,,pechqui,mé,nana,,et,qué,,vézi,,del,paï,,Partaza,vosté,bé,é,douna,mé,cha,qué,,,dévi,avé,-,O,,moun,fil,,digué,lou,paï,coumo,,voudra,,,,Ché,,,un,meychan,,,,,,et,,,chira,puni,,Pey,,,drubigué,,,uno,tiréto,,,,partazè,,choun,bé,et,,né,fachqué,douo,par,,eygalo,,,
BergeracSaintNexans,1,Un,hommé,n'avio,,qué,douy,fil,,Lou,,pu,zoïné,digué,,à,soun,pay,Ey,,tén,qué,,,siagui,,moun,maîstré,,,,ê,,qué,,azi,,,dé,l'arzén,,,Fal,qué,,,pésqui,m'én,ana,,è,qué,,vézi,,dél,paï,,Partaza,vosté,bé,ê,douna,mé,ça,qué,,,dibi,abé,-,Oui,,moun,fil,,digué,lou,pay,coumo,,bourra,,,,S'és,,,ün,meychan,,,,,,ê,,,sira,puni,,Peyno,,,drubigué,,,uno,tiréto,,,,partazé,,soun,bé,ê,,né,fagué,douo,poursiou,,eygalo,,,
BergeracSaintLaurentdesVignes,1,Ün,omé,n'avio,,qué,douy,fil,,Lou,,pu,zoyné,di,,à,soun,päy,Ey,,tén,qué,,,siasqué,,moun,mestré,,,,é,,qué,,asqui,,,dé,l'arzén,,,Falto,qué,,,pésqui,m'en,ana,,é,qué,,vesqui,,dél,pays,,Partaza,vosté,bé,é,douna,mé,cho,qué,,,dévi,avé,-,Oui,,moun,fil,,di,lou,päy,coumo,,voudra,,,,Ché,,,ün,meyssan,,,,,,é,,,chira,puni,,Alor,,,drubigué,,,ün,tiroir,,,,partazé,,soun,bé,é,,né,fagué,douo,par,,éygalo,,,
BergeracBergerac,1,Un,hommé,n'avio,,qué,douï,fil,,Lou,,pu,zoïné,digué,,a,choun,paï,Eï,,tem,qué,,,chiasqui,,moun,mestré,,,,é,,qu',,asqui,,,dé,l'arzen,,,Falto,que,,,pèsqui,m'en,ana,,é,qué,,vesqui,,del,paÿs,,Partaza,vostré,bé,é,douna-,mé,cha,qué,,,divi,avé,-,Oui,,moun,fil,,digué,lou,paï,coumo,,voudra,,,,Ché,,,ün,meychan,,,,,,é,,,chira,puni,,Péï,,,èn drubèn,,,ün,tiroir,,,,partazé,,choun,bé,é,,n'èn,fasqué,douö,pourchïou,,égalo,,,
SigoulesFlaugeac,1,Un,hommé,n'abio,,qué,douy,fils,,Lou,,pu,zoïné,digué,,à,soun,paï,Eï,,tén,qué,,,sisqué,,moun,mestré,,,,et,,qué,,azé,,,de,l'arzént,,,Foou,qué,,,posqué,m'én,ana,,et,qué,,bézé,,doou,païs,,Partaza,bosté,bé,et,douna,mé,so,qué,,,dibé,aouguéy,-,Oui,,moun,fils,,digué,lou,paï,coumo,tu,bourras,,,Tu,sé,,,un,méïssant,,,,,,et,tu,,siras,puni,,Pey,,,én drubin,,,uno,tiréto,,,,partazé,,soun,bé,et,,n'én,fasqué,douos,parts,,éygalos,,,
SigoulesRazacdeSaussignac,1,Un,homé,n'avio,,qué,douï,fil,,Lou,,pu,zoïné,digué,,à,choun,paï,Eï,,tén,qué,,,chiasqui,,moun,mèstré,,,,et,,qué,,achqui,,,dé,l'arzén,,,Foou,qué,,,pochqui,mé,nana,,et,qué,,véchqui,,doou,paï,,Partaza,vochté,bin,et,douna-,mé,cha,qué,,,dèvi,aouguér,,Oui,,moun,fil,,dit,lou,paï,coumo,tu,vourra,,,,Ché,,,un,meïssan,,,,,,et,,,chira,puni,,Peï,,,druvigué,,,un,tiroir,,,,partazé,,choun,bin,et,,né,fagué,douo,pourchiou,,eïgalo,,,
SigoulesSigoulesbis,1,Un,omé,n'abio,,qué,douy,drolé,,Lou,,pu,zoïné,diguè,,à,soun,paÿ,Eÿ,,tén,qué,,,siagui,,moun,méstré,,,,é,,qué,,azi,,,dé,l'arzén,,,Faou,qué,,,pesqui,mé,nana,,é,qué,,bézi,,déou,paï,,Partazé,bosté,bé,é,douna,mé,ço,qué,,,dibé,oouguéy,-,Oui,,moun,drolé,,digué,lou,paÿ,coumo,,bourra,,,,Sé,,,un,méïssant,,,,,,é,,,ira,puni,,Pèy,,,drubigué,,,uno,tiréto,,,,partazé,,soun,bé,é,,n'én,fasqué,dio,poursiou,,éygalo,,,
SigoulesGardonne,1,Ûn,hommé,n'avio,,qué,douï,fil,,Lou,,pu,zouïné,digué,,à,soun,pâï,Êï,,tén,qué,,,sisqué,,moun,maistré,,,,et,,qu',,asqui,,,dé,l'arzén,,,Fôou,qué,,,pesqui,m'én,ana,,et,qué,,besqui,,dôou,paï,,Partaza,vosté,bién,et,douna,mé,ço,qué,,,dé̂vi,oougué,-,Oui,,moun,drôlé,,digué,lou,paï,coumo,,voudra,,,,Sé,,,ün,méissant,,,,,,et,,,sira,puni,,Péi,,,en druvin̈,,,ün,tiroir,,,,partazé,,soun,bien,et,,n'en,fagué,douö,pourcîöü,,éïgâlo,,,
SigoulesRibagnac,1,Un,homé,n'avio,,qué,douy,fil,,Lou,,pu,jouyné,diguet,,à,choun,pay,Ey,,tin,qué,,,chiégui,,moun,mestré,,,,et,,qué,,aguy,,,dé,l'arzin,,,Fal,qué,,,pochqui,mé,nana,,et,qué,,bézi,,del,payi,,Partaza,bosté,bé,et,douna,mé,cho,qué,,,dibi,abé,-,O,,moun,drôlé,,digué,lou,pay,coumo,,bourra,,,,Ché,,,un,meychan,,,,,,et,,,chira,puni,,Après,,,drubigué,,,soun,tiroir,,,et,partazé,,soun,bé,et,,en,fagué,dio,part,,pareillo,,,
SigoulesGageacetRouillac,1,U,nomé,n'avio,,qué,douy,gouyas,,Lou,,pu,zoyné,digué,,à,soun,pay,Ey,,tén,qué,,you,sigui,,moun,maistré,,,,et,,qué,,aougui,,,dé,l'arzén,,,Foou,qué,you,,,,,,,,,vesqui,,doou,paï,,Partaza,vosté,bé,é,douna,mé,sa,qué,you,,dévi,aouguey,-,Oui,,moun,drolé,,digué,lou,pay,coumo,tu,vourras,,,Tu,,,,un,meychan,,,,,,et,tu,,siras,puni,,Pey,,,druvén,,,un,tiroir,,,,partzé,,soun,bé,é,,nén,fagué,douos,poursious,,eygalos,,,
SigoulesThenac,1,Unn,ommé,n'abio,,qué,douï,gouyas,,Lou,,pu,joïné,digué,,à,soun,paï,Ey,,tén,qué,,you,sisqui,,moun,mestre,,,,et,,qué,,asqui,,,dé,l'argén,,,Foou,qué,you,,pesqui,mé,nana,,et,qué,you,bézi,,doou,péï,,Partagea,bosté,bé,et,douna,mé,ça,qué,you,,dibé,ouguey,-,O,,moun,drôlé,,digué,lou,paï,coumo,tu,bourra,,,Tu,sé,,,unn,méchan,,,,,,et,tu,,sira,puni,,pey,,,drébo,,,soun,tiroir,,,,partagé,,soun,bé,et,,n'én,fasqué,douo,par,,eïgalo,,,
SigoulesMonestier,1,Ün,homé,n'avio,,qué,doui,gouya,,Lou,,pu,joïné,digué,,à,soun,päy,Ëy,,tim,qué,,,sisqué,,moun,maistré,,,,et,,qué,,asqué,,,dé,l'arzin,,,Faou,qué,,,pesqué,m'én,ana,,et,qué,,visqué,,daou,päy,,Partaza,vostré,bé,et,douna-,mé,cé,qué,,,débé,oouguëy,,Oui,,moun,gouya,,digué,lou,päy,coumo,,boura,,,,C'est,,,ün,mëyssan,,,,,,et,,,sira,puni,,Pëy,,,drubin,,,ün,tiroir,,,,partazé,,soun,bé,et,,n'in,fasqué,douo,pourtiou,,ëygalo,,,
SigoulesPomport,1,Un,home,n'avio,,que,douys,fils,,Lou,,pu,joyne,dit,,à,soun,pay,Ey,,temps,que,,,siasqui,,moun,mèstre,,,,ét,,que,,asqui,,,de,l'argent,,,Foŷ,que,,,pèsqui,me,nana,,ét,que,,vesqui,,douŷ,païs,,Partagea,voste,be,ét,douna-,me,ça,que,,,divi,aje,-,Oui,,moun,fil,,dit,lou,pay,couma,,voudra,,,,Sé,,,un,meychant,,,,,,ét,,,sira,puni,,Pèy,,,drubigué,,,un,tiroir,,,,partagé,,soun,be,et,,n'en,fagué,douos,parts,,eygalos,,,
SigoulesCuneges,1,Un,hommé,n'abio,,qué,douy,fil-s,,Lou,,pu,joyné,digué,,à,soun,pay,Ey,,tém,qué,,,sisqué,,moun,mestré,,,,et,,que,,aj̄e,,,dé,l'arḡent,,,Foöü,qué,,,posqué,mé,nana,,et,qué,,béj̄é,,doöü,paÿ,,Partaj̄a,vosté,bé,et,douna-,mé,san,qué,,,dibé,aḡéy,-,Oui,,moun,gouyat,,diguè,lou,pay,coumo,,bourra-s,,,,Sé,,,ün,meychant,,,,,,et,,,sira,puni,,Pey,,,drubént,,,ün,tiroir,,,,partaḡèt,,soun,bé,et,,n'en,fasquèt,douös,pourtïous,,eygalo-s,,,
SigoulesLamonzieSaintMartin,1,Un,hommé,n'abio,,qué,douy,fils,,Lo,,pu,zoyné,digué,,à,soun,pay,Ey,,temps,qué,,,siagui,,moun,maistre,,,,et,,qué,,azi,,,dé,l'argent,,,Falto,qué,,,posqui,m'en,ana,,et,qué,,vézi,,del,pays,,Partaza,bosté,bé,et,douna-,mé,çà,qué,,,débi,abé,-,Oui,,moun,fil,,digué,lou,pay,coumo,,bourra,,,,Sé,,,un,meychant,,,,,,et,,,sira,puni,,Pey après,,,drubigué,,,soun,tiroir,,,,partazé,,soun,bé,,,en,fant,douo,parts,,eygalos,,,
SigoulesMescoules,1,Un,homé,n'abio,,qué,douy,fils,,Lou,,pu,zoïné,digué,,à,soun,paï,Eï,,ten,qué,,,chisqué,,moun,mestré,,,,et,,qué,,azé,,,dé,l'arzen,,,Foou,qué,,,posqué,mé,nana,,et,qué,,bézé,,doou,païs,,Partaza,bosté,bé,et,douna,mé,cho,qué,,,dibé,aouguey,,Oui,,moun,fils,,digué,lou,paï,coumo,tu,bourras,,,Tu,ché,,,un,méïsant,,,,,,et,tu,,siras,puni,,Pey,,,en drubin,,,uno,tireto,,,,partazé,,soun,bé,et,,n'én,fasqué,douo,parts,,eygalos,,,
SigoulesSigoules,1,Un,omé,n'abio,,qué,douy,drolé,,Lou,,pu,z̄oïné,,,à,soun,pay,Ey,,ten,qué,,,siagui,,moun,méstré,,,,é,,qué,,az̄i,,,dé,l'arz̄én,,,Faou,qué,,,pesqui,mé,nana,,é,qué,,béz̄i,,déou,paï,,Partaz̄a,bosté,bé,é,douna,mé,ço,qué,,,dibé,oouguéy,-,Oui,,moun,drolé,,diguè,lou,pay,coumo,,bourra,,,,Sé,,,ün,méïssant,,,,,,é,,,sira,puni,,Pey,,,drubigué,,,ün,tiroir,,,,partazé,,soun,bé,é,,n'én,fasqué,dio,poursiou,,éygalo,,,
SigoulesSaussignac,1,Un,omé,n'avio,,qué,douy,drolés,,Lou,,pu,zoyné,digué,,à,choun,pay,ey,,ten,qué,,,chigui,,moun,mechtré,,,,et,,qué,,asqui,,,dé,l'arzen,,,Faou,qué,,,pechqui,mé,nana,,et,qué,,vechqui,,d'oou,paï,,Partaza,vochté,bé,et,douna,mé,chan,qué,,,divi,oouguer,-,Oui,,mon,fil,,digué,lou,pay,coumo,,voudra,,,,Ché,,,un,meyssant,,,,,,et,,,chira,puni,,Pey,,,druvent,,,un,tiroir,,,,partazé,,choun,bé,et,,n'en,fachqué,dio,parts,,eygalos,,,
SigoulesRouffignacdeSigoules,1,Un,homè,n'avio,,què,douy,fils,,Lou,,pu,zoynè,digué,,à,soun,pây,Ey,,tèn,qué,,,siasqui,,moun,maistré,,,,et,,qué,,azi,,,dé,l'argén,,,Falto,qué,,,pesqui,mé,nana,,et,qué,,vézi,,dél,pagui,,Partaza,bosté,bé,et,douna,mé,châ,qué,,,dibi,abé,-,Oui,,moun,drôlé,,dit,lou,pây,coumo,,bourra,,,,Ché,,,un,meychant,,,,,,et,,,sira,puni,,Pey,,,én drubin,,,un,tiroir,,,,partazé,,soun,bé,et,,n'én,fagué,douô,pourtious,,éygalos,,,
SigoulesMonbazillac,1,Un,hommé,n'avio,,qué,douy,fil,,Lou,,pu,zoyné,digué,,à,soun,pay,Ey,,tém,qué,,,siagui,,moun,mestré,,,,et,,qué,,agui,,,dé,l'arzén,,,Fal,qué,,,pesqui,m'én,ana,,et,qué,,vésqui,,dél,paï,,Partaza,vosté,bé,et,douna,mé,ço,qué,,,divi,avé,,Oui,,moun,fil,,digué,lou,pay,coumo,,vourra,,,,Sé,,,un,meyçant,,,,,,et,,,sira,puni,,Pey,,,drubigué,,,un,tiroir,,,,partazé,,soun,bé,et,,né,fagué,douo,poursioü,,eygalo,,,
SigoulesPuyguilhem,1,Un,homo,n'avio,,qué,douys,fils,,Lou,,pu,zoïno,digué,,à,soun,paï,Ey,,tin,qué,,,sisqui,,moun,mestré,,,,et,,qué,,adzi,,,dé,l'ardzin,,,Foou,qué,,,posqui,m'en,anna,,et,qué,,vesqui,,doou,pays,,Partadza,vosté,bé,et,douna,mé,san,qué,,,divi,adzé,-,Ô,,moun,fil,,digué,lou,paï,coumo,,vourras,,,,Sé,,,un,meytsan,,,,,,et,,,siras,puni,,Pey,,,drubin,,,un,tiroir,,,,partadzé,,soun,bé,et,,n'en,fasqué,douo,pourtious,,eygalos,,,
VillefranchedeLonchatCarsacdeGurson,1,Ün,homé,n'avio,,qué,dous,fis,,Lou,,pus,joouné,dissait,,à,soun,paï,Couï ,bien,ten,qué,,you,sayé,,moun,meïtré,,,,et,,qué,,yayé,,,dé,l'arzen,,Ïou,faou,qué,you,,posqué,mé,nana,,et,qué,you,vésé,,doou,payis,,Partatjas,votré,bé,pey,dounâs-,mé,ça,qué,you,,dévé,auguey,,Voui,,moun,fis,,dissait,lou,paï,coumo,tu,vourras,,,Tu,sés,,,ün,meïçan,,,,,pey,,tu,,siras,puni,,Ensuite,,,drubi,,,soun,tiroir,,,ïou,partagè,,soun,bé,et,,n'en,faguè,douas,pourtious,,eygalas,,,
VillefranchedeLonchatSaintRemy,1,Un,omé,n'ovio,,qué,dou,fi,,Lou,,pu,dzoïné,dissé,,à,soun,paï,Ey,,tén,qué,,you,sayé,,moun,meytré,,,,ét,,qué,you,ayé,,,de,l'ardzén,,,Foou,qué,you,,pédzé,mé,na na,,ét,qué,you,védzé,,déou,poï,,Partadza,votré,bé,ét,douna,mé,ço,qué,you,,dévé,oouguéy,-,Oui,,moun,fi,,dissé,lou,paï,coumo,tu,voudra,,,Tu,sé,,,un,méydzan,,,,,,ét,tu,,sira,puni,,Pey,,,drubén,,,un,tiroir,,,,partadzé,,soun,bé,ét,,n'én,fogué,doua,poursiou,,éygalo,,,
VillefranchedeLonchatVillefranchedeLonchat,1,Un,hommé,n'aviot,,qué,dou,fis,,Lou,,pu,joouné,dissé,,à,soun,paï,Quouy,,tén,qué,,y ou,siesqué,,moun,meytré,,pey,,,,qué,you,asqué,,,dé,l'argen,,,Foou,qué,y ou,,pesqué,m'en,ana,,et,qué,you,vesqué,,doou,payis,,Partagea,votré,bién,pey,douna-,mé,cé,qué,y ou,,dévé,auouguey,-,O,,moun,fi,,dissé,lou,paï,como,tu,voudras,,,tu,sé,,,ün,meychant,,,,,,et,tu,,siras,puni,,Pey,,,drubén,,,soun,tiroir,,,eou,partagé,,soun,bién,et,,n'én,fit,doua,poursïous,,eygales,,,
VillefranchedeLonchatSaintMartindeGurson,1,Un,homé,n'avio,,qué,doux,fils,,Lou,,pu,joné,dissé,,à,soun,paï,Ey,,tin,qué,,you,sayé,,moun,meytré,,,,et,,qué,you,ayé,,,de,l'arzin,,,Faout,qué,you,,pessé,mé,nona,,et,qué,you,véjé,,d'aou,payïs,,Pertogea,votré,bé,et,douna,mé,ço,qué,you,,dévé,ayeï,,Oui,,moun,fils,,dissé,lou,paï,coumo,tu,voudras,,,tu,sès,,,un,meysin,,,,,,et,tu,,siras,puni,,Pey,,,drubit,,,un,tiroir,,,,pertozé,,soun,bé,et,,n'en,fogué,douas,perts,,eigalas,,,
VillefranchedeLonchatSaintGerauddeCorps,1,Un,hommé,n'ovio,,qué,douy,fis,,Lou,,pu,joïné,dissé,,o,soun,paï,Ey,,tem,qué,,,siaï,,mouy,maïtré,,,,et,,qu',,ay,,,dé,l'orzen,,,Foou,qué,,,pessi,m'én,ona,,et,que,,vézi,,del,poï,,Portéza,votré,bé,et,douna,mé,so,qué,,,dévi,ové,,Oui,,moun,fi,,dissè,lou,paï,coumo,tu,voudras,,,Tu,sè,,,un,meyssan,,,,,,et,tu,,siras,puni,,Pey,,,drubit,,,soun,tiroir,,,et,portézè,,soun,bé,et,,,foguè,douas,parts,,eygalos,,,
VillefranchedeLonchatSaintMearddeGurçon,1,Un,hommè,n'ovio,,què,dous,droleis,,Lou,,pus,joueinè,dissè,,à,soun,paï,Ey,,tén,qué,,you,chasqué,,moun,maistrè,,,,èt,,què,you,asquè,,,dè,l'argein,,,Faou,qué,you,,pesqué,m'en,ana,,et,què,you,vesquié,,daous,païs,,Partagea,vosté,bè,et,douna,mé,sans,què,you,,dèvé,oguey,-,Oui,,moun,drolé,,dissè,lou,paï,coumo,tu,voudras,,,Tu,çés,,,un,meichan,,,,,,et,tu,,seras,puni,,Pey,,,drubein,,,uno,tiretto,,,lou paï,partogé,,soun,bè,et,,n'en,fogué,dios,parts,,eygalos,,,
VillefranchedeLonchatMinzac,1,Un,homé,n'avio,,que,dou,fis,,Lou,,pu,dzaoüné,dissé,,à,soun,paï,Couey,,tein,qué,,you,sayé,,,meytré,,,,et,,qué,y-,ayé,,,de,l'ardzein,,,Foou,qué,,,posqué,m'ein,annâ,,et,qué,you,vésé,,daou,paÿs,,Partadzâ,votré,bien,et,dounâ,mé,ço,qué,,,dévé,avey,-,Vouey,,moun,fis,,dissé,lou,paï,coumo,tu,voudras,,,Tu,sés,,,un,meytsant,,,,,,et,tu,,séras,puni,,Pey,,,druvin,,,un,tiroir,,,oou,pertagé,,soun,biën,et,,nîn,fit,doua,pourtious,,eygalos,,,
SainteAlverePaunat,1,Un,hommé,n'oviot,,qué,douy,fils,,Lou,,pu,zoïne,dit,,o,choun,païré,Eï,,témps,qué,,,siasqui,,moun,maistre,,,,et,,qué,,atzi,,,dé,l'ortzent,,,Fal,qué,,,pesqui,m'en,ona,,et,qué,,vetzi,,del,pauys,,Portotza,vostré,bé,et,douna,mé,cho,qué,,,dévi,ové,-,O,,moun,fils,,dit,lou,païré,coumo,tu,vourlas,,,Tu,chès,,,un,meychant,,,,,,et,tu,,siras,puni,,Opéï,,,druviet,,,ün,tiroir,,,,portotzé,,soun,bé,et,,n'en,foguet,douoy,pourchious,,égalos,,,
SainteAlvereTremolat,1,Un,omè,n'ovio,,qué,douï,fil,,Lou,,pu,zoïnè,diguè,,o,choun,païre,Eï,,ten,qué,,,chiachqui,,moun,mestrè,,,,è,,qu',,azi,,,de,l'orzen,,,fal,qué,,,pechqui,mén',ona,,è,qué,,vèzi,,del,poï,,Portoza,vochtrè,bê,è,douna,mé,cho,qué,,,dèvi,ovè,,Onbè,,moun,fil,,digué,lou,païré,coumo,,voudra,,,,ché,,,un,meisant,,,,,,è,,,chira,puni,,Oprès,,,drubiguè,,,uno,tiréto,,,,portozé,,choun,bè,,,né,foguè,douoï,parts,,porièros,,,
SainteAlvereSaintLaurentdesBâtons,1,Un,homé,n'ovio,,qué,douy,fil,,L'ou,,pu,joyné,digué,,o,soun,pay,Ey,,tein,qué,,,siasqui,,moun,mestré,,,,é,,qu',,azi,,,dé,l'orgein,,,Fal,qué,,,pesqui,m'ein,nona,,é,qui,,vézi,,del,poï,,Portéza,nostré,bé,é,douna,mé,so,qué,,,dévi,ovey,,Voui,,moun,fil,,digué,lou,pay,coumo,tu,voudra,,,Tu,sé,,,un,meychan,,,,,,é,tu,,sira,puni,,Opré,,,drubigué,,,uno,tiréto,,,el,portézé,,soun,bé,é,,n'ein,fogué,douoy,par,,eygaloy,,,
SainteAlvereGrandCastang,1,Ün,homé,n'ovio,,qué,douï,fil,,Lou,,pu,joïné,dit,,o,soun,paï,Eÿ,,ten,qué,,you,siasqui,,moun,mestré,,,,et,,qué,,asi,,,dé,l'orjin,,,Fal,qué,you,,pesqui,mén,ona,,et,qué,,vézi,,del,pogui,,Portogeas,vostré,bé,et,douna,mé,ço,qué,,,dévi,obé,-,O,,moun,fil,,digué,lou,paï,coumo,tu,voudrâ,,,Tu,ché,,,un,méïchan,,,,,,et,tu,,sira,pûni,,Puis,,,drubigué,,,ün,tiroir,,,el,portogé,,soun,bé,et,,n'en,fogué,douï,pourtiou,,éïgoliéros,,,
SainteAlverePezuls,1,Un,homé,n'obio,,qué,doui,fils,,Lou,,pu,joïné,digué,,o,soun,païré,Ey,,tén,qué,,,siasqui,,moun,mèstré,,,,et,,qu',,agi,,,dé,l'orgén,,,Fal,qué,,,pesqui,mé,nona,,et,qué,,bégi,,del,poï,,Portégea,vostré,bé,et,douna,mé,so,qué,,,débi,obé,-,O,,moun,fil,,digué,lou,païré,coumo,,voudras,,,,Sé,,,un,méïsant,,,,,,et,,,siras,puni,,Opéï,,,drubié,,,soun,tiroir,,,,portégé,,soun,bé,et,,né,fogué,douoï,poursiou,,éïgalos,,,
SainteAlvereSainteFoydeLongas,1,Ün,hommé,n'ovio,,qué,douï,fils,,Lou,,pu,joïné,digué,,o,choun,paï,Ey,,tem,qué,,you,chiasqui,,moun,mestré,,,,et,,qué,,azi,,,dé,l'orzen,,,Fal,qué,you,,pesqui,mé,nona,,et,qué,you,vézi,,del,poï,,Portoja,vostré,bé,et,douna,mé,oquo,qué,you,,dévi,ové,,O,,moun,fils,,digué,lou,paï,coumo,,voudra,,,,Ché,,,ün,meychant,,,,,,et,,,chira,puni,,,,,Drubigué,opéy,,uno,tiretto,,,,portojé,,choun,bé,et,,né,fogué,douö,poursious,,eygaloïs,,,
SainteAlvereSainteAlvere,1,Ün,hommé,n'ovio,,qué,dou,fils,,Lou,,pu,joïné,diguè,,o,soun,païré,Eï,,timps,qué,,,siasqué,,moun,maistré,,,,et,,qu',,agui,,,dé,l'orjint,,,Fol,qué,,,persqui,min,ona,,è,qué,,végui,,del,poï,,Portoja,vostré,bé,et,douna,mé,cho,qué,,,dévi,oveï,-,Oui,,moun,fil,,diguè,lou,païré,coumo,tu,voudras,,,,Ché,,,ün,meichon,,,,,,et,,,chéra,puni,,Puis,,,drubigué,,,uno,tiréto,,,,portojé,,soun,bé,et,,né,fogué,dois,parts,,égalos,,,
SainteAlvereSainteAlverebis,1,Ün,hommé,n'ovio,,qué,dou,fils,,Lou,,pu,joïné,diguè,,o,soun,paï,Eï,,timps,qué,,,siasqui,,moun,maistré,,,,è,,qu',,agui,,,dé,l'orjïnt,,,Fol,qué,,,pesqui,min,ona,,è,qué,,végui,,del,poï,,Portéja,vostrè,bé,è,douna-,mé,cho,qué,,,débi,oveï,-,Oui,,moun,fil,,diguè,lou,paï,coumo,tu,voudras,,,,Chè,,,ün,meïsson,,,,,,è,,,chira,punî,,Puis,,,drubiguè,,,uno,tiréto,,,,portéjè,,soun,bé,è,,né,foguè,dois,parts,,eïgolas,,,
SainteAlvereLimeuil,1,Un,hommé,n'ovio,,qué,douy,fils,,Lou,,pu,joyné,diguet,,o,soun,payré,Ey,,temps,qué,,,siasqui,,moun,maistré,,,,et,,qué,,aji,,,dé,l'orgent,,,Fal,qué,,,pesqui,m'en,ona,,et,qué,,végi,,del,poïs,,Portegea,vostré,bé,et,douna,mé,ço,qué,,,débi,obé,-,Ombé,,moun,fil,,digué,lou,payré,coumo,tu,boudras,,,,S'es,,,un,meychant,,,,,,et,,,siras,puni,,Opey,,,drubint,,,uno,tiretto,,,,portégé,,soun,bé,et,,né,fogué,douo,pourtious,,poriéros,,,
VelinesMontazeau,1,Un,omé,n'abio,,qué,dou,gouyats,,Lou,,pu,zoïné,dissé,,à,soun,paï,Eï,,ten,qué,,,sasqué,,moun,mestré,,,,et,,qu',,asqué,,,de,l'arzent,,Et,fo ou,que,you,,posqué,mé,nana,,et,qué,you,vesqui,,do ou,pagui,,Partaza,bosté,bien,et,douna,mé,so,qué,,,débi,aouguey,-,O,,moun,drolé,,dissé,lou,paï,coumo,té,bouras,,,Tu,sé,,,un,méïchant,,,,,,et,tu,,siras,puni,,Pey,,,druben,,,un,tirouoir,,,,partazé,,soun,bien,et,,n'en,fit,dio,parts,,égalo,,,
VelinesPortSainteFoy,1,Un,homé,n'abé,,qué,duz,gouïa,,Lou,,pu,joïné,difsu,,à,soun,paï,Eï,,tén,qué,,iou,sisqui,,moun,mèstré,,péï,,,,qu',,asqui,,,dé,l'argén,,,Foou,qué,,,posqui,m'én,ana,,et,qué,iou,besqui,,d'oou,péï,,Partagea,bosté,bién,é,douna,mé,san,qué,iou,,débi,aïé,-,Oui,,moun,drolé,,difsu,lou,paï,coume,tu,bourra,,,Tu,sé,,,un,méchant,,,,,,é,tu,,sira,puni,,Péï,,,drubén,,,soun,tiroir,,,,partagé,,soun,bién,é,,n'én,fi,dios,pars,,éïgale,,,
VelinesSaintAntoinedeBreuilh,1,Ûn,hommé,n'abio,,qué,douy,gouyats,,Lou,,pu,zoyné,dissé,,à,soun,päy,Ey,,tén,qué,,,siesqui,,moun,mestré,,,,et,,qué,,asqui,,,dé,l'arzén,,,Föou,qué,,,posqui,m'én,ana,,et,qué,,besqui,,döou,paï,,Partaza,bosté,bien,et,douna,mé,cé,qué,,,dèbi,öouguér,-,O,,moun,gouyat,,dissé,lou,päy,coumo,té,bourra,,,Té,sé,,,ûn,meyssant,,,,,,et,té,,sira,puni,,Pey,,,drubén,,,ûn,tiroir,,,,partazé,,soun,bien,et,,n'én,fit,dio,pourtious,,eygalos,,,
VelinesSaintMicheldeMontaigneBonnefare,1,En,homé,n'habé,,que,dus,gouyas,,Lou,,pu,juné,dissu,,à,son,paï,Ey,,tem,que,,,sisqui,,moun,mestré,,pey,,,,qu',,asqui,,,de,l'argent,,,Foü,qué,,,posqui,mén',ana,pey,,qué,,besqui,,d'aou,péyi,,Partagea,bosté,bien,pey,douna,mé,cé,qué,,,débi,ayei,,O,,moun,drolé,,dissu,lou,paï,coume,té,bourras,,,Te,sé,,,n'en,méchant,,,,,pey,,té,,sera,puni,,Pey,,,druben,,,un,tiroir,,,,partagea,,soun,bien,pey,,n'en,fit,dio,parts,,égales,,,
VelinesVelines,1,Un,homé,n'abio,,qué,dous,gouyas,,Lou,,pu,joïne,digué,,à,soun,paÿ,Ey,,tein,qué,,you,si esse,,moun,maîstre,,,,et,,qué,,asqui,,,dé,l'argèn,,,Faou,qué,,,posqui,m'èn,ana,,et,qué,,vesqui,,doou,paï,,Partagea,vosté,bé,et,douna,mé,ço,qué,,,débi,oouguei,,Oui,,moun,fil,,digué,lou,paÿ,coumo,tu,voudras,,,Tu,sé,,,un,méïchant,,,,,,et,tu,,siras,puni,,Pey,,,druvèn,,,un,tiroir,,,,partagé,,soun,bé,et,,n'en,fagué,douas,parts,,eygalos,,,
VelinesVelinesbis,1,Un,homé,n'abio,,qué,doous,gouyas,,Lou,,pu,joïne,digué,,à,soun,paÿ,Ey,,tein,qué,,you,si esse,,moun,maîstre,,,,et,,qué,,asqui,,,dé,l'argèn,,,Faou,qué,,,posqui,m'èn,ana,,et,qué,,vesqui,,doou,paï,,Partagea,vosté,bé,et,douna,mé,ço,qué,,,débi,oouguei,,Ooui,,moun,fil,,digué,lou,paÿ,coumo,tu,voudras,,,Tu,sé,,,un,méïchant,,,,,,et,tu,,siras,puni,,Pey,,,druvèn,,,un,tiroir,,,,partagé,,soun,bé,et,,n'èn,fagué,douas,parts,,eygalos,,,
VelinesSaintVivien,1,Un,hommé,n'abio,,qué,du,gouya,,Lou,,pu,zoïné,dit,,à,choum,pâÿ,Ey,,tin,qué,,,chiesqui,,moun,méchtré,,,,et,,qué,,achqui,,,dé,l'arzein,,,Fauou,qué,,,pochqui,m'én,ana,,et,qué,,béchqui,,d'auou,päi,,Partaza,bochté,bien,et,douna-,mé,ché,qué,,,dèbi,abé,,Oui,,moun,gouyat,,dichu,lou,pâÿ,coumo,tu,bourra,,,Tu,ché,,,un,meyssant,,,,,,et,tu,,chéra,puni,,Pey,,,drubin,,,un,tiroir,,,,partazé,,choun,bien,et,,n'en,fit,dio,pourchiou,,eygalo,,,
VelinesFougueyrolles,1,Ün,hommé,n'abio,,qué,dou,gouya,,Lou,,pu,zoyné,dissé,,à,soun,pa y,Ey,,tém,qué,,,sièsqui,,moun,mêstré,,,,é,,qu',,asqui,,,dé,l'arzen,,,Foou,qué,,,posqui,mé,nana,,é,qué,,besqui,,doou,pa yi,,Partaza,bosté,bién,é,douna-,mé,çan,qué,,,débi,oouguéyr,-,O,,moun,drôle,,dissé,lou,pa y,coumo,té,bourra,,,Té,sé,,,,méyçan,,,,,,é,té,,sira,puni,,Péy,,,drubén,,,ün,tiroir,,,,partazé,,soun,bién,é,,n'én,fagué,dio,partido,,éygalo,,,
VelinesMontcaret,1,Un,hommé,n'abé,,qué,dus,gouyats,,Lou,,pu,joëne,dissut,,à,soun,paï,Ey,,teén,qué,,you,siesqui,,moun,mestré,,,,é,,qué,,asqui,,,dé,l'argeén,,,Faou,qué,you,,posqui,m'éen,a n'a,,é,qué,you,besqui,,daou,païs,,Partagea,bosté,bien,é,douna-,mé,ço,qué,you,,débi,aouguer,-,O,,moun,gouyat,,dissut,lou,paï,coume,tu,bourras,,,Tu,c'é,,,uun,meychant,,,,,,é,tu,,sira,puni,,Pey,,,drubéen,,,un,tiroir,,,,partagé,,soun,bieen,é,,néen,fit,dios,parts,,eygales,,,
VelinesPonchapt,1,Un,hômé,n'avio,,qué,douz,gouïats,,Lou,,pu,zoueïnné,disset,,à,soun,paï,Eï,,ten,qué,,you,siasqué,,moun,mestré,,,,et,,que,you,asqué,,,de,l'arzênt,,eïou,faout,qué,you,,pesqué,m'en,anâs,,et,qué,you,vesqué,,d'aou,paï,,Partozeas,vosté,bé,et,dounâs,mé,cho,qué,,,dêvé,aouguey,,Oui,,moun,drôlé,,disset,lou,paï,coumo,tu,voudras,,,Tu,chê,,,un,meïchont,,,,,,et,tu,,siras,puni,,Peï,,,drubènt,,,un,tiroir,,,,partozeai,,soun,bé,et,,n'en,fasqué,dio,parts,,eïgalos,,,
VelinesSaintMicheldeMontaigneBourg,1,Un,homé,n'abait,,qué,dus,gouyat,,Lou,,pu,joiné,dissu,,à,soun,pai,Es,,tèm,qué,,,siesqué,,moun,maistré,,,,et,,qu',,asqué,,,dé,l'argen,,,Falt,qué,,,posqui,m'en,ana,,et,qué,,vesqui,,d'au,paï,,Partagea,vostré,bien,pey,douna,mé,ça,qué,,,dévi,ayey,,Oui,,mon,drolé,,dissu,lu,paï,coumo,tu,bourras,,,Tu,sé,,,un,meichant,,,,,pey,,tu,,siras,puni,,Pey,,,druben,,,un,tiroir,,,,partagea,,soun,bien,pey,,n'en,fit,duos,meyta,,eygalo,,,
VelinesSaintSeurindePrats,1,Un,homé,n'abé,,qué,dus,gouyats,,Lou,,pu,joïne,dissu,,à,soun,païe,Eïe,,tén,qué,,,sisqui,,moun,mestre,,péie,,,,qu',,asqui,,,dé,l'argén,,,Faou,qué,,,posqui,mé,n'ana,peie,,qué,,besqui,,douou,payi,,Partaza,bostre,bien,péie,douna,mé,san,qué,,,débi,ayié,,O,,moun,gouya,,dissu,lou,païe,coume,té,bourras,,,Té,sé,,,un,méchan,,,,,mé,,tu,,siras,puni,,Péïe,,,drubén,,,un,tiroir,,,,partazé,,soun,bien,et,,n'en,fit,dios,parts,,éigales,,,
VelinesBonneville,1,Un,homme,n'abé,,qué,dus,gouyats,,Lou,,pu,zoïne,dissu,,à,soun,pay,Ey,,tén,qué,,you,sisqui,,moun,mestre,,,,et,,qu',,asqui,,,dé,l'arzent,,,Foou,qué,you,,pesqui,m'en,ana,,et,qué,you,besqui,,doou,paÿs,,Partaza,bosté,bien,et,douna,mé,s'en,qué,you,,débi,oguey,,Oui,,moun,fi,,dissu,lou,pay,coumo,té,bourras,,,Té,sé,,,un,meysan,,,,,,et,té,,sira,puni,,Pey,,,druben,,,un,tiroir,,,,partazé,,soun,bien,et,,n'en,fi,dios,portiouns,,égales,,,
VelinesLamotheMontravel,1,Un,homme,n'abé,,que,dus,drolés,,Lou,,pu,joyne,dissut,,à,soun,paï,Ey,,tén,que,,,sisqui,,moun,mestre,,pey,,,,qu,,asqui,,,dé,l'argén,,,Foöu,que,,,posqui,me,nana,pey,,que,,besqui,,doöu,paiï,,Partaza,boste,bien,pey,douna,mé,çan,qué,,,dèbi,ayé,,O,,moun,drole,,dissut,lou,paü,coume,te,bourra,,,Te,sé,,,un,méchant,,,,,pey,,te,,seras,puni,,Pey,,,drubén,,,un,tiroir,,,,partagé,,soun,bien,pey,,nén,fi,dio,parts,,éygales,,,
VerteillacCherval,1,Un,homé,n'avio,,qué,dous,fis,,Lu,,pus,jouné,dissé,,à,soun,peï,Qu'ei,,ten,qué,,you,sayé,,moun,meitré,,,,et,,qui,,ayié,,,dé,l'argen,,Au,fau,qué,you,,peuché,m'en,n'anas,,et,qué,you,vésé,,d'au,pays,,Partageas,votré,bé,et,dounas,mé,cé,qué,,,dévé,ayiei,-,Oui,,moun,fis,,dissé,lu,peï,coumo,tu,voudras,,,Tu,seis,,,un,méchan,,,,,,et,tu,,siras,puni,,Puis,,,ubren,,,uno,tiretto,,,au,partagé,,soun,bé,et,,n'en,fagué,douas,pourtious,,parieiras,,,
VerteillacSaintPaulLizonne,1,U,n'hommé,n'avio,,qué,dou,fi,,Lou,,pu,zaouné,dissé,,à,soun,paï,Quéï,,tein,qué,,you,saïe,,moun,meïtré,,,,et,,qué,y,aïé,,,de,l'arzein,,Ooü,faöu,qué,you,,pessé,m'en,ana,,et,qué,you,vézê,,d'ooü,paï,,Pertaza,votré,bé,et,douna,mé,san,qué,you,,dévè,avéï,-,Oui,,moun,fi,,dit,lou,paï,coumo,tu,voudras,,,Tu,cé,,,un,méicein,,,,,,et,tu,,ciras,puni,,Péï,,,druben,,,uno,tirèto,,,öou,pertazo,,soun,bé,et,ooun,nen,fit,doux,pourtioüs,,égalas,,,
VerteillacCercles,1,Ün,homé,n'ovio,,què,dou,fis,,Lu,,pû,zaûné,diché,,ô,choûn,paï,Ey,,tin,què,,iou,chio,,moûn,meytré,,,,et,,què,iou,aïé,,,dé,l'erzin,,,Faû,què,,,pécé,mé,nona,,et,què,iou,vézé,,daû,poï,,Pertoza,votré,bé,et,dounâ-,mé,cho,què,iou,,dévé,ovey,-,Oui,,moûn,fis,,diché,lu,paï,coumo,tu,vouras,,,Tu,ché,,,,meycin,,,,,,et,tu,,chiras,puni,,Oprès,,,drubi,,,ün,tiroir,,,éo,pertozé,,choûn,bé,et,,nin,fogué,doua,pourchiou,,eygola,,,
VerteillacVendoire,1,Un,homme,n'avio,,que,dous,fis,,Le,,pus,jeauné,dit,,à,soun,paé,quée,,teimps,qué,,you,saye,,moun,meïtre,,,,et,,qué,,yayé,,,de,l'erzent,,O,faô,qué,you,,paoude,m'en,anna,,et,qué,you,vésè,,dau,péïs,,Partazea,votré,bé,et,douna,mé,sau,qué,you,,dève,ayé,-,Oui,,moun,fi,,dit,le,paé,coumo,tu,voudras,,,Tu,sée,,,in,méceint,,,,,,et,tu,,siras,puni,,Puis,,,drubant,,,une,tirette,,,ô,partazé,,soun,bè,et,,en,fagué,douas,pourtious,,égalas,,,
VerteillacLaChapelleMontabourlet,1,Un,homé,n'ovio,nouma,,dou,fif,,le,,pu,zoauné,diché,,à,schoun,paï,qu'eïé,,teim,qué,,,chïo,,moun,meïtré,,,,et,,qué,iou,ayé,,,de,l'erzein,,Au,foau,qué,,,peussé,mé,nona,,et,que,,véjé,,doaù,poï,,Pertozas,vôtré,bé,et,douna,mè,cho,què,iou,,dèvè,ovey,,Vouï,,moun,fi,,disché,lu,paï,coumo,tu,voudras,,,Tu,sché,,,un,meïcin,,,,,,et,tu,,schiras,puni,,-Puis,,,druban,,,uno,tiretto,,,ô,pertazè,,soun,bé,et,,n'in,foguè,douas,pourchiou,,éïgolâs,,,
VerteillacLaChapelleGresignac,1,Uhn,hômè,n'aviot,,què,doux,fîls,,Lu,,pus,jaunè,dissai,,à,soun,païe,Qu'eit,,timps,què,,you,saïè,,moun,méïtrè,,,,è,,qu'y,,aïè,,,dè,l'ardjint,,O,fauot,què,you,,paitshè,m'in,anas,,è,qu'y,,vaizè,,dô,pahis,,Partadjas,votrè,bè,è,dounas,mè,sa,qu',y,,daivè,avéis,-,Oui,,moun,fîl,,dissai,lu,païe,coumo,tu,voudras,,,Tu,sez,,,uhn,méitshint,,,,,,è,tu,,siras,punid,,Insuito,,,drubaint,,,uhno,tiretto,,,ô,partadjai,,soun,bè,è,,n'in,fagai,douas,pourcious,,éigalas,,,
VerteillacAuriacdeBourzac,1,U,nomé,n'avuo,,qué,dou,fi,,Lou,,pu,jauné,di,,à,soun,païe,Qué,,tin,qui,,,saïe,,moun,maïetré,,,,e,,qué,,aïe,,,dé,l'argin,,,Faut,qué,iou,,peuche,min,nana,,et,qui,,véze,,do,paï,,Partagea,votré,bien,è,douna,mé,cé,qui,,,dévé,avé,-,Oui,,moun,fi,,dit,le,païe,coumo,tu,voudras,,,Tu,sé,,,un,méchin,,,,,,et,tu,,siras,puni,,Puis,,,drubin,,,un,tiroir,,,y,partagea,,soun,bien,è,,nin,fi,doua,pourciou,,égala,,,
VerteillacBouteillesSaintSebastien,1,Un,homé,n'avio,,què,dou,fî,,Lu,,pu,jaunè,dissè,,à,soun,paï,Quéi,,tèm,què,,you,saïè,,,méitrè,,,,è,,què,you,aïè,,,dè,l'argèn,,Au,fau,què,you,,peuchè,m'èn,anna,,è,què,you,vézè,,dau,payi,,Partagea,votrè,bè,è,dounna-,mè,ço,què,you,,dévè,ayéi,-,Oui,,moun,fî,,dissè,lu,paï,coummo,tu,voudra,,,Tu,sé,,,un,méichèn,,,,,,è,tu,,sira,puni,,Ensuito,,,ubrèn,,,uno,tiretto,,,éou,pertagè,,soun,bè,è,,n'èn,faguè,doa,part,,éigala,,,
VerteillacCerclesLaMarteille,1,Un̈,homé,n'ovio,,qué,dou,fi,,Lu,,pu,zoouné,diché,,à,soun,paï,Quéi,,tém̈,què,,yeu,chiäyé,,moun,méïtré,,,,et,,qué,yeu,äyé,,,dé,l'erzén̈,,Oou,foou,qué,yeu,,pètsè,m'én̈,nona,,et,qué,yeu,végè,,dooux,päyé,,Pertoza,votré,bé,et,douna,mé,ço,qué,yeu,,dèvé,ovéï,,Oui,,moun,fi,,diché,lu,paï,coumo,tu,voudras,,,Tu,ché,,,ün,méïtsén̈,,,,,,et,tu,,chèra,puni,,Péï,,,drubén̈,,,ün,tiroir,,,éou,portazé,,soun,bé,et,,n'én̈,föyé,doua,pourcious,,éÿgola,,,
VerteillacLaTourBlanche,1,Ün,hommè,n'ovio,,què,dou,fi,,Lu,,pu,zoouné,dit,,o,soun,paï,Quey,,tin,què,,yu,soyé,,moun,meytrè,,,,et,,què,,yayé,,,dè,l'erzin,,Oou,foou,què,yu,,peissè,m'in,ona,,et,què,yu,vèzé,,doou,payi,,Pertoza,vôtré,bè,et,douna,mè,so,què,yu,,dêvé,ovey,-,Oui,,moun,fi,,dit,lu,paï,coumo,tu,voudras,,,Tu,sè,,,ün,meychin,,,,,,et,tu,,siras,puni,,Puis,,,drubin,,,uno,tiréto,,,éou,pertozo,,soun,bè,et,,n'in,foguè,doua,poursïou,,ègolâ,,,
VerteillacBertric,1,Ün,homé,n'avio,,qué,dou,fi,,Lou,,pu,zoouné,dissé,,à,soun,paï,Quéï,,tein,qué,,iou,saïé,,moun,meytré,,,,et,,qué,iou,aïé,,,de,l'arzein,,Oou,faou,qué,iou,,pessé,mé,n'ana,,et,qué,iou,végé,,d'aou,paguiï,,Partaza,votré,bé,et,douna,mé,ço,qué,iou,,dèvé,avéï,,Oui,,moun,fi,,dissé,lou,paï,coumo,tu,voudra,,,Tu,sé,,,ün,méissant,,,,,,et,tu,,sira,puno,,Puis,,,drubein,,,uno,tiréto,,,oou,partazé,,soun,bé,et,,nein,faïé,doua,par,,eygala,,,
VerteillacChampagneetFontaine,1,Ün,omè,n'ovio,,què,dou,fi,,Lu,,pu,jôounè,dissè,,o,soun,paï,Oou éï,,tin,què,,you,sïè,,moun,méitrè,,,,è,,què,you,ayè,,,dè,l'arzïn,,Oou,foou,què,you,,péssè,m'in,nona,,èt,què,you,vésè,,doou,poï,,Partoza,votrè,bè,è,douna-,mè,ço,què,you,,dévè,avéï,-,vouï,,moun,fi,,dissè,lu,paï,coumo,tu,voudra,,,Tu,sé,,,un,meïssin,,,,,,è,tu,,sira,puni,,Pui,,,ubran,,,un,tiroir,,,oou,partozè,,soun,bè,è,,nin,foguè,doua,poursiou,,éygola,,,
VerteillacGoutRossignol,1,Un,h'homéï,n'évio,,qué,dou,fis,,Lu,,pu,joïné,di,,o,soun,paï,Eï,,teim,qué,,,sié,,moun,méïtré,,,,et,,qué,y,ayé,,,dé,l'ergein,,Auou,fauou,qué,you,,péïsséï,m'ein,ona,,et,qué,you,véïsé,,déou,poï,,Pertogea,vôtré,béï,et,douna,mé,so,qué,you,,dévéï,ovéï,,Oui,,moun,fi,,dissé,lu,paï,coumo,tu,voudras,,,Tu,sé,,,un,méïchein,,,,,,et,tu,,siras,puni,,Péï,,,ubram,,,so,tiréto,,,auou,pertogé,,soun,béï,et,,ein,fogué,douas,pourcious,,poriéras,,,
VerteillacVerteillac,1,Un,hommè,n'oviot,nouma,,dous,fiis,,Lu,,pu,zoounè,dichè,,ô,choun,paï,Ey,,teimps,què,,you,chayè,,moun,maïtrè,,,,et,,què,,ayè,,,dè,l'erzeint,,,Foout,què,you,,peussè,m'ein,ona,,èt,què,you,veijè,,doou,pöys,,Pertoza,votrè,bè,èt,dounas-,mè,cho,què,you,,dévè,oyeï,,Oui,,moun,fiis,,dichè,lou,paï,coumo,tu,voudrâs,,,Tu,chés,,,un,méïsseint,,,,,,èt,tu,,chiras,puni,,Et,,,drubont,,,cho,tiretto,,,éou,pertoza,,choun,bè,èt,,n'eint,foguè,douas,pourchious,,eïgolas,,,
VerteillacNanteuil,1,Un,homé,n'ovio,,qué,dous,fis,,Lu,,pu,zauné,dissé,,à,soun,paï,Quey,,teimps,qué,,you,siayé,,,meytré,,,,et,,qué,y,ayé,,,dé,l'arzeint,,O,fao,qué,you,,péssé,m'én,ana,,et,qué,you,vésé,,do,poyi,,Partaza,votré,bé,et,douna,mé,ço,qué,you,,dévé,ovey,,Oui,,moun,fî,,dissé,lu,paï,coumo,tu,voudras,,,Tu,s'es,,,ün,meyçant,,,,,,et,tu,,séras,puni,,Puïs,,,ubrant,,,ün,tiroir,,,o,partazé,,soun,bé,et,,ein,fayé,douas,pourtious,,égalas,,,
VerteillacLusignac,1,Un,homé,n'ovio,nouma,,dou,fî,,Lou,,pu,zoounè,dissé,,ô,soun,paï,Ey,,tin,qué,,,sayé,,moun,peytré,,,,et,,què,,ayè,,,dè,l'arzin,,,Foóu,què,,,peutchè,m'in,ona,,è,qué,,vézè,,d'oou,poï,,Partòza,votr_,bè,,douna,mè,çô,qué,,,dèvè,ovéï,-,Oui,,moun,fi,,dissè,lou,paï,coumô,tu,voudrâ,,,tu,sé,,,un,meichin,,,,,,è,tu,,sira,puni,,È,,,drubin,,,une,tirèto,,,,partozè,,soun,bè,è,,n'en,foguè,doua,par,,eygolâ,,,
VerteillacCoutures,1,Un,homè,n'avio,nouma,,dous,fis,,Lou,,pu,jaunè,dissè,,à,soun,paï,Quei,,tem,què,,you,sayè,,moun,meitre,,,,è,,què,you,ayè,,,dè,l'argen,,Au,fau,que,you,,péchè,m'en,ona,,è,què,you,véjè,,daus,païs,,Partogea,votrè,bè,è,douna-,mè,ço,què,you,,dévè,ovei,,Oui,,moun,fi,,dissè,lou,paï,coumo,tu,voudras,,,Tu,sez,,,un,meichen,,,,,,è,tu,,siras,puni,,Puis,,,drubent,,,uno,tiretto,,,au,partogè,,soun,bè,è,,n'en,foyè,douas,pourtious,,eigolas,,,
VerteillacBourgdesMaisons,1,Un,hommè,n'avio,,què,dou,fy,,Lu,,pû,joouné,dissait,,à,soun,paï,Qu'ey,,tin̈,què,,iu,saïè,,moun,meytrè,,,,ei,,què,,iayè,,,dè,l'argin,,,Foou,què,iu,,peussè,m'in,ana,,ei,què,iu,vêzè,,doou,poï,,Partogea,votrè,bè,ei,dounna,mè,so,què,iu,,dêvè,avey,-,Ouey,,moun,fy,,dissait,lu,paï,coumo,tu,voudras,,,Tu,sei,,,un,meychin,,,,,,ei,tu,,siras,puni,,Puis,,,drubin,,,un,tiroir,,,oou,partogè,,soun,bè,ei,,n'in,foïè,doua,pourtiou,,eygola,,,
VerteillacSaintMartialViveyrol,1,Un,homé,n'avio,,qué,dou,fi,,Lu,,pu,jaouné,dissé,,à,soun,paï,Ei,,taim,qué,,you,sayié,,moun,meitré,,,,è,,qué,,iaié,,,de,lergein,,,Faou,qué,you,,peussé,mé,nona,,é,que,you,vésé,,d'ou,payi,,Pertogea,votré,bé,è,douna,mé,sé,qué,you,,daivé,ayiei,-,Oui,,moun,fi,,dissé,lou,paï,coumo,tu,voudras,,,Tu,sé,,,un,meichen,,,,,,é,tu,,sira,puni,,Puis,,,drubin,,,uno,tiréto,,,aou,pertozé,,soun,bé,é,,ain,foié,daou,poursiou,,égala,,,
RiberacBourgduBost,1,Un,homme,avist,,,dou,fis,,L'ou,,pus,j'ouné,dissit,,à,sou,papa,qu'est,,teimps,qué,,you,sayai,,mou,maître,,,,et,,qué,,d'aiyai,,,de,l'argent,,Au,fout,qué,d'you,,sayé à mêmo dé,mé,nanna,,et,qué,d'you,vézé,,lou,payis,,Partageas,votre,béi,et,dounna,mé,c'é,qué,d'you,,dévé,avez,-,Oui,,mou,fis,,dissit,l'ou,papa,coummé,tu,voudras,,,Tu,sait,,,un,maichant,,,,,,et,tu,,siras,puni,,Puis,,,drubent,,,son,tiroir,,,auo,partageit,,son,bai,et,,n'ain,fayi,douas,pourtions,,parietas,,,
RiberacComberancheetÉpeluche,1,Un,homé,n'ovio,nouma,,dous,fis,,Lou,,pu,zôné,dissé,,a,soun,paï,Quey,,tein,qué,,you,saye,,moun,meîtré,,,,é,,qué,you,ayé,,,dé,l'arzein,,Ô,faut,qué,you,,pessé,m'eimn,ona,,et,qué,you,vésé,,do,poï,,Partosas,votré,bé,et,dounas-,mé,so,qué,you,,dévé,ovey,-,Ô,,moun,fi,,dissé,lou,paï,coumo,tu,voudras,,,Tu,sé,,,un,meyssin,,,,,,et,tu,,siras,puni,,Pey,,,drubein,,,uno,tiretto,,,ô,pertozé,,soun,bé,et,,nein,fayé,douas,pourcîous,,eigalas,,,
RiberacAllemans,1,Uhn,homé,n'ovio,nouma,,dous,fis,,Lou,,pu,zôné,dissé,,o,soun,paï,Quey,,tein,qué,,you,sayé,,moun,méïtré,,,,é,,qué,you,ayé,,,dé,l'arzein,,Ô,faut,qué,you,,pessé,m'einn',ona,,et,qué,you,vésé,,dô,poï,,Partozas,votré,bé,et,dounas-,mé,so,qué,you,,dévé,ovey,,Ô,,moun,fi,,dissé,lou,paï,coumo,tu,voudras,,,Tu,sé,,,uhn,meyssin,,,,,,et,tu,,siras,puni,,Leindoun,,,drubein,,,uno,tiretto,,,ô,pertozé,,soun,bé,et,,n'ein,fo ié,douas,pourcîous,,eigolas,,,
RiberacRiberac,1,Un,hommè,n'avio,,què,dous,fis,,Lou,,pû,jounnè,dissè,,à,soun,paï,Qu'e̱y,,te̱mps,què,,you,sayè,,moun,meïtrè,,,,è,,què,,,,,de,l'argé̱nt,,Aöu,faöu,què,you,,pècè,mè,n'ana,,è,què,you,vézè,,daöu,payi,,Partagea,votrè,bè,è,douna-,mè,cè,què,you,,dévè,aveï,-,Oui,,moun,fi,,dissè,lou,paï,coumo,tu,voudras,,,Tu,sé,,,,méïchant,,,,,,è,tu,,siras,puni,,Puis,,,drube̱n,,,un',tiroir,,,aöu,partagè,,soun,bè,è,,n'e̱n,fayè,doua,pourciou,,eïgala,,,
RiberacSioracdeRiberac,1,Un,omé,n'avio,,qué,dous,fis,,Loü,,pu,joüne,disset,,à,son,paï,Quéï,,tims,qué,,ioui,sayé,,moun,maïtré,,,,et,,qu',,ayë,,,dé,l'erzen,,Aü,faü,qué,iou,,péché,m'éne,ana,,et,qué,iou,vésé,,daau,pays,,Pertajas,votré,bé,é,douna,mé,ça,qué,iou,,dévé,avei,-,Oui,,moun,fils,,disset,lou,paï,coumo,tu,vourras,,,Tu,sé,,,un,méïchint,,,,,,et,tu,,siras,puni,,Après,,,drubin,,,sa,tireto,,,au,partajé,,soun,bé,et,,n'en,fagué,douas,portious,,parieras,,,
RiberacVanxains,1,Un,aumè,n'avio,,què,dou,fîs,,Lou,,pû,zoounè,dissè,,à,soun,paï,Qu'éï,,tem,què,,you,sayè,,moun,méïtrè,,,,è,,què,,yayè,,,dè,l'arzen,,,Foou,què,you,,péchè,m'en,anâ,,è,què,you,vésè,,doou,paÿs,,Partaza,vautrè,bè,è,dounâ,mè,sa,què,you,,dévè,ayéï,,Voui,,moun,fî,,dissè,lou,paï,coumo,tu,voudrâ,,,Eu,sè,,,un,meïchen,,,,,,è,tu,,sira,puni,,Aprè,,,druben,,,uno,tiretto,,,oou,partazè,,soun,bè,è,,n'en,faguè,doua,poursiou,,pariéra,,,
RiberacChassaignes,1,Un,hômei,n'aviot,,què,doux,fîls,,Lou,,pu,joöunei,dissit,,à,soun,pèï,Au l'eï,,teim,què,,yu,sâiei,,moun,meïtrei,,,,et,,què,,iaiè,,,dè,l'argeim,,Au,foöu,què,yu,,péchei,m'en,annas,,et,què,yu,vézèi,,doöu,payis,,Partageas,vôtrè,bei,et,dounas,mei,cè,què,yu,,dévèi,ayeï,-,Oui,,moun,fîls,,dissit,lou,pèï,coumo,tu,vourras,,,Tu,seis,,,ûn,méïcheint,,,,,,et,tu,,siras,puni,,Péï,,,drubeint,,,uno,tireto,,,au,partagi,,soun,bei,et,,n'ein,fayit,douas,pourtious,,éïgalas,,,
RiberacSaintPardouxdeDrône,1,Ün',homè,n'ovio,nouma,,dous,fis,,Lou,,pu,joounè,dissè,,ô,soun,pèï,Ch'éï,,tein,chè,you,you,sayè,,moun,méïtrè,,,,è,,chè,y',ayè,,,dè,l'ergein,,Oou,fauou,chè,you,,peushè,mè,nona,,è,ché,you,vézè,,doou,poyi,,Pertogea,votrè,bè,è,douna,mè,ço,chè,you,,dévè,ovéï,,Co,,moun,fi,,dissè,lou,pèï,coumo,tu,'oudras,,,Tu,sé,,,ün,méïshaint,,,,,,è,tu,,sira,puni,,È,,,drubant,,,'no,tiretto,,,oou,pertogè,,soun,bè,è,,n'ein,foyè,doua,pourtious,,poriéras,,,
RiberacVilletoureix,1,Ün-,omè,n'ovio,,què,dois,fîs,,Lu,,pu,joounè,disset,,o,soun,paï,Quei,,tem,què,,you,sayè,,moun,meitrè,,,,è,,que,you,ayè,,,dè,l'argen,,Oou,foou,que,you,,péchè,m'en,nona,,è,què,you,vésè,,dou,payis,,Partojà,votrè,bè,è,douna,mè,ço,què,you,,dévè,ovei,,Oui,,moun,fi,,disset,lu,paï,coumo,tu,voudra,,,Tu,séé,,,ün,meichen,,,,,,è,tu,,sira,puni,,Opré,,,druben,,,uno,tirèto,,,oou,partojet,,soun,bè,è,,nen,foyet,doua,pourcious,,poriéras,,,
RiberacSaintMartindeRiberacbis,1,Un,ommé,n'avio,'mâ,,dous,fils,,Lou,,pû,joouné,difs,,à,soun,paï,Ei,,ten,qué,,,sayé,,moun,meitré,,,,é,,qu',,ayé,,,de,l'ergen,,,Foou,què,,,pécho,m'en,anâ,,é,qué,,véso,,doou,poys,,Pertojâ,votré,bè,è,baillâ-,mé,ço,qué,,,dév',avey,-,Ô,,moun,fils,,difsé,lou,paï,coumo,tu,voudrâ,,,Tu,sé,,,'n,meichen,sujié,,,,,è,tu,,sirâ,puni,,Leidoun,,,druben,,,'no,tiretto,,,oou,pertojè,,soun,bé,è,,n'en,fayet,douas,pers,,poriéras,,,
RiberacSaintSulpicedeRoumagnac,1,Un,nhommé,n'avio,nouma,,dou,fis,,Lu,,pu,joné,dissé,,à,soun,paaié,Quey,,ten,quey,,you,sayé,,moun,meitré,,,,é,,quey,you,ayé,,,dé,l'argen,,O,faou,quey,you,,poyé,mey,nana,,et,quey,you,vésé,,dou,paï,,Partagea,votré,bé,ey,douna-,mey,cé,qué,you,,dévé,ayé,-,Oui,,moun,fi,,dissé,lou,paaié,coumo,tu,voudras,,,Tu,sé,,,un,meychen,fi,,,,,et,tu,,siras,puni,,Péi,,,druben,,,uno,tiréto,,,aou,partagé,,soun,bé,éy,,nen,fayé,doua,pourtios,,pariéras,,,
RiberacSaintMearddeDrône,1,U,n'homé,n'ovio,noumas,,dou,fis,,Lou,,pus,dzôné,dissé,,o,soun,paï,Ey,,tén,qué,,you,siayo,,moun,méïtré,,,,et,,qué,,iayo,,,dé,l'arzen,,,Foaut,qué,you,,peussé,mén,anna,,et,qué,you,vézé,,d'aou,poïs,,Partazas,votré,bé,et,dounas-,mé,ço,qué,you,,dévé,oïei,-,Oui,,moun,fi,,dissé,lou,paï,coumo,tu,voudras,,,Tu,sé,,,un,méïtsant,,,,,,et,tu,,siras,puni,,Après,,,drubén,,,uno,tiretto,,,aou,partodzé,,soun,bé,et,,n'ein,foyé,douas,pourtious,,éïgalas,,,
RiberacSaintMartindeRiberac,1,Un,ommè,n'avio,noumâ,,dous,fîls,,Lou,,pû,joounè,dijsè,,à,soun,paï,Oou ei,,ten,què,,you,sayè,,moun,meitrè,,,,è,,què,y',ayè,,,dè,l'ergen,,Oou,foou,què,you,,pécho,m'en,anâ,,è,què,you,véso,,doou,poys,,Pertojâ,votrè,bè,è,baillâ-,mè,ço,què,you,,dévè,avey,-,Ô,,moun,fils,,dissè,lou,paï,coumo,tu,voudrâ,,,Tu,sé,,,un,meichen,sujié,,,,,è,tu,,sirâ,puni,,Pei apré,,,druben,,,uno,tiretto,,,oou,pertojè,,soun,bè,è,,n'en,fayet,douas,pers,,poriéras,,,
MontagrierCreyssac,1,Un,omé,n'ovio,,qué,dóus,fis,,Lu,,pu,záune,disset,,o,soun,pai,Ei,,tem,que,,iou,siaye,,moun,meitre,,,,e,,que,iou,aye,,,de,l'ergen,,Eu,faut,que,iou,,pêce,m'en,ona,,e,que,iou,vese,,d'au,poïs,,Pertoja,votre,be,e,douna,me,ço,que,iou,,deve,ovei,,Bien,,moun,fi,,disset,lu,pai,coumo,tu,voudras,,,Tu,ses,,,un,meichen,,,,,,e,tu,,siras,puni,,,,,Drubon,leydoun,,uno,tireto,,,eú,pertoje,,soun,be,e,,n'en,foye,douas,pers,,eigolas,,,
MontagrierTocaneSaintApre,1,Un,homé,n'ovio,,qué,dous,fils,,Lou,,pu,zone,disset,,o,soun,paï,Eou eï,,teimps,que,,you,siaye,,moun,méitré,,,,et,,qué,,yaye,,,dé,l'erzeint,,Eou,foou,que,you,,péché,mé,nona,,et,qué,you,vézo,,doou,poyïs,,Pertoza,votre,bé,et,douna,mé,so,qué,you,,dévé,ovéi,,Oui,,moun,fils,,dissé,lou,paï,coumo,tu,voudras,,,Tu,sé,,,un,mécheint,,,,,,et,tu,,siras,puni,,Puis,,,drubont,,,un,tiroir,,,éou,pertozé,,soun,bé,et,,n'en,foyé,douas,pertidas,,égolas,,,
MontagrierCelles,1,Un,omé,n'avio,,qué,dou,fis,,Lou,,pu,jaouné,dissé,,à,soun,paï,Qu'ey,,tèn,qué,,you,saye,,moun,meytré,,,,et,,qué,y',ayé,,,dé,l'erzèn,,Oou,foou,qué,you,,pesso,mé,nana,,et,qué,you,vezé,,daou,payi,,Pertaza,votré,bé,et,douna-,mé,cé,qué,you,,dèvé,ayey,-,Oui,,moun,fi,,dissé,lou,paï,coumo,tu,voudras,,,Tu,sé,,,un,meyssén,,,,,,et,tu,,siras,puni,,Puis,,,drubant,,,ün,tiroir,,,oou,pertazé,,soun,bé,et,,oou,fayé,doua,poursïous,,eygolas,,,
MontagrierSegonzac,1,Un,homé,n'avio,,qué,doux,fils,,Lou,,pus,joauné,dissé,,à,soun,paï,Ei,,tén,qué,,you,sio,,moun,meitré,,,,et,,qué,,ayé,,,dé,l'argén,,Aü,faü,què,,,pétché,m'én,anas,,ét,,,veyré,,d'aü,païs,,Partatjas,votré,bé,et,dounas,mé,cé,qué,mé,,,révé,,Plò,,moun,fils,,dissé,lou,paï,coumo,tu,voudras,,Mâs,tu,sés,,,un,méitchant,,,,,,et,tu,,sirâs,puni,,Aléïdoun,,,aü dreubo,,,so,tiretto,,,,partatzé,,soun,bé,ét,,n'én,fayé,douâs,pourties,,eigalas,,,
MontagrierGrandBrassac,1,Un,homé,n'ovio,nouma,,dou,fis,,Le,,pu,joüné,dissè,,o,soun,paï,Qu'ey,,tin,què,,you,siayè,,moün,meytrè,,,,è,,què,,yayè,,,dè,l'ergin,,Oü,foü,què,you,,péchè,m'in,ona,,è,què,you,véjè,,d'oü,poï,,Pertogea,votrè,bè,et,douna,mè,ço,què,you,,dévè,ovey,,Oui,,moun,fi,,dissè,lu,paï,coumo,tu,voudras,,,Tu,sé,,,un,meychin,,,,,,et,tu,,siras,puni,,Puis,,,drubint,,,uno,tirèto,,,oü,pertogè,,soun,bè,et,,n'in,foyè,doua,poursioüs,,eygolas,,,
MontagrierTocaneSaintAprebis,1,Un,homé,n'ovio,,qué,doux,fîs,,Lou,,pu,jooune,disset,,o,soun,paï,Eou ei,,teim,que,,iou,siaye,,moun,méïtre,,,,et,,qué,,iaye,,,dé,l'erzeint,,Eou,foou,qué,iou,,pésse,mé,nona,,et,qué,iou,véhé,,doou,paï,,Pertoza-,votré,bé,et,douna-,me,ço,qué,iou,,déve,avéi,,Oui,,moun,fî,,disset,lou,paï,coumo,tu,voudras,,,Tu,s'es,,,un,méicheint,,,,,,et,tu,,siras,puni,,Puis,,,drubont,,,un,tiroir,,,éou,pertozé,,soun,bé,et,,n'ein,foyét,douas,pertidas,,éigolas,,,
MontagrierSaintJust,1,Un,homè,n'avio,nouma,,dous,fis,,Lu,,pu,jaünè,dissait,,à,soun,paï,Ey,,temps,què,,ïou,tsiayo,,moun,meytrè,,,,et,,què,,iayo,,,dè,l'ertzen,,,Faü,què,ïou,,petso,m'en,ona,,et,què,ïou,vetzo,,daü,payis,,Pertotza,votrè,bè,et,douna,mè,ço,què,ïou,,dévè,aveï,-,Ô,,moun,fis,,ditsait,lu,paï,coumo,tu,voudras,,,Tu,tsez,,,ün,meytchen,,,,,,et,tu,,siras,puni,,Et,,,drubant,,,uno,tiretto,,,aü,pertotzè,,soun,bè,et,,n'en,foyait,dois,pourtsious,,eygolas,,,
MontagrierSaintVictor,1,Un,hommé,n'ovio,nouma,,doux,fîs,,Lou,,pu,joouné,disset,,à,soun,paï,Oou ey,,temps,que,,you,sio,,moun,meytré,,,,et,,qué,,yayé,,,dé,l'ergent,,Oou,foou,,,,,,,,,qué,you,vésé,,d'ooux,payis,,Partageas,votré,bé,et,dounas-,mé,ço,qué,you,,dévé,avey,-,Oui,,moun,fî,,disset,lou,paï,coumo,tu,voudras,,,Tu,sé,,,un,meychent,,,,,,et,tu,,siras,puni,,Après,,,drubant,,,un,tiroir,,,oou,partaget,,soun,bé,et,,n'en,fayé,douas,pourcious,,poriéras,,,
MontagrierMontagrier,1,Ün,homè,n'avio,nouma,,doux,fils,,Lou,,pus,zoòunè,dissè,,à,soun,päy,Ey,,temps,què,,you,säye,,moun,meytrè,,,,è,,què,,yayè,,,dè,l'erzen,,,Foou,què,you,,peussè,m'èn,ona,,è,què,you,vézè,,dooù,payis,,Pertozas,votrè,bè,è,dounas-,mè,ço,què,you,,dévè,yey,,O,,moun,drolè,,dissè,lou,päy,coumo,tu,voudras,,,Tu,sé,,,ün,meyshen,,,,,,è,tu,,siras,puni,,Pey près,,,drubèn,,,uno,tireto,,,iou,pertozé,,soun,bè,è,,n'en,foyè,doua,pourçioù,,eygolas,,,
MontagrierDouchapt,1,Un,homè,n'ovio,,què,dou,fis,,Lu,,pu,dzonè,dichè,,o,soun,paï,Ihou ei,,tèm,què,,yhou,chayé,,moun,meïtrè,,,,èt,,què,yhou,aïè,,,dè,l'erdzent,,Ihou,föou,que,yhou,,pètsè,m'en,ona,,et,què,ihou,véjo,,döou,pohis,,Pertodza,votrè,bè,et,douna,mè,cho,què,yhou,,dévè,ohïei,-,Oui,,moun,fis,,dichè,lou,paï,coumo,tu,voudras,,,Tu,ché,,,ün,meitsèn,,,,,,et,tu,,chiras,puni,,Peï,,,drubon,,,uno,tiretto,,,ihou,pertodzè,,soun,bè,et,,n'èn,foyè,doua,perts,,eïgalas,,,
MontagrierChapdeuil,1,Un,homé,n'ovio,,qué,dous,fis,,Lu,,pus,jôné,dissé,,o,soun,païe,Qu'ei,,teimps,qué,,you,sayé,,moun,meitré,,,,é,,qué'',,ayé,,,de,l'erzeint,,Ô,fo,qué,you,,peuché,m'en,ona,,é,qué,you,vèzé,,dô,poÿs,,Pertozas,votré,vé,é,dounas,mé,ço,qué,you,,dèvé,ovei,-,Oui,,moun,fis,,dissé,lu,païe,coumo,tu,voudras,,,Tu,sei,,,un,mèchein,,,,,,é,tu,,siras,puni,,Puis,,,drubein,,,un,tiroir,,,ô,pertozé,,soun,bé,é,,n'en,foyé,douas,pourfîs,,égalas,,,
MontagrierPaussacetSaintVivien,1,Un̈,homè,n'ovio,,què,doux,fîs,,Lu,,pu,zon̈è,dissè,,o,soun̈,paeï,Qu'eï,,ten̈,què,,you,sio,,moun̈,meïtrè,,,,è,,què,,yayè,,,dè,l'erzen̈,,Auou,fauou,què,you,,peissè,m'en̈,ona,,è,qu'è,you,vézè,,d'auou,poïs,,Pertoza,votrè,bè,è,douna-,mè,ço,què,you,,dévè,oveï,-,Oui,,moun̈,fîs,,dissè,lu,paeï,coumo,tu,voudras,,,tu,sei,,,un̈,meissen̈,,,,,,è,tu,,siras,puni,,Puis,,,ubron,,,un̈,tiroir,,,auou,pertozè,,soun̈,bè,è,,n'in,foyè,dois,pourcious,,eigolas,,,
MussidanSaintMartinlAstier,1,Un,hommè,n'ovio,,què,dous,fis,,Lou,,pu,joounè,dissè,,o,soun,paï,Eï,,tèm,què,,,sayè,,moun,méïtrè,,,,et,,qu',,ayè,,,dè,l'arzèn,,,Foou,què,,,péchè,mè,nona,,èt,què,,vézè,,doou,poyi,,Partogeas,votrè,bè,èt,douna-,mè,so,què,,,dévè,ovéï,-,Oui,,moun,fi,,dit,lou,paï,coumo,tu,voudras,,,,Sé,,,,méïchont,,,,,,et,,,siras,puni,,Péi,,,drubi,,,soun,tiroir,,,èt,partogè,,soun,bè,,,èn,,dois,parts,,éïgolas,,,
MussidanSaintMedarddeMussidan,1,Ün,homé,n'ovio,,qué,doux,fis,,Lou,,pu,zoouné,dissé,,ô,soun,paï,Eï,,tein,qué,,iou,saïé,,moun,méitré,,,,et,,qué,iou,aïé,,,dé,l'airzeint,,,Fauou,qué,,,pessé,mé,nona,,et,qué,iou,véjé,,d'auou,poï,,Pertoza,votré,bé,et,douna-,mé,ço,qué,iou,,dévè,oïéi,-,Oui,,moun,fi,,dissé,lou,paï,coumo,tu,voudras,,,Tu,sès,,,ün,méissont,,,,,,et,tu,,siras,puni,,Péï,,,drubeint,,,uno,tiretto,,,,pertojé,,soun,bé,et,,n'ein,fogué,douas,pourcious,,éigaulas,,,
MussidanSaintLaurentdesHommes,1,Ün,hômè,n'ovio,noumâ,,doûs,fîls,,Lou,,pû,zownè,dissé,,o,soun,paï,Eï,,tem,què,,iou,saïè,,moun,meïtrè,,,,et,,què,iou,aïè,,,de,l'arzën,,,Fow,què,iou,,péssè,m'ën,onâ,,et,què,,vésè,,dow,pöi,,Partazâ,vôtré,bè,è,dounâ,mè,ço,què,,,dévè,oveï,-,oui,,moun,fîl,,dissè,lou,paï,coumo,tu,voudrâ,,,Tu,s'es,,,un,meïçon,,,,,,è,tu,,sirâ,puni,,Peï,,,drubon,,,uno,tirèto,,,éou,partazè,,soun,bè,è,,n'en,foguè,douâ,pourciou,,eïgalâ,,,
MussidanSourzac,1,Un,omè,n'o̱vio̱,nouma,,dou,fi,,Lou,,pu,zo̱eynè,dissè,,o̱,soun,païe,Ey,,ten,què,,you,siayo̱,,moun,meytrè,,,,è,,què,you,ayo̱,,,dè,l'ergen,,,Fo̱ou,què,you,,pécho̱,mè,no̱na,,è,què,you,vézo̱,,do̱ou,po̱yi,,Perto̱za,votrè,bè,è,douna,mè,so̱,què,you,,dévè,o̱yey,-,Oui,,moun,fi,,dissè,lou,païe,coumo̱,tu,voudra,,,Tu,s'é,,,un,meychon,,,,,,è,tu,,sira,Leydoun,,,,,drubi,,,un,tiroir,,,éou,perto̱zè,,soun,bè,è,,n'en,fo̱guè,doua,per,,po̱riéra,,,
MussidanSaintLaurentdesHommesbis,1,Ün,hommè,n'ovio,,què,dous,fîs,,Lou,,pûs,djoûnè,dissè,,à,soun,paï,A qu'éi,,tèm',què,,you,sayè,,moun,méitrè,,,,è,,què,y',ayè,,,dè,l'ardzèn',,Oû,foû,què,you,,pétchè,m'èn,n'anas,,è,què,you,védzè,,doû,payis,,Partadgeas,vôtrè,bè,è,dounas,mè,cè,què,you,,dévè,avéi,-,Oui,,moun,fîs,,dissè,lou,paï,coumo,tu,voudras,,,Tu,sés,,,ün,méitchèn,,,,,,è,tu,,siras,puni,,Puis,,,dreûbèn,,,ün,tiroir,,,oû,partadgè,,soun,bè,è,,n'èn,faguè,douas,pourcious,,éigalas,,,
MussidanSaintFrontdePradouxbis,1,Un,ome,avio,noumas,,dous,fils,,Lou,,pus,jóune,disset,,à,soun,pai,Ei,,tems,que,,iou,sio,,moun,meitre,,,,e,,que,iou,aie,,,de,l'argent,,,Fau,que,,,peche,mén,aná,,e,que,,veje,,dóu,païs,,Partajas,votre,be,e,dounas-,me,ço,que,iou,,deve,avei,,O,,moun,fils,,disset,lou,pai,coumo,tu,voudras,,,Tu,ses,,,un,meichant,,,,,,e,tu,,siras,punit,,Pei,,,drubent,,,uno,tireto,,,éu,partajet,,soun,be,e,,nen,faguet,douas,parts,,parieras,,,
MussidanSaintMicheldeDouble,1,Ün,ômè,n'ovio,noumâ,,doû,fî,,Lou,,pu,zoounè,dichè,,o,choun,paï,Eï,,tèn,què,,,chayè,,moun,meïtrè,,,,è,,qu',,ayè,,,dè,l'erzèn,,,Foou,què,iou,,péssè,m'èn,onâ,,è,què,,véjè,,doou,poyi,,Pertozâ,vôtré,bè,è,dounâ,mè,cho,què,iou,,dév',oïeï,-,Ô,,moun,fi,,dichè,lou,paï,coumo,tu,voûdrâ,,,Tu,ché,,,ün,meïsson,,,,,,è,,,chirâ,puni,,Pey,,,drubon,,,'no,tirèto,,,,pertozè,,choun,bè,è,,n'èn,foguè,doua,pèr,,poriérâ,,,
MussidanBeaupouyet,1,Un',homé,n'avio,,què,dous,fils,,Lou,,pu,zoounè,dissè,,à,soun,paï,Eï,,tèn,què,,you,sayè,,moun,meytrè,,,,et,,què,you,ayè,,,dè,l'arzèn,,,Foou,què,you,,péchè,m'èn,ana,,et,què,you,vézè,,doou,paï,,Partagea,votrè,bè,et,douna,mè,ça,què,you,,dévè,aïéï,-,Oui,,moun,fils,,dissè,lou,paï,coumo,tu,voudras,,,Tu,sé,,,un',meychant,,,,,,et,tu,,siras,puni,,Péi,,,drubèn,,,un',tiroir,,,éo,partagè,,soun,bè,et,,nèn,fayè,doua,pourtious,,éigalas,,,
MussidanSaintLouisenlIsle,1,Un,homé,n'avio,,qué,dou,fis,,Lou,,pu,jouné,dissait,,à,son,pay,Ey,,tem,qué,,you,sayé,,,maytré,,,,et,,qué,,,vous mé,dounas,dé,l'argen,,,Faut,qué,you,,peucé,m'en,anas,,et,qué,you,bésé,,d'au,pays,,Partageas,votre,bien,et,dounas,mé,cé,qué,you,,dévé,avez,,Oui,,mon,fis,,dit,lou,pay,Coumo,tu,voudras,,,Tu,sé,,,un,meyçan,,,,,,et,tu,,siras,puni,,Pey,,,druban,,,un,tiroir,,,y,partage,,son,bien,et,,n'en,fasé,douas,pour,,égales,,,
MussidanMussidan,1,Un,ome,avio,noumas,,dous,fils,,Lou,,pu,joiné,disset,,a,soun,pai,Ei,,tems,que,,,siaò,,moun,meitre,,,,e,,qu'aie,,,,,de,l'argent,,,Fòu,que,,,pecho,men,ana,,e,que,,véje,,dòu,païs,,Partajas,votre,be,e,dounas,me,ço,que,,,deve,aïei,-,O,,moun,fils,,disset,lou,pai,coumo,,voudras,,,,Ses,,,un,meichant,,,,,,e,,,siras,punit,,Pei,,,drubent,,,uno,tireto,,,,partojet,,soun,be,e,,nen,faguet,doua,pourciùs,,eigalas,,,
MussidanSaintFrontdePradoux,1,Un,ômé,ovio,nouma,,dou,fils,,Lou,,pu,zoouné,disset,,o,soun,pay,Ey,,tems,qué,,you,sio,,moun,meytré,,,,é,,qué,you,âyé,,,dé,l'arzen,,,Foou,qué,,,pessé,men,ona,,é,qué,,vééjé,,doû,poyis,,Partozas,vôtré,bé,é,douna-,mé,ço,qué,you,,déévé,ovey,,O,,moun,fils,,disset,lou,pay,coumo,tu,voudras,,,Tu,séé,,,un,meyssan,,,,,,et,tu,,siras,puni,,Pei,,,drubent,,,uno,tireto,,,éou,partazet,,soun,bé,é,,nen,foguet,douas,prts,,poriéras,,,
MussidanBourgnac,1,Un,homé,n'avio,noumas,,dous,fis,,Lou,,pu,zoueiné,dissé,,o,soun,paï,Ei,,tens,qué,,you,sio,,,meïtré,,,,et,,qu',,ayé,,,dé,l'erzent,,,Fôou,qué,,,peisso,mé,nona,,et,qué,,veijo,,dôou,poyis,,Pertoza,votré,bé,et,dounâ-,mé,ço,qué,,,deivé,avei,-,Oui,,moun,fis,,dissé,lou,paï,coumo,tu,voudras,,,Tu,sé,,,un,meïsson,,,,,,et,tu,,siras,puni,,Puis,,,drubon,,,uo,tiretto,,,,pertozé,,soun,bé,et,,n'en,fogué,douas,pers,,eigolas,,,
NeuvicChanterac,1,Un,omé,n'ovio,,qué,doui,fis,,Lou,,pu,zooiné,dissé,,o,soun,pai,Ei,,ten,qué,,,siayé,,moun,meitré,,,,et,,qué,,ayé,,,de,l'orgein,,oon,,qué,iou,,péche,m'en,ona,,et,qué,iou,veige,,dei,poys,,Portogea,votre,bé,é,douna,mé,ço,qué,iou,,dévé,ové,-,Oui,,moun,fi,,dissé,lou,pai,coumo,tu,voudra,,,Tu,sé,,,un,meichen,,,,,,é,tu,,sira,puni,,E,lou,pai,drubi,,,soun,tiroir,,,é,portogé,,soun,bé,é,,n'ein,foyé,doi,pars,,pariéras,,,
NeuvicSaintAndredeDouble,1,Un',hommé,n'avio,nouma,,dou,fi,,Lou,,pu,joouné,dissé,,o,soun,paÿ,Quéy,,tém,qué,,yu,saÿé,,moun,meŷtré,,,,et,,qué,ïâyé,,,,dé,l'arḡén,,Ao,fâou,qué,yu,,péch̄o,mén,ana,,é,qué,yu,véjo,,daou,paÿi,,Partaḡea,votré,bé,é,douna,mé,ço,qué,yu,,dévè,aÿey,-,Oui,,moun,fi,,dissé,lou,paÿ,coumo,tu,voudra,,,Tu,sé,,,un̈,meych̄én,,,,,,é,tu,,sira,puni,,Énsuito,,,drubant,,,une,tiréto,,,aô,partaḡé,,soun,bé,é,,n'én,faÿé,dou,poursioun,,eygala,,,
NeuvicSaintJeandAtaux,1,Un,hommè,n'ovio,nouma,,doux,fils,,Lu,,pu,jeounè,dichè,,ò,soun,paï,Eï,,timps,què,,you,chiayè,,moun,meïtrè,,,,èt,,què,you,ayè,,,dè,l'ergint,,Oou,foout,què,you,,pécho,mè,nona,,èt,què,you,véjos,,doou,poyïs,,Pertogea,votrè,bè,èt,douna,mè,cho,què,you,,dévè,oveï,-,Voui,,moun,fils,,dichè,lu,paï,coummo,tu,voudras,,,Tu,chés,,,un,meïchint,,,,,,èt,tu,,chiras,puni,,Peï,,,drubit,,,un,tiroir,,,,pertogè,,soun,bè,èt,,n'in,foyè,douas,pourchious,,eïgolas,,,
NeuvicVallereuil,1,Un,omè,n'avio,,què,doû,fîs,,Lou,,pu,zoénè,dichè,,o,choun,paï,Eï,,ten,qué,,,chio,,moun,mèïtrè,,,,è,què ieü àïo dé l'arzen Oou foou,què,ieü,àïo,,,dé,l'arzen,,Oou,foou,què,ieü,,péchè,m'en,ana,,è,què,ieü,vézo,,d'oou,paï,,Portozâ,votrè,bè,et,douna,mè,cho,què,iou,,dévè,iè,,Oui,,moun,fi,,dichè,lou,paï,coumo,tu,voudrâ,,,Tu,ché,,,un,méïchen,,,,,,é,tu,,chirâ,puni,,Pui,,,druban,,,soun,tirouar,,,oou,partazè,,choun,bè,é,,n'en,faguè,douâ,pourcheü,,égolâ,,,
NeuvicBeauronne,1,U,omé,novio,nouma,,dous,fis,,Lou,,pu,joouné,dissè,,o,son,paï,Ey,,tém,qué,,you,siayé,,moun,meytré,,,,et,,qué,you,ayé,,,dé,l'ergén,,,Foou,qué,you,,pècho,mé,nona,,et,qué,you,véjo,,doou,poyi,,Pertoja,votré,bè,et,douna,mé,so,qué,you,,dèvé,oyé,,Oui,,moun,fi,,dissè,lou,paï,coumo,tu,voudras,,,Tu,sé,,,un,méïchon,,,,,,et,tu,,siras,puni,,Pey,,,drubissé,,,uno,tirèto,,,éou,pertogé,,soun,bè,et,,nén,fogué,douas,pers,,poriéras,,,
NeuvicSaintVincentdeConnezac,1,Ün,omè,n'ovio,nouma,,dou,fî,,Lou,,pû,tzoounè,dichè,,o,soun,paï,Queï,,tën,que,,you,chio,,moun,meîtrè,,,,è,,què,y',ayè,,,dè,l'ertzën,,Eou,foou,què,you,,petso,mën,ona,,è,què,you,vége,,doou,poyi,,Pertotza,vôtrè,bè,è,douna-,mè,cho,què,you,,dévè,oveï,,Oui,,moun,fî,,dîtsè,lou,paï,coumo,tu,voudrâ,,,Tu,tsé,,,ün,meïtsën,,,,,,è,tu,,sirâ,puni,,Opré,,,drubon,,,uno,tirèto,,,éou,pertotzè,,soun,bè,è,,n'ën,foguè,doua,pourcïou,,eïgolâ,,,
NeuvicNeuvic,1,Ün,omé,n'ovio,nouma,,dou,fi,,Lou,,pu',tzoouné,dishè,,o,soun,pâï,Eï,,ten,què,,,shio,,moun,mèïtrè,,,,è,,qu',,aïè,,,dè,l'artzen,,,Foou,qué,,,peutsé,m'en,ona,,è,qué,,vétzé,,doou,poyi,,Partotza,vôtrè,bè,è,douna-,mè,sho,qué,,,dévè,ovèï,-,Obéïo,,moun,fi,,dishè,lou,pâï,coumo,tu,voudrâ,,,Tu,shé,,,ün,mèïtsen,,,,,,è,tu,,shira,puni,,Léïdoun,,,drubi,,,uno,tirèto,,,,partotzè,,shoun,bè,è,,n'en,foguè,doua,par,,poriéra,,,
NeuvicDouzillac,1,Un,hóme,n'óvio,noumás,,dous,fils,,Lou,,pus,jóune,dissé,,o,soun,pai,Ey,,temps,que,,iou,sáye,,moun,méytre,,,,e,,que,iou,áye,,,de,l'ergént,,,Fôu,que,iou,,pésso,m'en,oná,,e,que,iou,vése,,dôu,poýs,,Pertogeás,vótre,be,e,dounás-,me,ço,que,iou,,déver,ovéy,-,O,,moun,fils,,dissé,lou,pai,coúmo,tu,voudrás,,,Tu,ses,,,un,méychont,,,,,,et,tu,,sirás,púni,,Oprés,,,drubón,,,úno,tirétto,,,eu,pertogé,,soun,be,e,,n'en,fogué,douás,pourceús,,éygolas,,,
NeuvicSaintAquilin,1,Un,omé,n'ovio,nouma,,doû,fî,,Lou,,pû,zoouné,dissé,,o,choun,paï,Eï,,tain,qué,,you,chiayé,,moun,maïtré,,,,et,,qué,you,ayé,,,de,l'arzain,,,Foou,que,,,peussé,m'en,ona,,et,qué,,vêzé,,doou,poyï,,Partozâ,votré,bé,et,dounâ,mé,cho,qué,mé,,,révé,-,Oui,,moun,fî,,diché,lou,paï,coumo,tu,voudrâ,,,Tu,chez,,,un,méïssain,,,,,,et,tu,,chirâ,puni,,Ensuito,,,drubi,,,un,tiroir,,,,partozé,,choun,bé,et,,nain,fogué,douâ,par,,éïgolâ,,,
NeuvicSaintSeverindEstissac,1,U,n'homé,n'avio,,qué,dou,fir,,Lou,,pu,jauouné,dissé,,à,soun,paï,Eÿ,,tén,qué,,you,sio,,moun,meÿtré,,,,é,,qué,you,ayo,,,dé,l'argén,,,Fauou,qué,you,,peycho,m'en',ana,,é,qué,you,véjo,,dauou,payï,,Partagea,votré,bé,et,douna-,mé,so,qué,you,,dèvé,aÿéy,,O,,moun,fir,,dissé,lou,paï,coumo,tu,voudras,,,Tu,sé,,,un,meychén,,,,,,et,tu,,siras,puni,,E,,,drubén,,,uno,tiretto,,,éou,partagé,,soun,bé,et,,n'én,fogué,doua,porsiou,,eygala,,,
SaintAulayeChenaud,1,Un,homme,n'avio,,que,doû,fî,,Le,,pu,jène,dissi,,à,son,pér,Quouée,,tan,qu'y,,,säÿe,,mou,meitre,,,,et,,qu',y,diôye,,,de,l'argen,,O,fau,qu'y,,,peuch,m'en,anâ,,et,qu'y,,veije,,dau,päy,,Partagé,votre,bien,et,douné-,me,ce,qu',y,,deuve,ôyée,-,Voui,,mou,fî,,dissi,le,pér,coume,te,voudrâ,,,Te,sée,,,un,méchan,,,,,,et,te,,serâ,puni,,Et pêu,,,douvran,,,un,tirouèr,,,ou,partaji,,sou,bien,et,,en,fi,douâ,portiou,,égal,,,
SaintAulayePonteyraud,1,Un,hômé,n'ayo,,qué,doüs,fî,,Lou,,pûs,zöné,dissé,,à,soun,paï,Queï,,témps,qué,,yu,sayé,,moun,meïtré,,,,et,,qué,y',ayé,,,dé,l'arzént,,Ö,fö,qué,yu,,pêsé,m'en,n'anâs,,et,qué,yu,vêzé,,dö,payïs,,Partazâs,vôtré,bé,et,dounâs-,mé,cé,qué,yu,,dêvé,ayeï,,Oui,,moun,fî,,dissé,lou,paï,coumo,tu,voudrâs,,,Tu,sés,,,un,meïsént,,,,,,et,tu,,sirâs,puni,,Et,,,drubént,,,la,tiretto,,,ö,partazé,,soun,bé,et,,n'en,fagué,douâs,pourtioüs,,pariérâs,,,
SaintAulayeServanches,1,Un,hommé,n'aviot,,qué,dous,drolets,,Lou,,pu,joïné,dit,,à,soun,païe,Ey,,temps,qué,,,siesqui,,moun,maistré,,,,et,,qué,,asqui,,,de,l'argen,,,Falto,qué,,,pesqui,m'en,ana,,et,qué,,vesqui,,d'aou,païs,,Partageo,toun,bé,et,donno,mé,sa,que,,,dévi,aouguey,,Oui,,moun,drolet,,dit,lou,païe,coumo,tu,voudras,,,Tu,sé,,,um,meychant,,,,,,et,tu,,siras,puni,,Pey,,,druvant,,,la,tiréto,,,aou,partageait,,soum,bé,et,,n'em,fit,douo,parts,,pariéros,,,
SaintAulayeSaintVincentJalmoutiers,1,Ün,hommé,n'avio,,qué,dou,fi,,Lou,,pu,jaouné,dit,,à,soun,paï,qu'éy,,témp,qué,,you,saïé,,moun,maytre,,,,,,qué,,yaïé,,,dé,l'argén,,Aou,faou,qué,you,,peussé,m'én,ana,,et,qué,you,vésé,,d'aou,päy,,Partagea,votré,bé,et,douna,mé,cé,qué,you,,débé,aïé,,Oui,,moun,fi,,dit,lou,paï,coummo,tu,voudras,,,Tu,sè,,,ün,méïssén,,,,,,et,tu,,sira,puni,,Péï,,,drubén,,,ün,tiroir,,,aou,partazè,,soun,bé,et,,nén,fayè,doua,part,,pariéra,,,
SaintAulayeSaintAntoineCumond,1,Eun,haumè,n'aviot,,què,dous,fîs,,Lou,,pu,jaunè,difsit,,à,soun,paï,Qu'eïs,,teimps,què,,djiou,sayè,,moun,meïtrè,,,,et,,què,,djièïè,,,dè,l'argeint,,O,fo,què,djiou,,péssè,mè,nanas,,et,què,djiou,vézè,,do,païs,,Partageas,vautrè,bien,et,dounas-,mè,çan,què,djiou,,dévè,ayeir,-,Oui,,moun,fîs,,dissit,lou,paï,coumè,tu,voudras,,,Tu,seïs,,,eun,meïchant,,,,,,et,tu,,siras,puni,,Aprés,,,dreuveint,,,eun,tiroir,,,o,partagit,,soun,bien,et,,n'ein,fit,douas,pourcious,,eïgalas,,,
SaintAulayeSaintPrivatdesPres,1,Ün,homme,n'aviot,,que,dous,fis,,Lou,,pus,jooune,dissit,,à,soun,païe,A qu'eït,,teimps,que,,you,saye,,moun,maïtre,,,,et,,que,,yaye,,,de,l'artgeint,,Oou,fauou,que,you,,péche,m'ein,anna,,et,que,you,veize,,d'oou,pays,,Partageas,votre,bé,et,douna,mé,ce,que,you,,deve,aveï,-,Oui,,moun,fis,,dissit,lou,païe,coumo,tu,voudras,,,Tu,s'es,,,ün,meïchant,,,,,,et,tu,,siras,puni,,Puis,,,drubeint,,,soun,tiroir,,,oou,partageait,,soun,bè,et,,n'ein,fayait,dois,parts,,égalas,,,
SaintAulayeLaJemaye,1,Un,homé,n'avio,nouma,,dous,fis,,Lou,,pu,jôné,dissé,,à,soun,paye,Qu'ei,,tem,que,,,sayé,,moun,maitré,,,,et,,qu',,aye,,,de,l'arzent,,,Fô,que,,,peussé,m'en,ana,,et,que,,véze,,daus,payïs,,Partaza,votre,bé,et,douna,mé,ce,que,,,déve,éyé,,Ehbé,,moun,fis,,dissé,lou,paye,coumo,,voudras,,,,Sei,,,un,messen,,,,,,,,,seras,puni,,Pei,,,druben,,,uno,tiretto,,,,partazé,,soun,bé,et,,n'en,fayé,douas,pourtious,,égalas,,,
SaintAulayeSaintAulaye,1,Un',hôme,n'avio,,que,dou,fî,,Le,,pu,jo-oune,di,,à,soun,pére,Coéi,,ten',que,,you,sayé,,moun,méitre,,,,è,,que,y',aye,,,de,l'argen',,,Fau,que,you,,peuche,mé,nana,,è,que,you,vézé,,do,payi,,Partagea,votre,bien,è,douna-,mé,ce,que,you,,déve,avei,-,Oui,,moun,fi,,di,le,pére,coum',te,voudra,,,Te,sé,,,un',méchant,,,,,,è,te,,sera,puni,,Peu,,,o druvi,,,soun,tiroir,,,o,partagi,,soun,bien,è,,n'en,fi,doi,pourcîou,,pariéra,,,
SaintAulayeFestalemps,1,Un,aumè,n'avio,,qué,dou,fîs,,Lou,,pu,zoouné,dissè,,â,soun,paï,Qu'eï,,tem,què,,you,sayè,,moun,meitrè,,,,è,,què,,yayè,,,dè,l'arzen,,,Foou,què,you,,péchè,m'en,ana,,è,què,you,vésè,,doou,paÿ,,Partaza,vautrè,bè,è,dounâ,mè,sa,què,you,,dévè,ayeï,-,Oui,,moun,fî,,dissè,lou,paï,coumo,tu,voudrâs,,,Tu,sé,,,un,meïchen,,,,,,è,tu,,sirâs,puni,,Après,,,druben,,,uno,tiretto,,,oou,partazé,,soun,bè,è,,n'en,faÿé,doua,parts,,pariéras,,,
MontponLePizou,1,Un,hommé,n'avio,,qué,dou,fi,,Lou,,pu,jouyné,dissé,,à,soun,pày,Quey,,tém,qué,,you,sàyé,,moun,maytré,,,,é,,qué,you,âyé,,,dé,l'argén,,Oou,fòou,qué,you,,peûssé,m'én,aná,,é,qué,you,vézé,,d'òou,paï,,Partagea,votré,vé,é,dounâ-,mé,cé,qué,you,,dévé,òouyguéy,-,Oui,,moun,fi,,dissé,lou,pày,coumo,tu,voudrà,,,Tu,sès,,,un,meychan,,,,,,é,tu,,sirà,puni,,Pèy,,,drubén,,,un,tiroir,,,òou,partagé,,soun,bé,et,,n'én,fagué,douas,pourcíou,,éigalas,,,
MontponMontpon,1,Ün,homè,n'ovio,,qué,doû,fîs,,Lou,,pu,zoounè,dichè,,o,choun,paï,Eï,,ten,qué,,you,chayè,,moun,meïtrè,,,,é,,qué,y',ayé,,,de,l'arzen,,,Foou,qué,,,pessé,m'en,ona,,é,qué,you,véjè,,doou,paÿ,,Partozâs,vôtré,bé,é,dounâs-,mè,chè,què,you,,dévé,oveï,-,O,,moun,fî,,dichè,lou,paï,coumo,,voudrâs,,,Tu,ché,,,un,meïsson,,,,,,é,tu,,chirâs,puni,,Peï,,,druben,,,no,tiréto,,,eou,partozè,,choun,bè,é,,n'en,foguè,douâs,pourcious,,eïgolâs,,,
MontponÉchourgnac,1,Un,homé,n'ovio,,qué,dou,fî,,lou,,pû,dzoouné,dissé,,à,soun,paï,Qu'éï,,tin,qué,,iou,siaïé,,moun,méïtré,,,,et,,qué,iou,aïé,,,de,l'ardzin,,Oou,foou,qué,iou,,petso,m'in,ona,,et,qué,iou,vézo,,d'oou,poï,,Partadzâ,votré,bé,et,dounâ,mé,ço,qué,iou,,dévé,oieï,,Oui,,moun,fî,,dissé,lou,paï,coumo,tu,voudrâ,,,tu,sés,,,un,meïtsan,,,,,,et,tu,,sira,puni,,Peï,,,drubin,,,so,tiréto,,,oou,partadzé,,soun,bé,et,,n'in,fogué,doua,pourtiou,,poriéra,,,
MontponMenesplet,1,Un',homé,n'ovio,,qué,dou,fi,,Lu,,pu,zoné,dissé,,o,soun',pail,Queil,,tin,qué,,diou,soyé,,moun',meiltré,,,,et,,qué,diou,aïé,,,dé,l'erzin,,,Foo,qué,diou,,peussé,min,nona,,et,qué,diou,vézé,,doo,padii,,Partaza,votré,bé,et,douna-,mé,so,qué,diou,,dévé,oveil,-,Oui,,moun,fi,,dissé,lu,pail,coumo,tu,voudras,,,Tu,sé,,,un',meilsan,,,,,,et,tu,,siras,puni,,Pey,,,drubin,,,un',tiroir,,,ao,pertozé,,soun,bé,et,,in,fogué,doa,poursée,,eilgola,,,
MontponEygurandeetGardedeuil,1,U,n'omé,n'avio,,qué,dou,fi,,Lou,,pu,jôné,dissé,,à,soun̄,paï,Quéï,,tain,qué,,you,sayé,,moun̄,méïtré,,,,et,,qué,,ayé,,,de,l'arzin,,,Fô,qué,you,,peussé,m'in̑,ana,,et,qué,you,vésé,,dô,païs,,Partaja,votré,bé,et,douna-,mé,ça,qué,you,,dévè,ôguéy,,Oui,,moun̄,fi,,dissé,lou,paï,coumo,tu,voudra,,,Tu,sé,,,un̄,méïsson,,,,,,et,tu,,sira,puni,,Péï,,,drubint,,,uno,tiretto,,,ô,partajé,,soun̄,bé,et,,n'ain,fagué,doua,pourcio͞u,,pariéra,,,
MontponMontponbis,1,Ün,homé,n'ovio,,qué,doû,fî,,Lou,,pu,jonné,dissé,,o,soun,paï,Ey,,ten,qué,,you,sayé,,moun,meytré,,,,è,,qué,,yayé,,,dé,l'argein,,,Foou,qué,you,,péché,m'en,nana,,é,qué,you,veigé,,doou,payi,,Partagea,votre,bé,è,douna,mé,ça,qué,you,,dévé,avey,,Oui,,moun,fî,,dissè,lou,paï,coumo,tu,voudras,,,Tu,sé,,,un,meichan,,,,,,è,tu,,sira,puni,,Pey,,,drubein,,,un,tiroir,,,aôu,partagé,,soun,bé,è,,n'ein,fayé,doua,part,,eygala,,,
MontponSaintBarthelemydeBellegarde,1,Unn,hommé,n'ovio,,qué,dou,fii,,Lou,,pu,jauné,dissé,,o,soun,paï,Éeu éï,,tenn,qué,,iou,saïé,,,méïtré,,,,et,,qué,iou,aïé,,,dé,l'ergenn,,Éeu,fau,qué,iou,,péssé,menn,nona,,et,qué,,vésé,,d'au,païi,,Partogea,votré,bé,et,dounna,mé,ço,qué,iou,,dévé,ovéï,-,Oui,,moun,fii,,dissé,lou,paï,coummo,tu,voudra,,,Tu,sé,,,un,méïchont,,,,,,et,tu,,sira,puni,,Péï,,,drubon,,,uno,tirétto,,,éeu,partogé,,soun,bé,et,,nenn,foié,doua,part,,éïgola,,,
MontponMenesterol,1,Ün,hommè,n'avio,,què,doû,fî,,Lou,,pû,zoounè,dissè,,o,soun,paï,Eï,,tem,què,,iou,saïè,,moun,méïtrè,,,,é,,què,,iaïè,,,de,l'arzen,,,Foou,què,iou,,pessè,mè,nana,,é,què,iou,véjè,,doou,payi,,Partaza,votrè,bè,è,douna-,mè,ça,què,iou,,dévè,augueï,-,O,,moun,fî,,dissè,lou,paï,coumo,tu,voudra,,,Tu,sé,,,ün,meïssan,,,,,,è,tu,,sira,puni,,Peï,,,druben,,,uno,tiretto,,,éou,partazè,,soun,bè,è,,n'en,foïè,doua,par,,éïgolâ,,,
MontponEygurandeetGardedeuilPalem,1,Un,homé,n'ovio,,qué,dous,fils,,Lou,,pu,zoouné,dissait,,o,soun,paï,Eï,,tèm,qué,,you,sayé,,moun,maïtré,,,,é,,qué,,yayé,,,de,l'arzèn,,,Foou,qué,iou,,peusé,m'en,ona,,et,qué,you,vézé,,d'oou,pay,,Partatza,votre,bé,et,douna,mé,ça,qué,you,,dévé,oouguey,-,Oui,,moun,fils,,dissait,lou,paï,coumo,tu,voudras,,,Tu,sais,,,un,méichant,,,,,,et,tu,,séras,puni,,Péi,,,drubant,,,un,tiroir,,,eou,portotzé,,soun,bé,et,,n'èn,fogué,doua,poursioun,,égala,,,
MontponSaintMartialdArtenset,1,Un,homé,n'avio,,qué,doux,fih,,Lou,,pu,joné,dissi,,à,son,fraïe,Quoué,,temps,qué,,you,saio,,moun,maïetré,,,,et,,qué,you,aïé,,,dé,l'argéent,,,Faou,qué,you,,pessé,m'enn,ana,,et,qué,you,vésé,,d'aou,paï,,Partagea,votré,bé,et,dounas-,mé,cé,que,you,,dévé,ayée,-,O,,moun,fils,,dissit,lou,païe,coumé,tu,voudras,,,Tu,cé,,,uun,maïchant,,,,,,et,tu,,siras,puni,,Pé,,,drubeent,,,uno,tiretto,,,éou,partagi,,son,bé,et,,en,fagui,douas,portious,,égalas,,,
MareuilRudeauLadosse,1,Ü,nômé,n'évio,,qué,dou,drôléï,,Lü,,pu,dzöouné,dicé,,à,soun,paï,Quéï,,tein,qué,,you,sayé,,,méïtré,,,,é,,qué,you,ayé,,,dé,l'erdzein,,,Föou,qué,,,petsé,mein,anê,,é,qué,you,véjé,,döou,paï,,Pertadza,notre,bé,ét,dounâ-,mé,tcha,qué,i,,dévé,ayéï,,O,,moun,fî,,dicé,lü,paï,coumo,tu,voudraè,,,Tu,sê,,,ün,méïtseint,,,,,,é,tu,,tchiras,puni,,Péï pré,,,öou dubri,,,no,tiretto,,,,pertadzé,,soun,bé,é,,nein,fagué,douä,pourciou,,éïgalé,,,
MareuilSaintCrepindeRichemont,1,Un,homé,n'ovio,nouma,,dou,fils,,Lu,,pu,joounè,dissé,,à,soun,paï,Queï,,teim,qué,,you,siayé,,moun,meïtré,,,,è,,qué,you,âyé,,,dé,l'erzein,,,Faou,qué,you,,péço,m'ein,ana,,è,qué,you,vésé,,daou,poys,,Pertaza,votré,bé,è,douna,mé,ça,qué,you,,dévé,aveï,,Oui,,moun,fi,,dissé,lu,paï,coumo,tu,voudras,,,Tu,sé,,,un,meicein,,,,,,è,tu,,sira,puni,,Puis,,,druban,,,un,tiroir,,,aou,partazé,,soun,bé,è,,n'ein,fayé,doua,pourcin,,eigalas,,,
MareuilPuyrenier,1,Ün,hômé,n'avio,noumâ,,dous,fils,,Lu,,pu,zôné,dicé,,à,soun,paï,qu'est,,tëmps,qué,,y,sayé,,moun,maîtré,,,,et,,qué,y,ayé,,,dé,l'arzënt,,O,faut,qué,y,,puissé,m'ën,anna,,et,qué,y,visé,,do,pays,,Partazas,votré,bé,et,baillas,mé,cé,qué,y,,dèvé,haber,,Ha bé,,moun,fils,,dicé,lu,paï,coumo,tu,voudras,,,Tu,s'es,,,ün,metsant,,,,,,et,tu,,siras,puni,,Puis,,,dubrant,,,uno,tiretto,,,o,partaza,,soun,bé,et,o,ën,fagué,douns,pourties,,pariéras,,,
MareuilMonsec,1,Un,hommé,n'ei vio,,qué,dous,fîs,,Lu,,pu,dzoné,dit,,à,soun,paï,Qu'ei,,tén,qué,,io,sié,,moun,meitré,,,,et,,qué,ia,ié,,,dé,l'erzén,,,Fo,qué,io,,peissé,mé,nona,,et,qué,io,vézé,,do,paï,,Pertozas,vôtré,bé,et,dounas,mé,so,qui,,,dévé,vei,,Voui,,moun,fî,,dit,lu,paï,coumo,tu,voudras,,,Tu,sé,,,un,métsin,,,,,,et,tu,,siras,puni,,Puis,,,dubrin,,,sa,tireto,,,o,partozé,,soun,bé,et,,nin,fogué,douas,poursio,,égalas,,,
MareuilBeaussac,1,Ün,hommé,n'ovio,,qué,dou-s,fi-s,,Lou,,pu,dzoouné,dissé,,à,soun,paï,Quéï,,tén,qué,,,siayé,,moun,méïtré,,,,et,,qui,,ayé,,,dé,l'ardzént,,,Foou,qui,,,petsé,m'én,ana,,et,qui,,vésé,,doou,paï-s,,Pertadza,votré,bé,et,douna-,mé,ço,qui,,,dévé,ovéï,-,Oui,,moun,fi-s,,dissé,lu,paï,coumo,tu,voudra-s,,,Tu,sé,,,un,méïtsan,,,,,,et,tu,,séra-s,puni,,Opré-s,,,ubrant,,,ün,tiroir,,,oou,pertodzé,,soun,bé,et,,n'én,fagué,doua,pourcïou-s,,égala-s,,,
MareuilChampeaux,1,Un,homé,né vio,,qué,dou,fi,,Lu,,pu,joné,dissé,,à,soun,paë,Qué,,tin,qué,,,saye,,moun,meitré,,,,é,,qué,,ayé,,,dé,l'ergein,,Ô,fao,qué,y,,peissé,mein,n'ana,,et,qué,y,veisé,,do,païs,,Partoja,votré,béi,et,douna,mé,ché,qué,,,dévéi,avé,-,Oui,,moun,fi,,dit,lu,paë,coummo,tu,voudras,,,Tu,séi,,,un,méchéan,,,,,,et,tu,,séra,puni,,É,,,ubrin,,,uno,tireto,,,ô,partajo,,soun,béi,é,o,n'en,fagué,douo,pars,,égala,,,
MareuilLesGraulges,1,Un,hommei,nei vio,,quei,doux,fïs,,Lu,,pû,jaonei,dissei,,à,son,paï,Qu'eï,,ten,qu'y,,,sié,,moun,meïtrei,,,,et,,qui,,ayei,,,dei,l'azent,,,Faö,qui,,,péchei,m'en,anä,,et,qui,,vései,,dô,païs,,Partazeas,votre,bei,et,douna,mei,ço,qui,,,dévei,aveï,,Oui,,moun,fïs,,dissei,lu,paï,coumo,tu,voudras,,,Tu,sei,,,un,meïchen,,,,,,et,tu,,siras,puni,,Puis,,,druben,,,un,tiroir,,,ao,partagei,,soun,bei,et,,n'en,faguei,douas,parts,,égalas,,,
MareuilLaRochebeaucourt,1,Un,ômè,n'ovio,,què,doù,fi,,Lu,,pu,zoaunè,disçait,,à,soun,paï,Qu'éï,,tin,qui,,,siayè,,moun,méïtrè,,,,è,,qui,,aïè,,,dè,l'arzin,,,foau,qui,,,pésçait,m'in,nona,,è,qui,,vèzè,,d'oau,poï,,Partoza,vautrè,bè,è,douna,mè,so,qui,,,dévè,ovéï,,Oui,,moun,fî,,disçait,lu,paï,coumo,tu,voudras,,,Tu,scé,,,un,méissin,,,,,,é,tu,,sciras,puni,,Péï,,,ubrin,,,lu,tiroir,,,oau,pertozè,,son,bè,è,,n'in,fogué,doua,pourciau,,égala,,,
MareuilVieuxMareuil,1,Un-,hommé,né vio,,qué,dous,fîs,,Lu,,pus,djauné,dit,,à,soun,pâï,Qu'éi,,tein,qué,,you,sié,,moun,mèïtré,,,,et,,qué,you,aïé,,,dé,l'ardgint,,O,fôou,qué,you,,pétché,m'in-,anâ,,et,qué,you,vésé,,dô,paï,,Pertadgea,vôtré,bé,et,baillâ,mé,ço,qué,you,,dévé,véi,,Oui,,moun,fî,,dit,lu,pâï,coumo,tu,voudrâs,,,Tu,séis,,,un,métchint,,,,,,et,tu,,sirâs,puni,,Pui,,,ubrant,,,uno,tiréto,,,ô,pertadgé,,soun,bé,et,,in,fagué,doua,pourceux,,pariéras,,,
MareuilMareuil,1,Ün,omé,n'avia,,què,dôu,fi,,Lou,,pû,zöounè,dissè,,o,soun,paï,Qu'éï,,tèn,què,,i,siaïo,,moun,méïtrè,,,,è,,què,i,aïè,,,dè,l'arzèn,Fäou què i pésso m'èn ana è què i véso döou paï,,Fäou,què,i,,pésso,m'èn,ana,,è,què,i,véso,,döou,paï,,Partaza,vôtrè,bè,è,douna,mè,so,què,i,,dévè,véï,-,Oui,,moun,fi,,dissè,lou,paï,coumo,tu,voudra,,,Tu,sé,,,ün,méïssèn,,,,,,è,tu,,sèra,puni,,Pui,,,ubran,,,ün,tiroir,,,öou,partazè,,soun,bè,è,,n'èn,faïè,doua,pourcîou,,éïgala,,,
MareuilSaintSulpicedeMareuil,1,Un,hommé,n'aviot,,qué,doux,fis,,Lu,,pus,joouné,dissét,,à,soun,paï,O éï,,témps,qué,,ie,sié,,moun,meytré,,,,ét,,qué,,ayé,,,dé,l'argent,,O,faout,qué,ie,,péché,m'en,ana,,ét,qué,ié,visé,,daou,païs,,Pertagea,votré,bé,ét,douna,mé,cé,qué,,,dévé,avéï,,V'oui,,moun,fis,,dissé,lu,paï,coume,tu,voudras,,,Tu,sé,,,un,méïchént,,,,,,ét,tu,,séras,puni,,Pey,,,ubrént,,,no,tiréte,,,éou,pértagét,,soun,bé,ét,,én,fagué,douas,pourtious,,éïgalas,,,
MareuilSaintFelixdeBourdeilles,1,Un',homé,n'ovio,,ké,dou,fi,,Lu,,pu,zooné,dissé,,o,soun,pail,Eil,,tin,ké,,diou,sayé,,moun,meiltré,,,,et,,k,,aïe,,,dè,l'ergin,,,Fao,ké,diou,,peussé,min,nona,,è,kè,diou,vézè,,doo,poï,,Pertoza,votrè,bè,è,douna,mè,so,ké,,,dévé,oveil,,O,,moun,fi,,dissè,lu,pail,commo,tu,voudra,,,Tu,sé,,,un',meilsin,,,,,,é,tu,,sira,puni,,Pui,,,drubin,,,uno,tiretto,,,ao,pertozé,,soun,bé,è,,nin,fodiè,doa,per,,eilgola,,,
MareuilLeguillacdeCercles,1,Ün,homè,n'ovio,nouma,,doû,fîs,,Lu,,pu,zoaùnè,dissè,,à,soun,paï,Qu'eïe,,teim,qui,,,schio,,moun,meïtrè,,,,et,,què,iou,aïè,,,dé,l'erzein,,Ô,foaù,qui,,,peussé,mè,nonâ,,et,qui,,véjè,,d'oaù,paÿs,,Pertozas,votrè,bè,et,douna,mè,scho,què,iou,,dévè,aveï,,Voui,,moun,fî,,dissè,lu,paï,coumo,tu,voudrâs,,,Tu,schè,,,ün,meïcin,,,,,,et,tu,,schiras,puni,,Puis,,,druban,,,uno,tiretto,,,ô,pertazè,,soun,bé,et,,nin,faguè,douas,pourschëous,,eïgolas,,,
ThiviersVaunac,1,Ün,hômé,n'avio,noumâs,,dous,fils,,Lou,,pü,dzaôné,dissé,,à,soûn,paï,Qu'eï,,témps,qué,,you,sio,,moûn,maïtré,,,,et,,qué,you,aïe,,,dé,l'ardzént,,Aô,faô,qué,you,,pétsô,mé,nanâs,,et,qué,you,vèdzo,,daô,païs,,Partadzâs,vôtré,bén,et,dounâs-,mé,cé,qué,you,,dévé,ayeï,,Oui,,moûn,fils,,dissé,lou,paï,coumo,tu,voudrâs,,,Tu,sés,,,ün,meïtsant,,,,,,et,tu,,sirâs,puni,,Puis,,,dubrant,,,sa,tiréto,,,aô,partadzé,,soûn,bé,et,,n'én,fagué,douas,pourtious,,éigalâs,,,
ThiviersCorgnacsurlIsle,1,Ün,hômé,novio,nouma,,dou,fîs,,Lou,,pû,dzauné,dissé,,à,soun,paï,Quéï,,tein,qué,,yeü,sio,,moun,méïtré,,,,é,,qué,yeü,aïé,,,dé,l'ardzéin,,O,foô,qué,yeü,,peutsé,mein,nana,,é,qué,yeü,védzé,,do,pays,,Partadzâ,votré,bé,é,douna,mé,ché,qué,yeü,,dévé,avéï,,Voui,,moun,fî,,dissé,lou,paï,coumo,tu,voudrâ,,,Tu,cé,,,ün,méïtsan,,,,,,é,tu,,sirâ,puni,,Puï,,,druban,,,no,tiréto,,,o,partadzé,,soun,bé,é,,n'ein,fagué,douâ,pourcheü,,égalâs,,,
ThiviersEyzerac,1,Un,homai,n'odio,,quai,dous,fis,,Lou,,pû,zonet,dissait,,ô,soun,paï,Eou éï,,tin,quai,,iou,sio,,moun,méïtrai,,,,et,,quai,iou,aïo,,,dai,l'arzint,,Eou,fâou,quai,iou,,péisho,m'in,ona,,et,quai,iou,vaizo,,daou,podii,,Partozas,votrai,bai,et,dounas-mai,,so,quai,iou,,dévi,ovéï,-,Oui,,moun,fis,,dissait,lou,paï,coumo,tu,voudras,,,Tu,sé,,,un,méïshont,,,,,,et,tu,,siras,puni,,Puis,,,drubont,,,un,tirouar,,,éou,partozait,,soun,bai,et,,n'in,fogait,douas,pourcéous,,égolas,,,
ThiviersNantheuil,1,Ün,hommé,n'oïo,,qué,dôu,fî,,Lou,,pu,zoouné,diché,,o,choun,paï,Éou éï,,tin,qué,,iou,chio,,moun,méïtré,,,,et,,qué,iou,aïé,,,dé,l'erzin,,Éou,foou,qué,iou,,pêché,m'inn,onai,,et,qué,iou,véjé,,doou,poï,,Pertozè,vôtré,bé,et,dounè,mé,ço,qué,iou,,dévi,ovéï,-,Oui,,moun,fî,,diché,lou,paï,coumo,tu,vôudrè,,,Tu,ché,,,ün,méïtson,,,,,,et,tu,,chirè,puni,,Puis,,,ubron,,,ün,tiroir,,,éou,pertozé,,choun,bé,et,,n'in,fogué,doua,pourcéou,,éïgolai,,,
ThiviersSaintMartindeFressengeas,1,U,n'homè,n'oyo,ma,,dou,fils,,Lu,,pu,zoounè,dichè,,o,choun,paï,Eï,,tim,què,,yéü,chio,,moun,mèïtrè,,,,et,,què,y'eü,ayè,,,dè,l'erzin,,Ô,fao,què,yéü,,péssè,mè,n'onè,,et,qué,yèü,vèzè,,do,poïs,,Pertozèa,votrè,bè,et,dounè,mè,cho,què,yéü,,dèvi,ovèï,,Oui,,moun,fils,,dichè,lu,paï,coumo,tu,voudrè,,,Tu,ch'est,,,un,meïsson,,,,,,et,tu,,chirè,puni,,Puis,,,ubron,,,uno,tiretto,,,ô,pertozè,,choun,bè,et,,n'in,foguè,duè,perts,,eïgolè,,,
ThiviersSaintJeandeCôle,1,Un,omé,n'avio,nouma,,dou,fi,,Lu,,pu,zaouné,dissé,,a,soun,paï,Eï,,tin,qué,,you,sio,,moun,méïtré,,,,é,,qué,you,âyé,,,dé,l'erzin,,Eou,foou,qué,you,,pécé,m'in,ona,,é,qué,you,vézé,,doou,payi,,Pertoza,votré,bé,é,douna,mé,ço,qué,you,,dévé,ovéï,,O,,moun,fi,,dissé,lu,paï,coumo,tu,voudra,,,Tu,ché,,,un,méïssant,,,,,,é,tu,,sira,punit,,Péïpré,,,drubin,,,un,tiroir,,,éou,pertozé,,soun,bé,é,,n'in,fagué,doua,pourchéou,,éïgala,,,
ThiviersSaintPierredeCôle,1,Ün,hömé,novio,,qué,dou,fi,,Lu,,pu,joouné,dissé,,à,soün,paï,Euü éï,,tin,qué,,yeuü,sio,,moun,méïtré,,,,et,,qué,yeuü,èïo,,,dé,l'argin,,Euü,faou,qué,yeuü,,péché,m'in,ana,,et,qué,yeuü,véso,,doou,payi,,Partaja,votré,bé,et,douna,mé,cé,qué,yeuü,,dévé,véï,,Oui,,moun,fi,,dissé,lu,paï,coumo,tu,voudrè,,,Tu,sés,,,ün,meïchant,,,,,,ét,tu,,sirè,puni,,Péïprés,,,druban,,,no,tiréto,,,euü,partagé,,soun,bé,et,,n'in,fagué,doua,pourtiü,,eygale,,,
ThiviersThiviers,1,Ün,hōmé,n'ovio,noumā,,dous,fīs,,Lu,,pūs,djöouné,dīssé,,ō,soun,paï,Ei,,timps,qué,,,sio,,moun,meïtré,,,,et,,qu',,aïé,,,dé,l'erdjint,,,Fo,qué,,,pétsé,m'in,onā,,et,qué,,védjé,,dos,pöis,,Pertodjas,vōtré,bé,et,dounas-,mé,so,qué,,,dévi,ové,,Ō,,moun,fī,,dīssé,lu,paï,coiumo,tu,voudras,,,Tu,ses,,,ün,meïtsant,,,,,,et,tu,,siras,puni,,Insauïto,,,drubint,,,so,tiréto,,,ïou,pertodjé,,soun,bé,et,,n'in,fogué,douas,perts,,poriéras,,,
ThiviersSaintRomainetSaintClement,1,Unn,omé,né vio,,qué,dou,fi,,Lu,,pu,joené,dissé,,à,soun,païe,eï,,tein,qué,,ieue,sié,,moun,meïtré,,,,et,,qué,ieue,aïé,,,dé,l'ertzein,,Oe,foe,qué,ieue,,peitché,m'ein,nané,,et,qué,ieue,veidzé,,doe,paï,,Pertadzé,votré,bé,et,douné,mé,so,qué,ieue,,dévé,véï,-,A bé,,moun,fi,,dissé,lu,païe,coumo,tu,voudrés,,,Tu,sés,,,unn,méïtchan,,,,,,et,tu,,sérés,puni,,Puis,,,ubran,,,uno,tiréto,,,oe,pertadzé,,soun,bé,et,,nein,fagué,doua,pourseues,,eïgalés,,,
ThiviersLempzours,1,Un,hômé,n'oyo,,qué,dôus,fïs,,Lu,,pu,jauné,dicé,,ô,soun,pâï,Quô eï,,temp,qué,,you,chiagé,,moun,méïtré,,,,è,,què,,yâyè,,,dè,l'arzin,,Quô,faü,qué,you,,peycé,m'én,n'onâ,,è,qué,you,veyzo,,dô,poyï,,Pertozâ,vôtré,bè,è,dounâ,mè,so,qué,you,,dévè,oyïè,,Voui,,moun,fïs,,dicè,lu,pâï,coumo,tu,voudrâ,,,Tu,sey,,,un,meïçon,,,,,,è,tu,,cirâ,puni,,Peï prèy,,,druban,,,uno,tirèto,,,euô,pertozèi,,soun,bè,è,euô,n'en,foguè,doua,pèrs,,égaudas,,,
SaintPardouxlaRiviereFirbeix,1,Un,omé,n'ovio,,,dou,fi,,lu,,pu,dzoné,dissé,,à,soun,paï,Qu'ei,,tein,qué,,,sio,,moun,meitré,,,,et,,qué,i,ayé,,,de,l'ardzen,,lo,foo,qué,,,pétsé,m'ein,n'a né,,é,qui,io,véjé,,do,paï,,Partadzai,vôtré,bé,et,douneï,mé,cé,qué,io,,dévé,véi,-,Oui,,moun,fi,,dissé,lu,paï,coumo,tu,voudrei,,,Tu,sé,,,un,métsan,,,,,,et,tu,,sirei,puni,,Après,,,ein druban,,,un,tiroir,,,o,partadzé,,soun,bé,et,,n'ein,fagué,douei,par,,égaudei,,,
SaintPardouxlaRiviereSaintFrontlaRiviere,1,Un,hommé,né vio,,qué,dous,fils,,Lu,,pus,dzôné,dissé,,à,soun,paï,Qu'eï,,teim,qué,,yeu,sio,,moun,méïtré,,,,et,,qué,y,èyé,,,dé,l'ardzeint,,,Foo,qué,yeu,,pêtché,m'ein,anê,,et,qué,yeu,vêzé,,doo,païs,,Partadzê,vôtré,bé,et,dounê-,mé,ço,qué,yeu,,devé,véï,-,Oui,,moun,fils,,dissé,lu,paï,coumo,tu,voudrê,,,Tu,sê,,,un,méïtchant,,,,,,et,tu,,sirê,puni,,Après,,,ubrant,,,uno,tiréto,,,oo,partadzé,,soun,bé,et,,ein,fagué,duès,pourceeux,,pariérès,,,
SaintPardouxlaRiviereFirbeixPauliac,1,N',hommè,n'ayô,,què,doux,fî,,Lu,,pû,zeonè,dissè,,à,soun,paeï,Qu'ei,,teint,què,,yô,sio,,moun,meitrè,,,,è,,què,,ièyô,,,dè,l'ardzein,,Quo,fô,què,,,pétso,m'in,nanè,,è,què,yô,védzô,,dô,païs,,Partadzè,votrè,bè,è,dounè,mè,çà,què,yô,,dèvè,vei,-,Voui,,moun,fi,,dissè,lu,paei,coumo,tu,vourè,,,Tu,sé,,,um,mètsant,,,,,,è,tu,,sirè,puni,,Apré,,,drèibi,,,no,tirètô,,,aô,partadzè,,soun,bè,è,,n'in,faguè,douè,pars,,èguaoudès,,,
SaintPardouxlaRiviereMontetChabroulet,1,N',homme,n'avio,,que,dou,fi,,Lou,,pu,zhoüne,disset,,à,soun,pai,Qu'ei,,tem,que,,yeü,sio,,,meitre,,,,et,,que,y',èye,,,de,l'arzhem,,,Foü,que,yeü,,peshe,m'en,nané,,et,que,yeü,vézhe,,doü,pay,,Partazhé,votre,be,et,douné-,me,ça,que,yeü,,déve,vèi,-,Voui,,moun,fi,,disset,lou,pai,coumo,tu,voudré,,,Tu,se,,,un,meisham,,,,,,et,tu,,siré,puni,,Puis,,,druben,,,so,tiretto,,,oü,partazhé,,soun,be,et,,n'en,faguet,doué,pourceü,,eigalé,,,
SaintPardouxlaRiviereSaintPardouxlaRiviere,1,Un,homé,né vio,,qué,dous,fis,,Lu,,pus,dzoné,dissé,,à,soun,paï,Qu'ei,,ten,qu'i,,,sié,,moun,meîtré,,,,é,,qu',i,èyé,,,dé,l'ardzen,,O,fo,qu',i,,pétché,m'en,anè,,é,qu'i,,vésé,,do,paÿs,,Partadzé,votré,bé,é,douné-,mé,ço,qu',i,,devé,vei,,Plo,,moun,fis,,dissé,lu,paï,coumo,tu,voudrès,,,Tu,sés,,,un,meitsan,,,,,,é,tu,,sirès,puni,,puis,,,dubrant,,,no,tiretto,,,o,partadzé,,soun,bé,é,,n'en,fagué,doués,parts,,pariérés,,,
SaintPardouxlaRiviereMialet,1,Ün,homè,n'aïo,,què,dôu,fî,,Lu,,pu,zôounè,dîssè,,à,soun,paï,Qu'eï,,tin,què,,ieü,siè,,moun,méitrè,,,,è,,què,ieü,êiè,,,dè,l'erdzin,,,Foòu,què,ieü,,pétcé,m'in,anê,,è,què,ieü,vésè,,dôou,paï,,Partadzê,vôtrè,bè,è,dounê,mè,cè,què,ieü,,dévè,véï,-,Voui,,moun,fî,,dissè,lu,paï,coumo,tu,vôudrê,,,Tu,sé,,,ün,méitçan,,,,,,è,tu,,sirê,puni,,Èpui,,,druban,,,no,tirèto,,,oòu,partadzè,,soun,bè,è,ôou,n'in,faguè,duê,par,,pariérê,,,
SaintPardouxlaRiviereChampsRomain,1,Un,hômé,n'oyo,mâ,,doû,fis,,Lou,,pû,zoouné,dissé,,ô,soun,paï,Eï,,ten,qué,,,sio,,moun,méitré,,,,et,,qu',,ayé,,,dé,l'arzen,,,Foou,qué,,,peussé,m'en,onâ,,et,qué,,vézo,,doou,poyi,,Partozâ,votré,bé,et,dounâ-,mé,cho,qué,,,dévi,ovéi,,Voui,,moun,fis,,dissé,lou,paï,coumo,tu,voudrâ,,,Tu,ché,,,un,méisson,,,,,,et,tu,,chirâ,puni,,Pui,,,drubon,,,un,tiroir,,,éou,partozé,,soun,bé,et,,n'en,fogué,douâ,par,,poriérâ,,,
SaintPardouxlaRiviereSaintSaudLacoussiere,1,Un,hommè,n'avio,,què,dou,fî,,Lu,,pu,dzoounè,dissè,,à,soun,paï,Qu'èï,,tèn,què,,yeü,sio,,moun,mèïtrè,,,,è,,què,yeü,eyè,,,dè,l'ardzènt,,,Foou,què,yeü,,pètsè,m'èn,anè,,è,què,yeü,vésè,,doou,paï,,Partadzè,votrè,bè,é,dounè-,mè,cè,què,yeû,,dévè,vèï,,Oui,,moun,fi,,dissè,lu,paï,coumo,tu,voudrè,,,Tu,sé,,,un,mèïtsan,,,,,,è,tu,,sirè,puni,,È,,,druban,,,so,tirèto,,,oou,partadzè,,soun,bè,è,oou,n'èn,faguè,duè,par,,pariérè,,,
SaintPardouxlaRiviereMilhacdeNontron,1,Un,hommé,n'avia,,qué,dous,fis,,Lou,,pus,dzoné,dissé,,à,son,paï,Quey,,tein,qui,,ieu,sia,,moun,méïtré,,,,et,,qué,ieu,aïa,,,dé,l'ardzeint,,O,foo,qué,,,meïtsa,mé,naneï,,et,qué,ieu,veïdza,,do,paï,,Partadza,votré,bèi,et,dounéï,mé,co,qué,,,déveï,avéï,,Oui,,moun,fis,,dissé,lou,paï,couma,tu,voudras,,,Tu,seïs,,,un,meitsan,,,,,,et,tu,,siras,puni,,Puis,,,ubreint,,,un,tiroir,,,o,partadzé,,soun,bé,et,,n'in,fagué,douès,parts,,égaleïs,,,
NontronNontronter,1,Un,omé,n'avio,mas,,doux,fis,,Lus,,pus,djoné,dicé,,à,soun,pai,Queï,,tem,qué,,y,sié,,moun,meitré,,,,et,,qué,y,ayé,,,dé,l'argen,,O,fau,qué,y,,pétché,m'en,anas,,et,qué,y,vésé,,d'au,païs,,Partageas,votré,bé,et,dounas,mé,quo,qué,y,,dévé,avé,,Plo,,mon,fi,,dicé,lu,pai,coumo,tu,voudras,,,Tu,sés,,,un,meitchant,,,,,,et,tu,,siras,puni,,Ensuito,,,dubrant,,,sa,tiretto,,,au,partagé,,soun,bé,et,,en,fagué,douas,pourseux,,pariéras,,,
NontronJaverlhac,1,Un,hommé,n'avio,,qué,doux,fils,,Lu,,pus,djoné,dissé,,à,soun,paï,Qu'éi,,tein,qui,,a,sié,,moun,maïtré,,,,et,,qué,i,éyé,,,de,l'ardzin,,O,fõt,qui,,,pêché,min,ané,,et,qué,i,vézé,,dô,païs,,Partadzé,vôtré,bé,et,dounè-,mé,coqui,qui,,,dévé,véï,,Oui,,moun,fils,,dissé,lu,paï,coumo,tu,voudrés,,,Tu,sés,,,un,méïtsan,,,,,,et,tu,,sirès,puni,,Puis,,,dubrint,,,sa,tiretto,,,ô,partadzé,,soun,bé,et,,n'in,fagué,douê,parts,,égalés,,,
NontronNontron,1,Un̈,homé,vio,,,dous,fî's',,Lu,,pu's',dzôné,dissé,,à,soun,pai,Qu'ei,,ten,qu'i,,,sié,,moun,meitré,,,,è,,qu',i,âyé,,,dé,l'ardzen,,,Fo,qu'i,,,pétsé,m'en,ana's',,è,qu'i,,vèsé,,do,paÿ,,Partadza's',votré,bé,è,douna's'-,mé,ço,qu',i,,dèvé,vei,-,O,,moun,fî,,sé dissé,lu,pai,coumo,tu,voura's',,,Tu,sè,,,un,meitsan,,,,,,è,tu,,sira's',puni,,E pui's',,,dubren,,,no,tiretto,,,o,partadzé,,soun,bé,è,,n'en,fit,doua's',par'ts',,pariéra's',,,
NontronSaintMartinlePin,1,Ün,hommé,n'avio-t,,qué,dou-x,fî-ls,,Lu,,pû-s,dzôöuné,dissé-t,,à,soun,paï,Qu'éï,,tém-ps,qué,,ieü,sié-s,,moun,méïtré,,,,é-t,,qué,ieü,ayé,,,dé,l'ardzin-t,,,Fauöu-t,qué,ieü,,pêtcé,m'in,anè-r,,é-t,qué,ieü,vêzé-s,,dôöu,paï-s,,Partadzè-z,vôtré,bé,é-t,dounnè-z-,mé,ça,qué,ieü,,dévé-s,véï,,Voui,,moun,fî-ls,,dissé-t,lu,paï,coummo,tu,voudrè-s,,,Tu,sé-s,,,ün,méïtçan-t,,,,,,é-t,tu,,sirè-s,puni,,Puis,,,dubran-t,,,uno,tiréto,,,oöu,partadzé,,soun,bé,é-t,,in,fagué,duè-s,pourceü-x,,éïgalè-s,,,
NontronNontronneau,1,Un,hômé,néi vio,,qué,dou,fi,,Lu,,pu,tzonéi,dichéï,,à,choün,paï,Qu éi,,tén,qué,,ïeu,chayé,,moün,méïtré,,,,et,,qué,,aïe,,,dé,l'erdzen,,O,fo,qué,iëu,,péissé,m'én,nanéi,,et,qué,ieü,véigé,,do,pays,,Pertatzé,votre,béï,et,dounei-,mé,ché,qué,iéü,,dévéi,véi,-,Oui,,moun,fi,,dichéi,lu,paï,coumo,tu,voudreis,,,Tu,ché,,,ün,méïtsant,,,,,,et,tu,,chirès,puni,,Puis,,,dubran,,,cho,tirette,,,o,pertatzé,,soum,béï,et,o,n'én,fagué,douas,perts,,égaléï,,,
NontronAbjatsurBandiat,1,Un,hômé,né vio,,qué,dou,fîs,,Le,,pu,dzôné,dissé,,à,soun,paï,Queï,,tén,qué,,y,sié,,moun,méitré,,,,et,,qué,y,aiyé,,,de,l'ardzen,,Co,fô,qué,y,,petsé,mén,anai,,et,qué,y,vésé,,dô,paï,,Partadzai,votre,bé,et,dounai-,mé,ço,qué,y,,dévé,véï,,Oui,,moun,fî,,dîssé,lu,peï,coumo,tu,voudrais,,,Tu,sés,,,un,meitsant,,,,,,et,tu,,sirais,puni,,Puis,,,drubant,,,uno,tirétô,,,ô,partadzé,,soun,bé,et,,n'én,fagué,duei,parts,,pariérai,,,
NontronSaintEstephe,1,Un,omei,ne vio,,que,doùs,fïs,,Lu,,pu,dzonè,dissè,,a,soun,paï,Qu'eï,,tems,qui,,,siè,,moun,meïtrè,,,,è,,qui,,èyé,,,dè,l'ardzin,,Aù,fàu,qui,,,pétchè,mè,nanès,,et,qui,,vèsè,,dàu,pays,,Partadzès,votré,bè,et,dounnès,mè,co,qui,,,dèvè,veï,-,Oui,,moun,fïs,,dissè,lu,paï,coumma,tu,voudrès,,,Tu,sè,,,un,meïtchant,,,,,,è,tu,,sirès,puni,,E,,,dubrant,,,uno,tiretto,,,àu,partadzè,,soun,bè,é,,n'in,fagué,douès,parts,,pariérès,,,
NontronLaChapelleSaintRobert,1,Un,hommè,n'avio,,què,doux,fii,,Le,,pus,djonè,dissè,,à,soun,paï,Qu'è,,timps,què,,y,siè,,moun,méïtrai,,,,è,,què,,iaïyè,,,de,l'ardjint,,Oo,fôo,què,y,,pétchè,min',nanais,,èt,què,y,vézè,,do,païs,,Partadjais,vôtrè,bè,è,dounais,mè,quoqui,què,y,,dévè,avaiï,,Oui,,moun,fii,,dissè,le,paï,coumo,tu,voudrais,,,Tu,sés,,,un,méïtchant,,,,,,èt,tu,,sirais,puni,,Puis,,,dubrant,,,sa,tirèto,,,ôo,partadjè,,son,bè,è,,n'in,faguè,douais,parts,,pariérais,,,
NontronConnezac,1,Ü,n'hommé,né vio,,qué,doü,fi,,Lü,,pu,jaüné,dissé,,à,soun,paï,Queï,,tein,qui,,,sié,,moun,meïtrei,,,,et,,qué,yei,yei,,,dé,l'eirzein,,,Faü,qu',y,,peschei,mé,n'anei,,et,qué,y,véjei,,d'aü,pay,,Pertazei,votrei,bé,et,dounay-,mé,cho,qui,,,dévei,veï,,Voui,,moun,fi,,dichei,lu,pai,coumo,tu,voudrey,,,Tu,ché,,,ün,meïssant,,,,,,et,tu,,sirey,puni,,Puis,,,drubant,,,ün,tirouer,,,aü,pertazei,,choun,bé,et,,n'ein,fagué,doua,pourcheiü,,pariéray,,,
NontronNontronbis,1,Ün,homé,n'avio,,què,dou,fi,,Lu,,pu,dzôné,dissé,,à,soun,paï,Quéï,,tin,què,,you,siayo,,moun,méïtré,,,,et,,qué,y,ayo,,,dé,l'artzin,,O,fao,qu',y,,pétsé,min,ana,,et,qu'y,,vetzé,,do,paï,,Partadzâ,votré,bé,et,douna,mé,codaqui,qu',y,,dévé,véï,-,Voui,,moun,fi,,dissé,lu,paï,coumo,tu,voudras,,,Tu,sé,,,ün,meïtsan,,,,,,et,tu,,sirâ,puni,,Puis,,,dubran,,,ün,tiroir,,,o,partadzé,,soun,bé,et,,n'in,fagué,doua,par,,pariéra,,,
NontronLussas,1,Un,hômé,né vio,,qué,dous,fîs,,Lu,,pu,dzoné,dissé,,à,soun,paï,Queï,,tén,qui,,,siei,,moun,méitré,,,,et,,qui,,eyé,,,dé,l'ardzen,,O,fo,qui,,,pétsé,m'in,anei,,et,qui,,vaizé,,d'o,payï,,Partadzé,votrei,bé,et,dounné-,mé,ça,qui,,,devei,vai,,Oui,,moun,fî,,dissei,lu,paï,coumo,tu,voudreis,,,Tu,c'est,,,un,meïtsan,,,,,,et,tu,,sireis,puni,,Après,,,drubant,,,uno,tiretto,,,o,partazei,,soun,bé,et,,,fagué,douas,pers,,parièreis,,,
NontronLeBourdeix,1,Unn,hômé,n'évio,,qué,dous,fîs,,Lu,,pu,zoouné,dit,,à,choum,pâï,Quéi,,tim,qué,,,chié,,moun,méïtré,,,,et,,qué,,èié,,,dé,l'arzin,,,Fôou,qué,,,pessé,mé,naner,,et,qué,,vègé,,dô,paï,,Partazè,vôtré,bê,et,dounè-,mé,cho,qué,,,dévé,avéï,,Oui,,moum,fî,,dit,lu,pâï,coumo,tu,voudrè,,,Tu,ché,,,unn,méissom,,,,,,et,tu,,chirrè,puni,,Et,,,ubrin,,,uno,tiretto,,,ôou,partazé,,choum,bé,et,,in,faï,doués,pourchéeus,,pariérés,,,
NontronTeyjat,1,Ün,homé,nè vio,,què,dou,fi,,Lou,,pu,dzönè,dissè,,à,soun,paï,Qu'eï,,tin,qu'y,,,siè,,moun,meïtré,,,,et,,qu',y,ayè,,,dè,l'ardzin,,,Fö,qu',y,,pétsè,m'in,anè,,et,qu'y,,vésè,,dö,paï,,Partadzè,votrè,bè,et,baliè-,mè,co,qu',y,,dévè,veï,,Oui,,moun,fi,,dissè,lu,paï,coumo,tu,voudrè,,,Tu,sé,,,ün,meïtsan,,,,,,et,tu,,sirè,puni,,Pui,,,dubran,,,no,tirèto,,,ö,partadzè,,soun,bè,et,,nin,faguè,douè,pourseü,,eïgödè,,,
NontronSavignacdeNontron,1,Ün,homé,né vio,,qué,dou,fî,,Lu,,pû,djoné,dissé,,à,soun,paï,Qué,,tin,qué,,y,sié,,moun,maîtré,,,,et,,qui,,ayé,,,dé,l'ardjin,,,Fo,qué,y,,peitché,m'in,ana,,et,qué,y,vêzé,,do,pay,,Partatdjèe,vôtré,bé,et,dounâ,mé,co,qué,y,,dêvé,vei,,Oui,,moun,fî,,dissé,lu,paï,Coumo,tu,voudrè,,Y,,s'es,,,un,métchant,,,,,,et,tu,,sirâ,puni,,Puis,,,dubrant,,,ün,tiroir,,,o,partadjé,,soun,bé,et,,n'in,fagué,douâ,pars,,égaudâ,,,
NontronAugignac,1,Un,homé,né vio,,qué,dous,fils,,Lu,,pû,dzôné,dissé,,à,soun,païe,Qu'éï,,tent,qui,,,siaïé,,moun,méïtré,,,,et,,qué,,iaïé,,,de,l'ardzent,,,Fô,qui,,,pétsé,m'en,annè,,et,qui,,veisé,,dô,païs,,Partadzè,votré,bé,et,dounè-,mé,ço,qui,,,dévé,avéï,,Oui,,moun,fils,,dissé,lu,païe,à,to,voulounta,,,Tu,séï,,,ün,méïtsant,,,,,,et,tu,,sirai,puni,,Ensuito,,,dubrant,,,uno,tiréto,,,ô,partadzé,,soun,bé,et,ô,n'en,fagué,douéïs,parts,,égaleis,,,
NontronSaintMartialdeValette,1,Ün,hômé,n'avio,,qué,dous,fîs,,Lu,,pûs,dzôné,dissé,,à,soun,paï,quéi,,tén,qué,,ieu,sié,,moun,méitré,,,,et,,qué,ï,ayé,,,dé,l'ardzén,,,Fo,qué,ieu,,peitsé,m'én,anas,,et,qué,ieu,vésé,,do,paï,,Partadza,votré,bé,et,dounas-,mé,cé,qué,ieu,,dévé,ayé,,Oui,,moun,fî,,dissé,lu,paï,coumo,tu,voudras,,,Tu,sés,,,ün,métsant,,,,,,et,tu,,siras,puni,,Puis,,,dubrant,,,uno,tiréto,,,o,partadzé,,soun,bé,et,,én,fagué,douas,pourcî,,égalas,,,
ChampagnacdeBelairQuinsac,1,Un,hommé,néa vio,,qué,doux,fi,,Lu,,pû,jéoüné,dissé,,à,soun,paï,Queï,,tim,qué,,yeuu,sio,,moun,meïtré,,,,et,,qué,,ëyo,,,dé,l'arzin,,,Faou,qué,yeuu,,pécho,mé,nanéa,,et,qué,yeuu,vézo,,daö,pay,,Partagéo,votré,bé,et,dounéa,mé,sa,qué,yeuu,,dévé,veï,,Oui,,moun,drolé,,dissé,lu,paï,coumo-tu,,voudréa,,,Tu,sè,,,un,meycent,,,,,,et,tu,,sirea,puni,,Pey,,,dubrant,,,uno,tiretto,,,oau,partagé,,soun,bé,et,,n'in,fagué,düea,parts,,eygalès,,,
ChampagnacdeBelairChampagnacdeBelair,1,Un,omè,n'avio,,qè,dou,fî,,Lu,,pu,zoounè,dissè,,à,soun,paï,Qèï,,tin,qè,,you,sio,,moun,mèïtrè,,,,é,,qè,y,êïè,,,dè,l'èrzin,,,Foou,qè,you,,pécè,m'in,anê,,è,qè,you,vésè,,d'oou,paï,,Pèrtazè,votrè,bè,è,dounê-,mè,sa,qè,you,,dévè,vêï,-,Vouï,,moun,fî,,dissè,lu,paï,coumo,tu,voudrê,,,Tu,sé,,,un,mèïçan,,,,,,è,tu,,sirê,puni,,Apré,,,druban,,,un,tiroir,,,oou,pèrtazè,,soun,bè,è,,in,faguè,douâ,pourséü,,èïgalê,,,
ChampagnacdeBelairLaChapelleFaucher,1,Un,homé,n'ovio,nouma,,doux,fis,,Lou,,pu,zoouné,diché,,o,choun,paï,eï,,tin,què,,diou,chio,,moun,méitré,,,,è,,què,diou,ayo,,,dè,l'arzin,,Éou,fooù,què,diou,,pésso,m'in,ona,,è,què,diou,vézo,,d'oou,poyi,,Partozas,votrè,bè,è,dounas,mè,chò,què,diou,diou,dévè,oyèi,,O,,moun,fis,,diché,lou,paï,coumo,tu,voudras,,,Tu,ché,,,un,méisson,,,,,,ét,tu,,chiras,puni,,Péi,,,drubon,,,uno,tiretto,,,éou,partozè,,choun,bé,é,,n'in,fogué,douas,pourtioùs,,éigolas,,,
ChampagnacdeBelairSaintPancrace,1,U,nomé,né vio,,qué,dou,fî,,Lu,,pu,tzoouné,diché,,à,choun,paï,Qu'éi,,tein,qué,,yeü,chièyo,,,méitré,,,,é,,qué,,yèyo,,,dé,l'artzein,,Quo,foou,qué,yeü,,pétzo,mé,nanè,,é,qué,yeü,vétzo,,doou,payi,,Partatzè,votré,bé,é,dounè,mé,tcha,qué,yeü,,devé,yéi,,Voui,,moun,fî,,diché,lu,paï,coumo,tu,voudrè,,,Tu,chè,,,ün,méitzan,,,,,,é,tu,,chirè,puni,,Pui,,,ubrein,,,uno,tiréto,,,oou,partatzé,,choun,bé,é,,nein,fagué,duè,pourcheü,,éigalè,,,
ChampagnacdeBelairCondatsurTrincou,1,Un,homé,n'ovio,,qué,dous,fils,,Lou,,plus,tzauné,dissét,,a,soun,paï,Quéï,,timps,qué,,iou,sio,,moun,méïtré,,,,et,,qué,iou,aïo,,,de,l'ortzint,,,Fauou,qué,iou,,pétzo,m'in,ona,,et,qué,iou,véso,,dauou,poïs,,Portotza,votré,bé,et,douna-,mé,so,qué,iou,,dévé,ovéï,,Oui,,moun,fis,,dissét,lou,paï,coumo,tu,voudras,,,Tu,sés,,,un,méïtzont,,,,,,et,tu,,seras,puni,,Péïprès,,,durbit,,,uno,tiretto,,,et,portotzét,,soun,bé,et,,nin,foguét,douas,poursious,,éïgalas,,,
ChampagnacdeBelairBoulouneix,1,Un,homé,n'avio,,qué,dou,fils,,Lu,,pu,zoüné,diché,,à,soun,paï,Queï,,temps,qué,,y,sio,,moun,maïtré,,,,et,,qué,y,ayé,,,de,l'erzent,,,Faut,qué,you,,péisé,men,anà,,et,qué,you,véijé,,dau,pays,,Pertazas,votré,bé,et,douna,mè,cho,qué,you,,dévé,aveï,,Oui,,moun,fils,,diché,lu,paï,coumo,tu,voudras,,,Tu,ché,,,un,meïsant,,,,,,et,tu,,chiras,puni,,Puïs,,,dubrant,,,un,tiroir,,,eü,pertazé,,soun,bé,et,,nen,faguet,douas,pourcheüs,,eigalas,,,
ChampagnacdeBelairChampagnacdeBelairbis,1,Ün,ommé,n'ovio,,qué,dous,fis,,Lou,,pu,tzônné,dit,,o,soun,paï,Eï,,tin,qué,,,siaï,,moun,méitré,,,,é,,qué,,aï,,,dé,l'artzin,,Eou,fôou,qué,,,pessi,mén,ona,,é,qué,,vézi,,déou,paï,,Partaza,vôtre,bé,et,douna-,mé,so,qué,,,dévi,obéï,-,Vouï,,moun,fi,,di,lou,paï,coumo,tu,voudras,,,Tu,sès,,,ün,méïssant,,,,,,é,tu,,siras,puni,,Insuito,,,ouvrin,,,soun,tiroir,,,éou,partazé,,soun,bé,é,,né,fé,douas,poursious,,égalas,,,
ChampagnacdeBelairChampagnacdeBelairter,1,Un,hommé,n'avio,,qué,dou,fi,,Lu,,pu,joué,disé,,à,soun,païe,Queie,,tin,qué,,yeue,sio,,moun,maïetrei,,,,et,,qué,,yèyé,,,de,l'ergin,,Quo,foë,qué,yeue,,péché,m'in,anè,,et,que,yeue,vézé,,do,paï,,Pertagè,votré,bé,et,dounè-,mei,ça,qué,yeue,,dévé,aveie,-,Voui,,moun,fi,,disei,lu,païe,coumo,tu,voudrè,,,Tu,sé,,,un,meïchan,,,,,,et,tu,,sirè,puni,,Puis,,,druban,,,uno,tiréto,,,se,pertageï,,soun,beïe,et,,n'in,fagué,doua,poursé,,eïgalè,,,
BussiereBadilPiegutPluviers,1,ün,n'hômè,nè vio,,què,dou,fî,,Lu,,pû,dzonè,dîssè,,à,soun,païe,Qu'éi,,teim,què,,i,siè,,moun,méïtrè,,,,et,,què,i,iêiè,,,dè,l'ardzin,,Qua,fô,què,i,,péïtsè,m'in,n'anê,,et,què,i,vésè,,do,päyi,,Partadzê,vôtrè,bè,et,dounê-,mè,co,qué,i,,dévè,véî,,Voui,,moun,fî,,dîssè,lu,païe,coumo,tu,voudrê,,,Tu,sé,,,ün,méitsant,,,,,,et,tu,,sirê,puni,,Puis,,,dubrant,,,uno,tirèto,,,o,partadzè,,soun,bè,et,,n'in,faguè,douê,parts,,pariérê,,,
BussiereBadilBusserolles,1,Ün,hommé,n'avio,,qué,dou,fi,,Lu,,pu,dzoné,dissé,,à,soun,paï,Quéï,,tën,qué,,y,sié,,moun,méïtré,,,,et,,qué,y,éyé,,,dé,l'ardzen,,O,fogué,,y,,pétsé,m'ën,ané,,et,qué,y,védzé,,do,paÿi,,Partadzé̱,votré,bé,et,douné̱,mé,quo,qui qué,,,dévé,véï,-,Oui,,moun,fi,,dissé,lu,paï,coumo,tu,voudré̱,,,Tu,sé,,,ün,méïtsan,,,,,,et,tu,,siré̱,puni,,Pui,,,drubant,,,uno,tiréto,,,o,partadzé,,soun,bé,et,o,n'ën,fagué,duè,pourseü,,éïgalé,,,
BussiereBadilÉtouars,1,Ün,omé,né,vio,noumè,doû,fî,,Lu,,pû,dzoouné,dicé,,à,soun,paï,Queï,,tén,qu'y,,,sié,,moun,meïtré,,,,et,,qu',y,èyé,,,dé,l'ardzén,,,Foou,qu',y,,pétsé,m'én,anè,,et,qu'y,,vésé,,doou,paï,,Partadzè,vôtré,bé,et,baillè-,mé,co,qu',y,,dévé,veï,,Oui,,moun,fî,,dicé,lu,paï,coumo,tu,voudrè,,,Tu,sé,,,ün,meïtsan,,,,,,et,tu,,sirè,puni,,Pui,,,ubran,,,uno,tiréto,,,oou,partadzé,,soun,bé,et,,nén,fagué,douè,par,,pariérè,,,
BussiereBadilChampniersetReilhac,1,Un,hômè,nè,vio,què,dou,fî,,Lu,,pu,tzoounè,dissè,,à,soun,pâï,Quèï,,tin,qu'y,,,schio,,moun,mèïtrè,,,,è,,què,y,èïè,,,de,l'artzin,,Qu'a,foou,qu',y,,pétzè,m'in,anè,,è,què,y,véjé,,doou,paï,,Partatzè,votrè,bè,è,dounè,mè,co,qu',y,,dèvè,vèï,-,Oui,,moun,fî,,dissè,lu,pâï,coumo,tu,voudrè,,,Tu,sé,,,un,mèitzan,,,,,,è,tu,,sirè,puni,,Puis,,,ubran,,,uno,tiretto,,,oou,partatzè,,soun,bè,è,,n'ïn,faguè,douè,part,,èïgalè,,,
BussiereBadilSoudat,1,Un,homé,né,vio,qué,dous,fis,,Lu,,pu,dzoné,dissé,,à,soun,paï,qu'ei,,tem,qu'i,,,sié,,moun,meitré,,,,et,,qu',i,eyé,,,dé,l'ardzen,,O,fo,qu',i,,petsé,mé,nané,,et,qu'i,,vésé,,do,pays,,Partadzè,votré,bé,et,dounè,mé,coqui,qu',i,,dèvé,vei,,Ho Plo,,moun,fis,,dissé,lu,paï,coumo,tu,voudrès,,,Tu,sés,,,un,meitsan,,,,,,et,tu,,sirès,puni,,Et puis,,,dubren,,,no,tiretto,,,o,portadzé,,soun,bé,et,,n'en,fit,douès,parts,,pariérès,,,
JumilhacleGrandSaintJorydeChalais,1,Ün,ômé,n'avio,,qué,dou,fî,,Lu,,pu,zoouné,dissé,,à,soun,paï,Qu'eï,,tin,qué,,,sio,,moun,méïtré,,,,é,,qué,,iéïé,,,de,l'ardzin,,,Foou,qué,ieü,,péso,m'in,anè,,é,qué,ieü,védzo,,doou,paï,,Partazè,vôtré,bé,é,dounè-,mé,sé,qué,ieü,,dévè,avéï,-,Oui,,moun,fî,,dissé,lu,paï,coumo,tu,voudrè,,,Tu,sé,,,ün,méïsan,,,,,,é,tu,,sirè,puni,,Pui,,,druban,,,uno,tiretto,,,oou,partazè,,soun,bé,é,,n'in,fagué,dué,pourcéü,,éïgalè,,,
JumilhacleGrandChalais,1,Ün,hômé,n'aïo,,qué,doû,fî,,Lu,,pû,dzoouné,dîcé,,à,soun,paï,Eï,,tin,qué,,,sio,,moun,méïtré,,,,é,,qué,,ièïo,,,dé,l'ardzin,,,Foou,qué,ieü,,pêtso,m'in,onè,,é,qué,ieü,védzo,,doou,payi,,Partazê,votré,bé,é,douné-,mé,ça,qué,,,dêvé,véï,-,Oui,,moun,fî,,dissé,lu,paï,coumo,tu,voudrè,,,Tu,sê,,,ün,méïtsan,,,,,,é,ti,,sirè,puni,,Pui,,,druban,,,no,tiretto,,,oou,partadzé,,soun,bé,é,,n'in,fagué,dué,pourcéü,,éïgalè,,,
JumilhacleGrandSaintPierredeFrugie,1,Hum,hommé,n'ovio,,qué,dous,fïs,,Lu,,,cadet,dïset,,ho,soun,paï,Quey,,timps,qué,,you,sayé,,moun,meïtré,,,,hèt,,qué,,ïayé,,,dé,l'argint,,,,,You,,vôlé,mein,nonas,,,per,,veïré,,daoûs,poïs,,Pertogeas,votre,bé,het,dounnas-,mé,so,qué,you,,dêvé,vey,-,Oui,,moun,fïs,,dïset,lu,paï,coummo,tu,voudras,,,Tu,sez,,,hum,meïchim,,,,,,het,tu,,siras,puni,,Hoprès,,,drubri,,,uno,tiretto,,,het,partojet,,soun,bé,het,,nein,foguet,douas,parts,,poriéras,,,
JumilhacleGrandSaintPriestlesFougeres,1,Ün,ômé,n'ayo,,noumè,dôu,fî,,Lu,,pû,dzôné,dîssé,,à,soun,paï,Quéï,,tin,que,,yeu,sio,,,méïtré,,,,et,,qué,,yèyo,,,de,l'ardzin,,Quo,fô,que,yeu,,pe̋tsé,min,nanè,,et,qué,yeu,ve̋dzé,,dô,paÿ,,Partadzè,vôtré,bé,et,dounè-,mé,quo,qué,yeu,,dévé,véï,-,Oui,,moun,fî,,dîssé,lu,paï,coumo,tu,voudrè,,,Tu,se̋,,,ün,méïtsan,,,,,,et,tu,,sirè,puni,,Apre̋,,,druban,,,üno,tiréto,,,ô,partadzé,,soun,bé,et,,nin,fagué,duè,pourceu,,parie̋ré,,,
JumilhacleGrandMontcigoux,1,Un,hommei,novio,queï,,doux,fils,,Lou,,pus,jaonei,dissei,,à,soun,paï,Queï,,teimps,qué,,diou,sio,,moun,meïtrei,,,,et,,quei,diou,ayé,,,dé,l'argeint,,Lo,fao,quei,diou,,peussei,m'ein,anas,,et,quei,diou,vései,,dao,poys,,Partogeas,votrei,bei,et,dounnas,mei,ço,quei,diou,,dévei,aveï,-,Oui,,moun,fils,,dissei,lou,paï,coummo,tu,voudras,,,Tu,c'est,,,un,meïchant,,,,,,et,tu,,siras,puni,,Puis,,,dubrant,,,un,tiroir,,,ao,partogei,,soun,bei,et,ao,,faoguei,douas,pourcéeux,,eïgolas,,,
JumilhacleGrandSaintPaullaRoche,1,Un,ôme,n'oio,,noumé,doû,fi,,Lu,,pû,dzouné,dissé,,à,soun,pâï,Quéi,,tin,que,,yeuï,sio,,moun,méitré,,,,é,,qué,yeui,éyé,,,de,l'ardzin,,,Foou,qué,yeui,,pétché,m'in,anè,,é,qué,yeui,vézé,,doou,païs,,Partadzé,vôtre,bé,é,douné,mé,cé,qué,yeuï,,dévé,véï,-,Oui,,moun,fi,,dissé,lu,pâï,coumo,tu,voudrè,,,Tu,sé,,,ün,méitchan,,,,,,é,tu,,siré,puni,,Pui,,,druban,,,ün,tiroir,,,oou,partadzé,,soun,bé,é,,n'in,fagué,duè,pourseuï,,éigalè,,,
JumilhacleGrandJumilhacleGrand,1,Un,homè,n'oyò,,què,dou,fis,,Lu,,pu,jaunè,dîcè,,à,soun,paï,Ey,,ten,què,,,siò,,moun,maïtrè,,,,et,,què,yo,èyè,,,dè,l'arjen,,,Faou,què,yo,,pésè,m'en,ané,,et,què,yo,véjè,,daou,payi,,Partajè,vôtrè,bè,et,douné-,mè,çò,què,yo,,dèvi,avey,-,Oui,,moun,fis,,dicè,lu,paï,coumò,tu,vôudré,,,Tu,sé,,,un,meyçon,,,,,,et,tu,,siré,puni,,Puis,,,drubant,,,un,tiroir,,,o,partagè,,soun,bè,et,,n'en,foguè,doua,pourtiou,,eygolè,,,
JumilhacleGrandSaintPierredeFrugiebis,1,Un,hommoe,n'obio,,que,douïs,gorçoüs,,Lou,,püs,chouïsne,diguèt,,ô,soun,pay,Es,,ten,que,,,siasqui,,,mèstre,,,,et,,que,,achiï,,,de,l'orchent,,,Fal,que,,,,m'en,angui,,et,que,,bichiï,,déoü,poïs,,Portocha,vostro,fourtuno,et,douna,meï,ço,que,,,dibi,ôbe,,Oui,,moun,fil,,sdiguèt,loü,pay,Coumo,tu,boudra,,,,Sey,,,un,moïchant,,,,,,et,tu,,soëras,puni,,Ensuito,,,drubiguèt,,,soun,tirodou,,,,,,,,,,,fès,douos,pourtiïs,,egaloïs,de,so,fourtuno
JumilhacleGrandLaCoquille,1,N',hômé,n'oïo,,qué,dou,fî,,Lu,,pû,zôoné,dissé,,à,soun,paï,Qu'éï,,tin,qué,,,sio,,moun,méïtré,,,,et,,qu',,aiïo,,,dé,l'arzin,,,Fôo,qué,,,péïsson,m'in,anei,,et,qué,,vézo,,d'ôo,paï,,Partazai,vôtré,bé,et,dounai-,mé,cé,qué,,,dévé,véï,-,Oui,,moun,fî,,dissé,lu,paï,coumô,tu,voudrai,,,Tu,séï,,,un̈,méïtchan,,,,,,et,tu,,sirai,puni,,Après,,,druban,,,no,tiréto,,,ôo,partazai,,soun,bé,et,,n'in,fagué,duai,par,,pariérai,,,
LanouailleSarlande,1,Ün,omé,n'oyo,nouma,,dou,fi,,Lou,,pu,zoouné,dissè,,à,soun,paï,Queï,,teïn,qué,,you,sio,,moun,méïtré,,,,è,,qué,you,ayé,,,dé,l'arzén,,Quey,teïn,qué,you,,pésso,m'én,ana,,è,qué,you,vézo,,déou,payi,,Partaza,votré,bé,è,douna,mé,so,qué,you,,dévi,oyéï,,Oui,,moun,fi,,dissè,lou,paï,coumo,tu,voudra,,,Tu,sè,,,ün,méïssan,,,,,,é,tu,,sira,puni,,Puis,,,dreïban,,,uno,tireto,,,sè,pertazè,,soun,bé,é,,n'en,faguè,doua,pourssiou,,pariera,,,
LanouaillePayzac,1,Ün,homé,n'oyo,ma,,dou,fis,,Lou,,pu,zooüné,dissé,,o,soun,paï,Eï,,tin,qué,,,sio,,moun,meïtré,,,,è,,qué,,ayo,,,dé,l'arzin,,,Fooü,qué,,,peusso,m'in,ona,,è,qué,,vézo,,dooü,poyi,,Partoza,votré,bé,è,douna,mé,ço,qué,,,dévi,aveï,-,Ô,,moun,fis,,dissé,lou,paï,coumo,tu,voûdras,,,Tu,sé,,,ün,meïson,,,,,,è,tu,,sirâs,puni,,Opré,,,drubon,,,uno,tiréto,,,,partozé,,soun,bé,è,,n'in,fogué,doua,poursioü,,porieïra,,,
LanouailleSaintCyrlesChampagnes,1,Un,homé,n'ovio,mâ,,doû,fir,,Lou,,pu,jooûné,diché,,ô,choun,paï,Eï,,tim,qué,,,chio,,moun,méïtré,,,,et,,qu',,aïé,,,de,l'argint,,,Fooû,qué,,,pécho,m'in,onâ,,et,qué,,véjo,,dôoû,poys,,Partogeas,votré,bé,et,dounâ,mé,cho,qué,,,dévi,oïéï,-,Oui,,moun,fir,,dîché,lou,paï,coumo,,voudras,,,Tu,ché,,,un,méïchon,,,,,,et,tu,,chirâ,puni,,Puis,,,in drubis,,,un,tiroir,,,éü,partogé,,choun,bé,et,,n'in,fogué,douâ,pourchîs,,éïgolas,,,
LanouailleAngoisse,1,Un,homè,n'ovio,nouma,,dou,fi,,Lou,,pu,dzoounè,dissè,,o,soun,paï,Quèï,,tin,què,,you,sio,,moun,mèitrè,,,,è,,qu',,aïè,,,dè,l'ardzin,,,Foou,què,you,,peutsè,m'in,ona,,è,què,you,védzè,,doou,poï,,Partodza,votrè,bè,è,douna-,mè,ço,què,you,,dévi,ovèi,,Oui,,moun,fi,,dissè,lou,paï,coumo,tu,voudra,,,Tu,sé,,,un,mèitson,,,,,,è,tu,,sira,puni,,D'oqui,,,drubon,,,un,tiroir,,,oou,partodzè,,soun,bè,è,,n'in,foguè,doua,poursiou,,èigola,,,
LanouailleNanthiat,1,Un,hommé,n'avio,,qué,doux,fils,,Lu,,pus,dzöné,ditsé,,à,soun,paï,éï,,tèmps,qui,,,tsié,,moun,méïtré,,,,et,,qui,,ayé,,,dé,l'ardzèn,,,Foö,qui,,,petsé,m'èn,anna,,et,qui,,veizé,,d'oö,païs,,Partadzas,votré,bé,et,dounas,mé,cé,qui,,,dévé,avey,-,Oui,,moun,fils,,ditsé,lu,paï,coummo,tu,voudras,,,Tu,tsé,,,un,méïtsèn,,,,,,et,tu,,siras,puni,,Puis,,,ubrant,,,un,tiroir,,,oö,partadzé,,soun,bé,et,,èn,fagué,douas,pourtseüs,,égalos,,,
LanouailleDussac,1,U,nomé,n'ovio,nouma,,dous,fi,,Lou,,pu,tzooüné,dichè,,o,choun,paï,èy,,ten,qué,,you,chio,,moun,meytré,,,,èt,,qué,you,ayé,,,dé,l'arzen,,Et,fooüt,qué,you,,peutcho,m'en,nona,,èt,qué,you,vezzo,,doü,poï,,Partozza,vôtré,bé,et,douna-,mé,cho,qué,you,,dévi,ovey,-,o,,moun,fi,,diché,lou,paï,coumo,tu,voudras,,,Tu,ché,,,un,meytchont,,,,,,èt,tu,,chiras,puni,,Oprès,,,drubigué,,,un,tiroir,,,éoü,partozzé,,choun,bé,èt,,n'en,fogué,douas,pourcioüs,,poriéras,,,
LanouailleLanouaille,1,Un',homé,n'ovio,noumâ,,dôu,fî,,Lou,,pû,zoounè,dissè,,o,soun,paï,Eï,,ten,què,,you,sio,,moun,meïtrè,,,,è,,què,you,ayè,,,dè,l'arzen,,,Foou,què,you,,peussè,m'in,onâ,,è,què,you,vézè,,d'oou,poïs,,Partozâ,votrè,bè,è,dounâ-,mè,so,què,you,,dévi,oveï,-,O,,moun,fî,,dissé,lou,paï,coumo,tu,voudrâs,,,Tu,cé,,,un,meïchont,,,,,,è,tu,,siras,puni,,Puis,,,druban,,,so,tiréto,,,eou,partozè,,soun,bè,è,,n'in,foguè,douâs,parts,,poriéras,,,
LanouailleSarrazac,1,Un,homé,n'oïo,nouma,,dous,fis,,Lu,,pu,tzoouné,disset,,o,soun,paï,Eï,,tein,qué,,you,sio,,moun,meytré,,,,et,,qué,you,ayé,,,de,l'artzein,,,Foou,qué,you,,peitzo,m'ein,ana,,et,qué,you,vétzo,,doou,payi,,Partatza,votré,bé,et,douna-,mé,so,qué,you,,dévi,yeï,,Ho,,moun,fils,,disset,lou,paï,coumo,tu,voudras,,,Tu,sez,,,un,méïtzant,,,,,,et,tu,,siras,puni,,Puis,,,drubant,,,so,tiretto,,,éou,portotzé,,soun,bé,et,,n'ein,foguet,douas,parts,,pariéras,,,
LanouaillePayzacLavergneGaillaud,1,Un,hommé,n'oyo,,qué,doux,fils,,Lou,,pus,zaunei,dichait,,eo,chou,paë,Ey,,tin,qué,,diao,chio,,moun,meitré,,,,et,,qué,diao,ayié,,,dé,l'argein,,,Fôt,que,diao,,peusso,m'ein,oneä,,et,qué,diao,veizo,,dao,pëoyis,,Partozea,votré,bei,et,douna-,mei,ché,qué,diao,,dévi,ayiai,-,Oui,,moun,fils,,dichait,lou,paë,coumo,tu,voudras,,,Tu,chéi,,,un,meissont,,,,,,et,tu,,chiras,puni,,Puis,,,drubant,,,choun,tiroir,,,eo,partogeait,,choun,bei,et,,n'ein,foguait,douaes,pourtieux,,pariéras,,,
LanouailleSaintSulpicedExcideuil,1,Un,omè,n'ôvio,ma,,dous,fis,,Lou,,pu,jaoûnè,dissè,,o,soun,paï,eï,,tin,que,,diou,siô,,moun,meïtrè,,,,è,,què,diou,aïè,,,dè,l'arzin,,O,faô,què,dioû,,peussè,mè,nonà,,è,què,diou,vèzè,,daô,podys,,Partodzà,vôtrè,bè,è,douna,mè,sô,què,diou,,dèvï,odieï,,O,,moun,drôlè,,dissè,lou,paï,coumo,tu,voudras,,,Tu,sé,,,ün,meïtson,,,,,,è,tu,,siras,puni,,E,,,drubon,,,üno,tirètto,,,eü,partodzè,,soun,bè,è,,nin,foguè,douas,parts,,poriras,,,
